sample_id,official_seq_index,token_id,char_start,char_end,raw_text_substring,official_row_sha256,reconstructed_row_sha256,row_cosine,row_mean_absolute_error,row_max_absolute_error,strict_verified_within_1e-4
01,1,6419,0,9,Replacing,6bd46c424501346fc71ab3036cb012291718f9af3fe9a5c387477d87f5a6779f,80b41053163a0e350a78a189b78d30bc126a67f1568680ce402cd7eeb213616e,0.9999999999990313,5.345497508339273e-07,2.6226043701171875e-06,True
01,2,2122,10,15,these,61277dc4e7e601501de8fa7fc78e04d265418daced42e8c9d138dc14d92bc16c,003f48adc06a7f591ebec54e1cc1b84420066539bdae4f0773099bb7a05d78dc,0.9999999999987841,6.059141621032419e-07,2.5331974029541016e-06,True
01,3,4929,16,20,wear,c66032923d350396ccfce0a01814055a6a10c1d8c56c5b3f879b85033dcbcc6f,95688ed9eca872a757af14f801e7afce4d4dacca48037d392767098b8b38ef78,0.999999999998627,6.591047470768293e-07,4.649162292480469e-06,True
01,4,6177,21,31,components,84250f51c0b28ba1a358fbe35e321a3b6146617b4b4e74ef91080625d88bb7e8,edd4dc272df40f7958956e5b3769d4787b51927f4118391c5479115d2861517c,0.9999999999985628,6.81717210682109e-07,2.86102294921875e-06,True
01,5,2043,32,36,when,6c980e383444d2f8f3f4d8641df3a926e0685c10d2c132540e86a16a981e47a3,ff7379320aad5e8bb92e17f126a7fe5c708ef52802def5e9bb643b82444465d2,0.9999999999988884,5.875560115479553e-07,2.205371856689453e-06,True
01,6,6419,37,46,replacing,2ba139f5325f975399b4afdd53ab4ba97d6e35e00bb093622e3f6cf7eb40e6ea,830bb140a2b97c45c8ed26b3ceab5895bdb20e1bb580558e5169ea6ef3d7e6c9,0.9999999999990786,5.36809845167833e-07,2.2202730178833008e-06,True
01,7,1996,47,50,the,97616187adbd7cfe49a1ee9cc172f81b52e085682186e5c79eb4a68165a0bebe,3ae79d940dfb674a9c1809cbe8a4cf8da480925746b169305b35e8c378b0ea11,0.9999999999991385,5.396347357115397e-07,2.5033950805664062e-06,True
01,8,10984,51,57,timing,f06d4c5996935e5755413443b3bf9305209783b474c3d6e59bd354d9834a84da,349902f50f0af5960ab640184828912b5adee6a8d8e9f7c24e850a5204da9e12,0.9999999999989809,6.082397400556753e-07,3.337860107421875e-06,True
01,9,5583,58,62,belt,aa73db53ac898badf1c26506d6ff6307d99c7dedba1dd1cfcc3ed28c698d675d,8b9b21ecfc130a52ff0f8b3bf8505eb388e33588eeddf6344c9750815996b917,0.9999999999989596,5.786265925659487e-07,2.2649765014648438e-06,True
01,10,2003,63,65,is,6124fd5f38af730802e609f30c8ce4ab1d7225dd6bcb5258345f4849b42a164a,53c23536720651b35d1fbbb8d8da63d74a9fb4ff0b16dd2f8ef3b421939096f2,0.9999999999991083,5.99227860220708e-07,2.6226043701171875e-06,True
01,11,6827,66,75,essential,07c30c3c5dc634a83c78b96532d92b1e2c533f6c60f8d197ea90f4f4ce0d2d54,afa7d7cd41417e3092848380453e2984c3abedfae55c0b266a8bff51bee38c3b,0.9999999999989154,6.428169096276785e-07,2.9355287551879883e-06,True
01,12,2000,76,78,to,8898cf496d917fba87db32feb9c205d5ce3e71064461218ed93690820c4d3b41,631c420c28303fc74c41b2228326250be696bbc0a9a188947291c3af1d2815fa,0.999999999999221,5.75884769205004e-07,2.384185791015625e-06,True
01,13,12725,79,87,ensuring,7a7c3b4a0bb16dac17e790483861dbd25e9de91a7d92a0d5c3ce35ef9f2d3be3,a094c1cc592d3677f0da6990222b4fa00ebefca8e0fba09e4faf7c1ecd6e91bb,0.9999999999989682,6.223920839450633e-07,2.4437904357910156e-06,True
01,14,1996,88,91,the,1e31fa20d4dd45e0be6b0fff8cc376159d6d5bb33363e11f793fe89903e373ea,43064e958b056a951a4c487314081a8ec970fefbd1d51df55d153eba3cebc775,0.9999999999989605,5.863973152978966e-07,4.291534423828125e-06,True
01,15,2047,92,95,new,85eee6f9031cd0b7d763e6dd7c9361d355a63ba8c69c0f08c4c74fd98fac95ac,ada6ca1b1b5168928d2225dd52886c4989b5565f78150a9c86e0db734a012748,0.9999999999990655,5.191832315176725e-07,2.384185791015625e-06,True
01,16,5583,96,100,belt,d99282bad7cd50f8b2420cbff0ede2ca7867b9b23ad40d5e275809bd8a3fb70f,1954d3f6047a6546b05cea00a385b65309fd09bcc76d1504cf04e0c75c22abe7,0.999999999998855,5.863445646051938e-07,2.7418136596679688e-06,True
01,17,10438,101,109,performs,d4ab20a172634780da65ea11c6c6126d67ea26c4473ac1132d7e3b72f731ed86,d23b767e2d85dba8d48df68142950c1bbb9c80834e90cc930cefb4c74e1b1cb5,0.9999999999993392,4.517150955507532e-07,1.9073486328125e-06,True
01,18,2000,110,112,to,9952a6f866ae94465a86fd2c941e8b4b04b15079097ea4a927c16b713b8c9f6d,a7bb7a9f055e14201c1e41367875bf4804d0ed321aebb407874b46df7f34e2d3,0.9999999999990907,5.583994303985188e-07,3.814697265625e-06,True
01,19,2049,113,116,its,3f9ae81c52f727a95baca1e8d05ec969b3b402668803fef8004459a4cc29bb1e,6558b4c858e9a5fb52910162149fb2342b84044ff84e555d8f3fd6be0b551323,0.9999999999988395,6.005417768998692e-07,2.562999725341797e-06,True
01,20,3542,117,121,mile,a080d257576d56709376f3268a856a182c6538460c4bbe766bdf23f9828481d3,9738f0e9d6e5c978f7348a2795a732d3b975009d93ab90856ebf3eaba08df2ce,0.9999999999986394,7.764926219048599e-07,3.248453140258789e-06,True
01,21,4270,121,124,age,d4a33b513eb7a70d892fa2d8e22535dc2ecf8d64a4901e5cc40f41a41686e49c,4b4d7501bdd3ca236efb0e1f2faddc225b8802d356aab347800ce1ccbbed1900,0.9999999999984128,7.45421857573092e-07,2.9206275939941406e-06,True
01,22,5918,125,137,requirements,00c890149e33a99cb08231016ebd6e48070a9ecd43467979a6a5542a60f20f19,1c1490ebbbaa7880614812999d0ef8605f2ab62fa062e18d4da2a1641487ea36,0.9999999999960242,1.0261076871150483e-06,4.827976226806641e-06,True
02,1,2057,0,2,We,ae6da7194e74d7077b0c540ed89df7ed4e3ee2219fbf7b1d3fe2c97aa71daa1f,226267cb6d04a9c085cbb9e829c735a04aaf265c533b671c643b119b86a2e58e,0.999999999999154,5.608878079025695e-07,2.86102294921875e-06,True
02,2,2215,3,7,want,3975792adbbb12902e0afe6963961864f0fdb6f29573fabf792d3d56c5081c62,2b273ea6c1351870d3ac2c44c8abd139bf55801664de45ff74cc6e03584b3599,0.9999999999986088,6.556753457213441e-07,2.9802322387695312e-06,True
02,3,2000,8,10,to,cb9c7cf6ec7fae9fb486dab55cc5f9c11a267756d7ee80b2ecce6c1a49079592,319846cf18c3b57005059c473e3262f6ac886090224c25a9ed6e4dcbef217742,0.9999999999989526,6.018993493247157e-07,3.337860107421875e-06,True
02,4,2444,11,15,live,8752d33afffd6a460efa57f00d1a7d787fbd8ed97c2b90b9085ac9eef183b7d6,27b99716887a46d0d295310ef7c4563d4fa42205c03e1b79d95bc76dbb3667a4,0.9999999999990098,5.669735401170328e-07,2.5033950805664062e-06,True
02,5,2011,16,18,by,0530b83afc60aec94a51082923bbd1e71cd6ba9719f77c6bbf00b419386a1904,e468dcc9f3b468ccd6fc6f40460a5ef8132379362e6387fa8f673fa7428a5040,0.9999999999989253,6.415308841193715e-07,3.814697265625e-06,True
02,6,2169,19,23,each,bdbfad95915d6228981508cccb2f15f7a8e521b70bf753195573e637a8a5da8e,304b5422bb4860c51f56649ffdad21fbc6af5e5fe13516389037296f93f80672,0.9999999999988732,6.936112792269947e-07,3.5837292671203613e-06,True
02,7,2060,24,29,other,0b8a6770da90bddf43450b1711334602e1240d1fdb66c2efc9d44374632de1f4,339f0493c7f83e7635f7b4ea715e88d395554cca7891182ec991fe0b15340e96,0.9999999999986953,7.871894922573119e-07,4.0531158447265625e-06,True
02,8,1521,29,30,’,b1e0f40b6f375ed7ef5cc49902d94c934434852b33ea5341c2e29ff1d5ca82fa,1f1e3ef6661f591df11244ce1845e587a6fe92deb4d29b3f143c8ddc9aa510df,0.9999999999991828,4.917486270035928e-07,2.0265579223632812e-06,True
02,9,1055,30,31,s,8038d4ca583efc848ffc34fb9fbf5934b4b22be30d98f4ecc8f504f98a2449ac,124f575da917221c81f6bbf38cb7713e42a751ff8d438b40ad3c1e3737e45f50,0.9999999999991299,5.880559304690299e-07,3.0994415283203125e-06,True
02,10,8404,32,41,happiness,c1b88512f4e377d983a1be8610908e1ccdca2d82be8d5cf2aa3d92eabfe5709e,b81f27ef75b4247fef5ff12ab0db020fc659e63bfea69a99de950ec5659a3d8e,0.999999999999265,4.453734921601911e-07,1.9073486328125e-06,True
02,11,1011,42,43,-,7bceaf226a21545358665cd22a622b47cf857d46b5f30bc6e7f3fe682579ffa0,d463f3d135e94154f7ad049a37e61275ac9a6b4c972ebcc4ef8b0dd704517bce,0.9999999999992385,4.938541072381971e-07,2.384185791015625e-06,True
02,12,2025,44,47,not,7c8dbe5094de5f06fe210e97aac8520d3b3257358d12ff920a4895a670eba733,f17f23eecc9da1b45a2c6911d703bff0f2dfa30f328a07b55e3c8e1914c242a3,0.9999999999986862,7.057900196135355e-07,3.039836883544922e-06,True
02,13,2011,48,50,by,d54e1b313da59344fb4266772cd3f8b93cccbbadeedc61c6d24542552142ad9f,728b9f0232f78e0c670343fda918458f51dd228fa9963b2ef05007ac61b29ccc,0.9999999999989199,6.239448945658902e-07,3.159046173095703e-06,True
02,14,2169,51,55,each,7517a313196ca2c8f5cc4def0fe161bd997361cd3679f75a1f18d20ccb14cd26,0e3d65848e561b874b38d209095c816e59f70804caa1dc729dda6047af6ba283,0.9999999999988649,7.029848347883672e-07,3.0994415283203125e-06,True
02,15,2060,56,61,other,fd816c4d7dbe01c19a04bcdf660cbccdc92861218c67f0214e1eb81b13569555,c05e8f0a1fbd791bc51a618ea4e7048942c65011d2486357825a7ead4aaca6d3,0.9999999999988664,7.334656402235851e-07,3.4570693969726562e-06,True
02,16,1521,61,62,’,e57c3628b8823f30a9c0b61c52e3988e370f6114fa16c133679f6f41b9f4741e,98a1d02eab13cb1a08e434b806dec98252960759b0ff5289b0d2599b25279932,0.9999999999992045,4.807285828671107e-07,1.9073486328125e-06,True
02,17,1055,62,63,s,b08d49a6d55b8d7069fac7ec5739cdacb99b4d042ecbbb471d8e8c7d51b852ef,74c29442d57efb9fbc7c4f45aac341c995c5386e25c88a5e34e517c554088280,0.9999999999991784,5.682528959975267e-07,2.0265579223632812e-06,True
02,18,14624,64,70,misery,4d3742cd1a20f47a09c07faf0ae8df1de5c9a30ae0111a1e32aaf39a511b8837,e10f77a0f4f071ea2ef808ba3ffd1bb88335b01aaf1dc3155ade2631f8f69a08,0.9999999999990797,5.049071963488435e-07,1.8775463104248047e-06,True
02,19,1012,70,71,.,51a666d7d668e8555cfc44b874ee4a40b0fe586c535b46ea3a063ac582df9951,014019620c4e693efd77f45002adb61ef74e9f6041537bc01a3b02d98aff4d9c,0.9999999999987846,6.563865705781305e-07,3.814697265625e-06,True
03,1,2045,0,5,There,7bbd08a2ed883277af2df3dd1114291064c2d2643502b2edb09c529c0632846f,dde997476f771a3b92dc2d6aca98de0d64d9f0c7781df9598312d921403ee78e,0.9999999999986872,6.676461149860794e-07,6.258487701416016e-06,True
03,2,1005,5,6,',744e3f8fb9cc2c56c8732d35629adb49e97bc21d8afedd322660816146a364b7,24ccaf8380718c2924d8c4cff6069334f17f7d277d0d8b0a75a829c0e3b6d944,0.9999999999989048,6.612687381372476e-07,3.0994415283203125e-06,True
03,3,1055,6,7,s,cffa2a8c0f573435d4968b1d98aa1fb1430653c08951d3def264a1d757dca1ce,6d8bbaf0da0b6e89df486841a63a0743265fc597625635eda3c5ccfb2fd4cc01,0.9999999999989362,6.454805164442708e-07,2.86102294921875e-06,True
03,4,2028,8,11,one,ad6531c2ff88bbbc1fb4417da5d28270d5b0f945db139662b8aad33befc080f1,67fa4bf06c83e9916675256d931b0bda45a7e829de27ae3b3214c885e7f0911b,0.9999999999993842,4.063003871124238e-07,1.6093254089355469e-06,True
03,5,18496,12,16,lend,78d86871802ade8a1283b625f6331bca0945d3a712f31171013887565a3a5dd7,d7689f90468e63c52b1120f6ff4d87d6f8840af91364d5229e05762e8d09adb1,0.9999999999988042,7.578285779648771e-07,3.337860107421875e-06,True
03,6,2121,16,18,er,8017ffffba1ad8a5560a5701e32fb0c7f5ebd42f52f147d35c6dc21bca4ca7d2,40658a948fee8a48abf1206248760eb6e5e562fc401c60cdc05658fcff3494fa,0.9999999999991552,5.674898299427392e-07,2.0563602447509766e-06,True
03,7,2012,19,21,at,e76ef711cc42a038822abc9fa8dca0726b0c528492243df77aad467880f2c7d9,ad7179859af995287d4384a231ff091347d2ded8c72fc62ac7bf1925ab84218d,0.9999999999989896,6.767998759945234e-07,4.5299530029296875e-06,True
03,8,1996,22,25,the,a32be14c31eca8adacc68c95ca275e6ac09bab4183513126d5fab1a4efaec403,020297c9ac6082fcb1edda78e272e6a29f4835ee685534bf279224e40c0961a2,0.9999999999949896,1.5674425715891023e-06,7.867813110351562e-06,True
03,9,2617,26,32,moment,8de3bc83bb9bb2bc64c974b4603e733fe4002097a50cefff2c813961276792d8,0d804281ca61bc0f1248a8decd4ee2d868cce61d4ff720c26d49769beec60a3b,0.999999999998497,8.523323534366986e-07,3.874301910400391e-06,True
03,10,2029,33,38,which,adf4fe356fce80e2e6670eab5d54edb7aa8f2f74b4f6b39481ff8891d014760d,8468d1cf08a5db3daf3aecdfdbb3b1224c6b2cd516e2cbc9fda6e7af47f83cad,0.9999999999991739,5.49888985309129e-07,2.3096799850463867e-06,True
03,11,1045,39,40,I,bbb672200f473269c33fdd9031549363e57bcb90014772319897d2f7c5677951,70616186386de63534b29671d2e87ba67c034af007cbc7102eab5902a181eb69,0.9999999999989472,6.597614022515094e-07,2.6226043701171875e-06,True
03,12,2228,41,46,think,f433f553b1dcec4b3c79c83faf2bcfc2cd30d7a4f94c086e5847b248f6e81a32,4da7cd65e4912638db1f2c31b468fca06dd1093f8259d2d0c2cdbd7b16badbe6,0.9999999999989033,6.769842002540827e-07,2.6226043701171875e-06,True
03,13,2003,47,49,is,d66895923bd0237c9b5166e7f14f289be5bfca873a8a4cb5a158e0f2c51259f0,b05153d3245fa37ef9fd5356d3a131525ab285f033f25b1a31bf932d3216a9e9,0.9999999999988606,6.762135550767804e-07,2.6226043701171875e-06,True
03,14,2074,50,54,just,a818bc6fe90369730861f61562f447dd9513a7b6c1b9ecf340ab348ebae21bd8,8201e3112a6ba030805f547aa2a3f045392eb7f1e8b6e7acae003dd5f50a17c7,0.9999999999988934,5.975998647045344e-07,3.0547380447387695e-06,True
03,15,2924,55,59,Bank,51bea4795af8ebf3800b46cc2f60e5b55b5614fce538780d7617665981117e23,14d1445492c31ba654a9fd7a3042d966c43af4319034e21a383230ef539ecb2c,0.9999999999988228,7.048583938740194e-07,4.291534423828125e-06,True
03,16,19650,59,63,west,40603ec2cfbef42286e41916545cd9b342b73a5a94b8456c1df64b002bcf5623,37dd506fd44163e4f253ab314c8ca7e6a49e50a3c4962c12e8d4307a2a97b26a,0.9999999999990652,5.784932000096887e-07,2.1457672119140625e-06,True
03,17,2040,64,67,who,96e80b9440c9471cc73f8837118af5690b7ae388eae9954d95afc8c570909138,3ee4e3738a0c35aef52e5d9486144e5305a4bc7e4f25e8f7a8338afd852c3601,0.9999999999987281,6.473261843590686e-07,2.592802047729492e-06,True
03,18,2123,68,71,don,d409cacbe55708d18f70f6430575e9959fd461a143592fa56658c32819d85fcc,3c5cd1b1c670002c46a0eebd6c2c2d85c809a77c01c5aaa8ee25cde43669ad54,0.9999999999988315,6.476620910689235e-07,2.652406692504883e-06,True
03,19,1005,71,72,',3e1f42677eb8d8690e30b3f794b415b42f3a5e2dd622915797705b237587f75c,4f8d71849efe2320d79b592474aeb7402edb10854ded81d89007c2aad7a6b0dc,0.999999999999096,5.776964826509356e-07,2.205371856689453e-06,True
03,20,1056,72,73,t,15bbf5365a78e3c8d133dfcd0c412bdf6050fe6aa0c9a3c0a5f5ae95a6c3b7be,1b57823b0d14124ea5f276542df0f5517549ecb9821d7226f1cf52fd40d30f06,0.9999999999990015,5.707915988750756e-07,2.086162567138672e-06,True
03,21,2202,74,78,take,40e3844241edf008f1d6239d4489a86ce00a7a8a22866fec42ff4ba56994f3f1,633411c3d6fce74e9ce1129ce9cda0e6248f7be42f4ed529afb0db435a7d106c,0.9999999999988292,6.445625331252813e-07,3.337860107421875e-06,True
03,22,12635,79,85,rental,0eb848df44eff7e8d0628ffa6796affcfd7fd41ff8f19a6433684aea44447d0e,100a531f8c74c2a3f60ab6dfc42c9be1a7c6c6f86d5a2b9bd70c77a36f345cf4,0.9999999999988103,6.942949160778274e-07,3.248453140258789e-06,True
03,23,3318,86,92,income,014add6b2e240f294d7dad35e191e22677e3d0329ddbfa05fc120fe3de3f2aa3,c9f75b4e70531d511762ff3d03e1032ca6bc80520a766903b48f736482300634,0.9999999999989683,5.3920909219111e-07,2.115964889526367e-06,True
03,24,2046,93,97,into,82f6bfa966b205c586060731dc9c9b9e43d5d7dc25ff9e1a67189aebe4e88c3a,32153172bf57d2404618e2b7ef10e9a6bba00588f0d276204ef50395e91371f0,0.9999999999987143,7.567796274088323e-07,5.9604644775390625e-06,True
03,25,4070,98,105,account,1c1233225170fde9093a38bbac436152a0723d2d86c686b13dfa624048a7a4ec,01dd6968cfc9d921a70a3934cd4564bf10dfed128da68b6e932f99e1216c6806,0.9999999999985691,7.887489725059519e-07,3.4570693969726562e-06,True
03,26,1010,105,106,",",7812eedc34737cc3a567dbd3cf9e091d516ee4270c3f8eb82b385d846c5948a4,7c6cf1fab3549339d05be06a1454b8c1b8e9ad7b098bc0ca1e3f82314d2eac8e,0.999999999999253,5.331718663607413e-07,2.6226043701171875e-06,True
03,27,2027,107,111,they,6371d714efabcf18e22ce1b7031d033d3b610dc256d81ba637a8b510f7be5501,f14bee1bea447dedefb1d15238956c458855e01076f7eb4540280b4af8f9ca90,0.9999999999990563,5.485236063880924e-07,2.2351741790771484e-06,True
03,28,2202,112,116,take,194110cb1d9dad1937248e981e8f47a39e6e18a49aaeb09f54d9fedad0083ac1,84d7dc6baed7a855dc0afe8c5ecb12d7548565233fa1c0e0d9b93025b2d0ec8d,0.9999999999990128,5.839331909858932e-07,3.039836883544922e-06,True
03,29,12635,117,123,rental,b0a21ae2f150e58b89a6a0497898ffc643bb0c37305a94909f6e3c375edda1a7,9768d47ba8444ac74f71828c5561bbad1dfcac1cb4beb07fc78e926bbde9d953,0.9999999999988617,6.619702617172152e-07,2.86102294921875e-06,True
03,30,10750,124,129,yield,b34691da8626753ea96e00d36af06ac1603f1c7e4fb2689fe15ab3569d580086,257c8e22509086daf9e8df15b75534463f9bea925a9671f861a8e85ed0554059,0.9999999999990133,5.49505784874782e-07,2.86102294921875e-06,True
03,31,2046,130,134,into,4e1bb72e582d04d0edfebb49e8ccb4fb639de879c548b019eacac9ae21f9341a,44688b1f19b374156295af808dc4c243a99fbe22e5953897e293b6e48ae4c03b,0.9999999999984315,8.120517425898773e-07,4.0531158447265625e-06,True
03,32,4070,135,142,account,7dd5bdeab275fe3daafdd42ca0691876425fbc3990ccd5ca73103a38042953b6,4dde918092670a97e96f0b7511e1910e8f270e0e5915aa5127523eff14f9375b,0.9999999999989687,6.547318965507051e-07,2.5033950805664062e-06,True
03,33,1012,142,143,.,c17d2c4a571ee250c0d3de849abdb484516d2ecdb9e38d973639929c047604c1,2bc80b46b3cd465f2cac23a17fd4ad17854b85cba74392fea95f1fa4e4b91a7d,0.9999999999993513,4.912756897586709e-07,2.384185791015625e-06,True
04,1,2065,0,2,If,e3d7b0b872c8e8ad9e30768441a34cc67a744edce31f92ddf628d0e43882f906,f5b18b99258a351070fb1cd96148decde4a7bfc6881e1844682a064c489b5c9f,0.999999999998871,5.692387882542486e-07,2.5033950805664062e-06,True
04,2,1045,3,4,I,9fb68ed7626e597ada35c788cd11606c770ae3237c629bc29bf9966f1642548b,8ca0972ccb2885a2345956fff3d77a0c9aadcf54c6159900b648351590c6ba75,0.9999999999988191,6.299493785869951e-07,2.86102294921875e-06,True
04,3,6271,5,9,blow,2bb6e7e6dd569dabbbfc816a2343aaecc79a83566ce1cc360476a3430fb13252,2a525a9057de1297c72991d3e5a1860b4c5755b2b1f7d5eff1eacee589545860,0.9999999999986239,6.124634334507088e-07,2.905726432800293e-06,True
04,4,2009,10,12,it,222daf830956018f77b1d2fa51ba34f6c6e42f35b23958098a3c8db23a3b50e8,01d63611774b1107da42c18dacc185592ac38d7235aab4fc45f5d572622f8f83,0.9999999999987566,6.429672794183716e-07,2.7418136596679688e-06,True
04,5,2012,13,15,at,ad166b7abf84b250f0a7e2a9b0bd8e9eda76b7f483adb5b1996050b4d88a7845,90d97d4f4c89113dbf1ab2131a0a50c59fa491234a65bec2e37f992b17bf1edb,0.9999999999988272,5.68662793890932e-07,1.8477439880371094e-06,True
04,6,1996,16,19,the,7655062bf824e4fb92855aaa5b6c1c61484ea318020925c8ed41ca17991d07bf,9fa10d2c8f407a23f35fb0cedab4e0597bd17a66db7512d58e6784e1ad0daf2b,0.9999999999990249,5.571261378160367e-07,3.814697265625e-06,True
04,7,2136,20,24,team,f139006fb6773451964d483a8ab5f0aab93611c1b3e7bd5b5156aa5b4604a83c,beb1b47a1812330be4a500ea63eeabcaf388459ef651cfac34fb0a6a2238933c,0.9999999999988826,6.273615629955506e-07,2.7418136596679688e-06,True
04,8,6912,25,33,exercise,948165fa09fd40d6cd16c45453d66aebde6411a8136ab18badddf94fcabd4957,f7682a7fa842e1d31046670f67dc08538350562b7bc12bfa66476317f38c3b75,0.9999999999988423,5.64548220912305e-07,2.1457672119140625e-06,True
04,9,1010,33,34,",",17bc782f2100b4c987e9447faea238494f083a7f24e51ecbac4c3592cac0e3f2,a6407f457627584e4457ccaef13fed59e0a9adeb3d81ba4947d0503c8783cea2,0.999999999998673,6.929858500370756e-07,2.7418136596679688e-06,True
04,10,2323,35,41,should,f696197503c7c399bce0227e391f7862b695e0d9b5f782ad5e09f2b067453747,4c7463aed76f9cc23f46cae524d661e201550915ebf910626ab7c7344eb130d1,0.9999999999990119,6.06712395286498e-07,2.4437904357910156e-06,True
04,11,1045,42,43,I,4446cf1cf12066b8950febc8a4d17d4cfee21c7bcfb9ea631eddb194aa6c67c2,076c19010be3f525565180d2edb6885bb8ec9152069a1b1a91c08d9e0f077dd2,0.9999999999986396,6.459558790083975e-07,2.7865171432495117e-06,True
04,12,3610,44,48,kiss,5b6d83ddd0a8aac7e22d917be75bbcd0ca589437ee7ad06508f6f316fd6d4c57,54f3c3b9021a5b6070557fe9e7120e8f07cdba5f528a668271ab99a0575cf446,0.9999999999984115,6.143563950899988e-07,2.7418136596679688e-06,True
04,13,2026,49,51,my,c0e7083b12b7e9268d2284fc0004a88edbbb0ea7385fd68fab2c3fb6716fb1bd,2e67bcb65d20c39306ad038b4e6638aa880984a6e38794cd1f1ee268c7825910,0.9999999999987571,6.323928876857584e-07,3.4570693969726562e-06,True
04,14,9592,52,59,chances,2e124c04a1f850f337722e7fffafce15221d463f820b2ae2e1c10a1b080c5382,ffaf7a29f9f4a723da62c89dfcdbc15b0d6225ef6c187537a36da9ce7073ff43,0.9999999999982457,7.062188463654214e-07,2.7418136596679688e-06,True
04,15,1997,60,62,of,53028410f96f30f82e5d26748d0694fa86e9ac48af5fd8c64ab2bea69eae193b,051879ded154409daae2b00e44d053f6ec3218ab3815ee07853b13c964ae5d6e,0.9999999999985587,7.476725537950794e-07,3.0100345611572266e-06,True
04,16,24867,63,71,cheering,69d79c7013c299a11b95c35f2b4f2f468e992faf00bfa6a43cefea2eb2fef57e,99325d35cc1f06dba31b80e0858de491373fb5f31430b66a17826bb1e81aa840,0.9999999999987467,5.563961167354137e-07,2.3245811462402344e-06,True
04,17,1000,72,73,"""",44ddafa48efc15cfdf52f6f84ccd67717b763a44e31e6b20372638cf95d07255,9efdaf29c2c08ee67e3825ec9ac4e59b6abf4a4ac0c6a3bab983df460a2c5714,0.9999999999982635,8.089967498866221e-07,5.245208740234375e-06,True
04,18,2175,73,75,GO,85f875d68b7d5188801cb2fd232ea63553505ea4b6ab639be2ffd48de9bdab20,ad7339c8ec4493972f94c1682fcf2061d05e8de9d2aa1c2e45d084c65b5892ac,0.9999999999982064,7.401965073465059e-07,2.7418136596679688e-06,True
04,19,2630,76,80,BLUE,ab423fcadb4912dbe5f12cf650048e76bd4e70ee0e01733007b5edef83ddfec7,7c2e806d0985e99be36d1ca9c93bf235e0eabdf0cadd79de96eea755641a05bb,0.9999999999982192,8.014249033294618e-07,3.814697265625e-06,True
04,20,1000,80,81,"""",a54b2f83bfa8dfd33c07252b94ab0b755970f05dc2977405ef1de192336cafb1,39807a3e0e9914de5e16fc7e85c79b9e15f1974550953fd66be6281c657d3cf2,0.9999999999986028,7.285949929306904e-07,3.337860107421875e-06,True
04,21,9119,82,89,goodbye,5b18e6a4d85e430733eacb7df5b0ac7f269b0f56c1dfbdcef748a6d71e6ac371,45d38d428bb3d3f9fab2bb42ef6152950ef527c9307e3824a6649d58a824f050,0.9999999999979414,7.725796725329322e-07,3.3229589462280273e-06,True
04,22,1029,89,90,?,a27ab4d39d6ff09ed7b31aa1b39b62128c64d692754c0510818d6d92696b1449,dab8d78a2e1c72f83836930c4544f2e50a7723193228ec566b45c333e51227e6,0.999999999999068,5.651818355545402e-07,2.682209014892578e-06,True
04,23,1033,90,91,],fd68592c0e037af6e3867e48b72d389cbd5593eb4f4e6d2251c2d1b95bd5d82e,8303a9a8034002acffebc9116ba9ea599114266aded86ca7b852d63916df1f3d,0.9999999999983462,8.805885348313799e-07,4.172325134277344e-06,True
04,24,7078,92,102,Absolutely,a0a6408ad55c74a174735416010873935e3e5c2184d6c0a5f173e97a3ef76d56,f4afed5316fc4bd3d2dfb4880774964bc09fee5ac951c7a1f13e28febb4c9f7b,0.9999999999985991,8.176357368938625e-07,2.8312206268310547e-06,True
04,25,2025,103,106,not,0287e078629fc32c4fa1540908a886927c1823a914996a78c051f7c5aa5c315a,f2d9c3159ceb48abbdf8e11b810ffba230f22258c2f13e7a4ef30c8056b14990,0.9999999999986691,7.774160621920601e-07,3.4868717193603516e-06,True
04,26,1012,106,107,.,702a2efee115e99c26019d055d870008aec7d72b7df6c1b7f392ddd0d0ace4f1,876e23beb9fac82c93cc20f2e8843bdfaa47af4738854066de7bef09dc8daf74,0.9999999999992304,5.481045567042505e-07,2.384185791015625e-06,True
05,1,7632,0,2,Hi,c08b61eefe6f91baa9ff148faead82fcdda11ea374a8b3cc9c69755c422b0a9f,0cadaf8d1e0331bd3795d7886c895b5104c340976598cd9f3a2abb4754527581,0.9999999999989754,6.292842347950985e-07,4.76837158203125e-06,True
05,2,1010,2,3,",",406fa325a9ff5579a82a1fb925594ea90d4382d6a5ab6de5612750bfd3f16d4f,7464b4881437aa32132fc6c0b0f7dd7a78853e0824c51e986eac2da83977d463,0.9999999999988795,7.22825158542643e-07,3.0994415283203125e-06,True
05,3,2026,4,6,my,6c478bef3ce44cd595d88b42256732e81931d90c8284835538428873e7843f6e,1b4c240ad1b05729b21eefa0f0681db5c93b47106725eea385e3de33df0e9b1e,0.9999999999987546,7.622929842909798e-07,5.9604644775390625e-06,True
05,4,2171,7,11,name,2802b0838fb7aff16297430fd300966b2c0fc5e35d97ec0aa619d69dbb479c02,6e0958b0c3f319b2e35ef4f8bf9e1e7ba71315100526c59a0b00382c0929ac43,0.9999999999991332,6.556874723173678e-07,2.4437904357910156e-06,True
05,5,2003,12,14,is,bf3deb9a3f4c97643e447dfda3b8b80ae85f292f448d9ccb8bcc88b75d597709,d4e9652f1ea4a38fce89c57d89ce5fb4a52afb8028b6365b0ebdcd314daba32a,0.9999999999985207,8.381257430301048e-07,5.125999450683594e-06,True
05,6,9318,15,20,Chloe,638743131b1324cf7bbc5ac182b707f761ef9bbfe743e4baae39430daf96e4fc,36fbcb9f6456c009979ef0666871f52770bfb5d4b659d05356126bd812f68955,0.9999999999983716,7.750337924032161e-07,3.337860107421875e-06,True
05,7,1010,20,21,",",0b547b8d99ca4ff1bbf421edb71e4735afe660300ad50fb573e4c1a95f76ab83,1bb1d650b4a1581477a087dac4f475d2295d9f7849b9bddb8be1d34e01f513e0,0.9999999999989145,6.55143291320807e-07,2.7418136596679688e-06,True
05,8,2678,22,27,video,b1251c59c5856661a63ab4d2ecd94355364a9709950c391b7ecabac24d221c03,2fa4060579ca264e35eea2709524a07173d30dfa02fe49f7a1a7ab43a07aab23,0.9999999999983662,6.729499849219186e-07,2.857297658920288e-06,True
05,9,3006,28,34,market,16c91138774fa415f098447a9946efbefe75581a85535fe47f8d1e02820296dd,bde0953a923af42f3aa0ffacef9ef17b77ad96f67275a3df9754d7e8d744a6e9,0.9999999999986119,7.349838900457447e-07,3.4570693969726562e-06,True
05,10,2121,34,36,er,d74a692ead8327f020f437ffb75ab58a90ddc6d34e10f0adbe99b62fcf1d517d,65ced55dc6172e94c1ea43ad75b689808e869e46f24c2d3a8759146ae6d11b0b,0.9999999999986275,7.587307967090359e-07,3.814697265625e-06,True
05,11,2005,37,40,for,b21afd92e0ef5a2b09aeb7650426f87377844422bbffd248e1c8dcbe748dbe96,f2620ea39586465bade386cf413cd8789596da2a6650ff5c366603794e052d9f,0.9999999999986553,6.751846134041747e-07,2.9802322387695312e-06,True
05,12,2417,41,44,Red,d49659b75889235ede8656eaee869e7fccc8f6bbb3c4668c7ef5c7bc47a46682,c949398320d95f8652bf2e8f7ff77b203a8b39c09f03d7a02d099522e282ad71,0.999999999998428,6.706019727668414e-07,2.8014183044433594e-06,True
05,13,9540,45,50,Wagon,f729b39091ecd78fbf72a2b554607ff28755f358b557749456e4243559eed98c,24caa5807f5eeaa2d80b9a16426f5e4cc5588acaa914d018b91d4c963cd30304,0.9999999999987366,6.668390900207063e-07,2.9802322387695312e-06,True
05,14,5821,51,60,Marketing,4664e98badfeb8c5c3b80a72850260a2b9556c04b4dc9ce9b6de91aea26f6213,27757902edfc0550eeab21f8f1e1fb15754151ec62417fd12f2576d73ee4df66,0.9999999999990742,4.934542327343175e-07,1.9669532775878906e-06,True
05,15,1012,60,61,.,5479bac66be3b0b7de5ba7659f393ecad1a2cb54e95b1330f10da13d4be9a6a5,01176d166ea5ae7673003762a82a685ac5692705408f41b2a8534183f8ad1e49,0.9999999999988058,6.472728273365647e-07,2.86102294921875e-06,True
06,1,2065,0,2,If,c98a93874dc396a071a50cccac1140d1337a7a56d1205d607981b6d910af246f,2f07742ae5d707b48ccd4a443fd07ab92b646abfc6c1e73ab3807b4bcf88e5b3,0.9999999999983189,7.519690067662547e-07,7.510185241699219e-06,True
06,2,2017,3,6,you,284828c9d8000062ab30d0426cd465f20f1d350f8fd282ca38fdca96fe074f56,baa245de4b1dacd923a210a1523648f4ea4803a3ef9d603924b358c694048c64,0.9999999999992473,5.564810029075792e-07,2.682209014892578e-06,True
06,3,1005,6,7,',dd1914f6b210ca57ce17cb4ea71cb9474ec32e458fb64e01b2e256417d9b3d46,d8a19255cf046b727fd4ed9bdf9ff9998826f87a0a83d837605bc362f675baed,0.9999999999983519,7.667816438091298e-07,5.9604644775390625e-06,True
06,4,2128,7,9,re,5ac5818f5c72633310e2a7df35049f9970131409ec05da94bf33b0d993248024,ce93d9322f857d338da36d80cf17a223a2e832858af4cdbe92ad3fc1d3d0a6c4,0.9999999999991583,6.487152859335765e-07,2.5033950805664062e-06,True
06,5,1037,10,11,a,c5a428f08b601e624ec45c7eff48755eee450bee6bdd0b34c16839599ad7e0c5,a2e594b8aee859100dddf01cef601fcdc00b6fc64c2f22c623e4851805b84b46,0.9999999999989946,6.629252311540768e-07,2.562999725341797e-06,True
06,6,5470,12,15,fan,64e51cb0465a80ee262d890f5a0d72a3985c9c912bd6fc0d8d12183f4c884a22,2fba2a1ec7b4d15400d971692e003d1bdec234b282ab06d3d404ab2c1e18d1c3,0.9999999999991609,6.145091901998967e-07,2.5480985641479492e-06,True
06,7,1997,16,18,of,b5f91b38821443a3c719ceecda46d741e614b3b40517bd4cb1465161c188c71d,74885056215bdd4afaa4c34e6a5290861f0d4faa1f538826dcab097b7ec835e5,0.9999999999991249,5.377416224897994e-07,1.8477439880371094e-06,True
06,8,5613,19,26,dancing,bd24c86a6692a9b15394d210e90f1bb35df7d8b98fe548d49bdbdc5077dc9a9f,5424deedae796615c3f6bfa7d23591d87ca7d37b2cf1bcc461e805064454910d,0.99999999999925,5.108886398375034e-07,2.384185791015625e-06,True
06,9,1999,27,29,in,b513927565edc12d6e791abdec5da3cdf631272c23de61cddad5113ba0e38f3f,3889810ca1a799dbb4b883659a6d91ec6bf6bf9760d042d19392e5a44c8d8fa8,0.9999999999990906,6.330192263703793e-07,2.6226043701171875e-06,True
06,10,2008,30,34,that,d1283a1223ea03c605b45ba267533b2a11db062c7f565f0bd1f386e80a3a740d,8b5add0b30ff03bcf7182b954298d981f9fcce198c16bbffa6eaa925b27290c4,0.999999999998917,6.837241623240212e-07,3.039836883544922e-06,True
06,11,3168,35,40,sense,3a77cc850a88680dd92b68caccfc4c739534558f11d752c20f3223dfef1796f6,1997fd6a5f5b23be38f2796a6cc86ffe98e72ec11951b1f699f94aa214323f05,0.9999999999986963,7.41469799928988e-07,4.5299530029296875e-06,True
06,12,1010,40,41,",",9ba051c7f9121cd42a6e22b288f71976e409efdc12a83e45d71a7d1c7f20738f,0dd671109d23c7db5400736e68baa29b15a70b453d32cb49cbeccdcbe0c2873b,0.9999999999992503,5.263185206179818e-07,1.9669532775878906e-06,True
06,13,2074,42,46,just,fad108a613f1b05b4b2a93208a816e2522834d625d552b63d093e37636480f28,9f9fb2c2006bd82b6aff5b2a1484c8f778c07a281f0d46d6a727ccbc2e493b92,0.9999999999980421,8.708144984363267e-07,4.0531158447265625e-06,True
06,14,2066,47,51,like,8a44fd9e1ef5af96caf5f06c01e6947332184517c4661d8181b6debc797af9c0,2d583bae30169f5a2ffab0495b7c8db725f45773b32f7f8a9f07e835e4306375,0.9999999999986134,7.517719495808706e-07,3.2186508178710938e-06,True
06,15,2000,52,54,to,54f7360c52eff2f18a676a561f03f1b1fca0da004ea7f6526a55fedc2443f086,10996cf07ca9785fb9372a64a46ab030d9aed2e7db6a480251d946d8c7c7aebb,0.9999999999989875,6.058932437251011e-07,2.86102294921875e-06,True
06,16,3422,55,60,watch,f0ba9e259f9535ef150da54f34bd12572d984898138271b2e5c326d09235220c,36cbf7afa8b2d67be0ee2d14f378ab8a62cc69fd077bf59917369c4047ee761e,0.999999999999182,5.225265340413898e-07,2.86102294921875e-06,True
06,17,2111,61,67,people,a7b2c1f6fdcea1c31735893c37522205584cde163162a8eec1fba316d8b677b6,d6930352a47627bad2618540d2d6f35f31ea92199a51d4d555f93d47640f71da,0.9999999999990896,5.109972865587528e-07,1.8775463104248047e-06,True
06,18,3153,68,73,dance,bcd9b402e5a01d23ebd4080a58a0514a5acdad1db21f6f7c094249e16ff86e5e,142fff4bb7768ac36a1874fe8f5b3835088044de524a49d5597190239f5cd696,0.9999999999990331,5.85795229805323e-07,2.1383166313171387e-06,True
06,19,1010,73,74,",",9a2265447d2a5b0aaa3b3a66a1a8b33081686f944e5cd678847f708744eb4761,2ab1a1b44cc6f6682f946bb21f8c861dcf39a9bf94b9b36c9f77314afd080399,0.999999999999061,5.929008087453743e-07,2.5033950805664062e-06,True
06,20,2156,75,78,see,22032db4bc3dc466de1b684fd120060c041e192bb6d46b6f396b3e59cd3ba259,2376594035d865e4b97fb96c36f411d9ebe725af3287650073a3a864fb868fa0,0.9999999999989058,5.212270934862318e-07,2.384185791015625e-06,True
06,21,8052,79,89,impressive,6f3de08eaf87e9dcfb90bfdb60f17582ca562f3381d94b06192ff6a501485bf0,6bfdcbe550eeb6e483420635b86a36c57fc86cee424ccb412762d71a2db4df58,0.9999999999992659,4.222705077457552e-07,1.7285346984863281e-06,True
06,22,3153,90,95,dance,7a19367f22cceb1db444d9265a4793421dfaa6de3641de41c4ce937b22cbf693,131493ba08af9cede33f106b8e32a3da5357dd520b36c718b039c90340c64e39,0.9999999999990856,6.218184959531451e-07,2.592802047729492e-06,True
06,23,5829,96,101,moves,22942c846c29372207e9a940e2756d09feb56421ee8d025288ab44e68a1901df,c980aef1dc2d4f2c656eb5dc4a4584badbc2cc241b73c2aab64a4a96347d2cb5,0.9999999999989304,5.467342513535792e-07,2.86102294921875e-06,True
06,24,2059,102,106,then,f08b914ac3de99c85b321718fc3863ba077ba5029326e17af4cc2916d68d0909,56c6e4b0b233c6159b04209c949f376122e4929796400fa9313155e3b0d4c6ca,0.9999999999987925,7.241857626164953e-07,3.5762786865234375e-06,True
06,25,2017,107,110,you,65ff12ba54f5ab2b4f77793b9619a1387437b1dc6ed4afb9e14d0d5d3349feba,ed3b9f04545c46a3e9f07dd8e7443f74db91ad5f527a91e0fce71b5c39caae56,0.9999999999990439,6.36374049160319e-07,3.814697265625e-06,True
06,26,2453,111,116,might,2c4f7cd6d4f320e065c37e4feea7db9262e241d77a1aae1424e3ffd18b4e56d7,ade837b9a0ccdc9cbdae32fee2d9d1467ce8d15ebeee44a8627cb6cc57e7b641,0.999999999998876,7.022123706216613e-07,2.86102294921875e-06,True
06,27,2215,117,121,want,3af33d8c4fcaedd98a7092d5d68ebe2784c12b06325f694d9bda7533f16f58bc,7beec99a7f330d8a178c5a0cd0275bdcf007ee72749303659c14f439f103f756,0.9999999999989673,6.024189739643285e-07,2.3581087589263916e-06,True
06,28,2000,122,124,to,0767e739e65d09afdf3ef8696664ffbf40eaa4d83cbc7990cd99ade0d0e369e7,8a009e1710a58f9152f7a0dcb9632bc72fb97d64a49d5ff0957fb03071e60da8,0.9999999999993076,5.102022745025655e-07,2.3245811462402344e-06,True
06,29,4638,125,130,check,e8d440e0f4d053c1f539db8722377f2617cc8201eb2b329d6d9fed0a61b6a5e3,b5291ac999bcbd87e538d48fb312dbc829b12e086b10063db275502f3ec2691e,0.9999999999989567,5.677999676360438e-07,2.4884939193725586e-06,True
06,30,2041,131,134,out,9e45ff34828c868b13a4e8b8486c072e08449ee364b492d6e1fcf88201ec9b3d,29c0bde42b63d2fa7b152aa9ad9285ee7ae0fb5f8f9cda00f0da99acb3211f21,0.9999999999986389,6.595079563946152e-07,2.6226043701171875e-06,True
06,31,2023,135,139,this,a8d56122c8970965366eff1554aeb8dfa32893be667112974831c5809259432d,e33fd6dce5e25874d7a47466ef2fb0980f24be6a16828b23915a0bdac5957ab5,0.9999999999989553,5.722601296535382e-07,2.294778823852539e-06,True
06,32,3185,140,145,movie,f560ab766d80cbbf22113773e35e8f634ac48df2357e8e8bfddacbe9b739a6b2,0fbe747b5e508edd5fddb7dacb3b1e4cedb294fbe0992393790a8a81be08b517,0.9999999999991701,4.774295424188798e-07,2.294778823852539e-06,True
06,33,9578,146,152,solely,99daf1729bcde82dd36a410c9317c061e3ac865b9a6083c1823490c160174ee3,f7346264228d8423a783a9ed082603ac5ac9384be8d7dd57ab2fa9b9ca688cd7,0.9999999999983465,7.995707467974474e-07,3.5762786865234375e-06,True
06,34,2005,153,156,for,8551c86297dd309fa1ae1f388ec1f36027cd6ca19797278f547cf0d97cd82476,c04dbf2b1886a5919c9a0081f8672ff766603aa1203c773d70fe0d69f4a763b6,0.9999999999988249,5.659251958907893e-07,2.3990869522094727e-06,True
06,35,2008,157,161,that,d59a80c9e1859a784c26c38373c83ff9d0757a3c5d5b54b2f3fec7e34cf4d607,465e1c3cb6ac25ccce729b141aed122d6f8d1f2f4f8de3dd8e06e68e037bcf6f,0.999999999999254,4.830071702599525e-07,2.1010637283325195e-06,True
07,1,2004,0,2,As,00739edfcf777ea0cb63a03b9b36a53461ee053b5991e9c62f8452f37c9db87a,45c64f4d939331ddd96c873b0165c5a6559fbfeb6b0506236c7e0d167c3839dc,0.9999999999986093,6.877180567244068e-07,2.8312206268310547e-06,True
07,2,11409,3,6,Lin,d748369bfddb1eb9daad475af8c1267ed4d5bd6088337d9dc29b193f5fb69b9e,8f23008082090c4eeec0e1b7def8284085d8575c5a9a4353b3f372b9d34555ee,0.9999999999986317,7.221145400156578e-07,3.6954879760742188e-06,True
07,3,2078,6,7,n,cbef03b86a1a329cf764380eae8aeb5161660132ff4ad58a0cff253adc465307,b0b09f9c80d8f14b541b97afdc394a845ae193e3f4d7600e4cfe706d46ebdd50,0.9999999999986771,6.142448304065814e-07,2.682209014892578e-06,True
07,4,1521,7,8,’,cfeedaf429424859a1fc69c2937a048476b509423cf39baa70d580397ffa75b7,1e202dd41425b675a30dacf59e2b4ea2895110d6cd599fbee37894b15042bb3d,0.9999999999989921,4.805509282353645e-07,2.1830201148986816e-06,True
07,5,1055,8,9,s,279fd81ca157f482c7298e0fc1948f2968d3220c2cec7c9187bd8ee0dc88d2f7,6228c4938e8f75205f532516d94410dddbb87f8c742671d05e42fc3d0c2e0e55,0.9999999999977689,8.613800067299356e-07,4.231929779052734e-06,True
07,6,5482,10,19,associate,5ad85d3fc47034e1bfe0952325542f0122e4c2aa2790dfaf5f355531cfcf60fd,5515ac14194c5527fe2694f4e074e1ff73afc623bec49428447d106113961eaf,0.999999999998079,8.45359560723106e-07,3.516674041748047e-06,True
07,7,3559,20,26,editor,c3639eb6330bb5fe155332044a8b19123a2ba9450ab77c64156519111ed5d276,79f6cf7fcc4f8be74e8728eca1482fdacc04f4cb7985c1013eb67ec889e9935e,0.9999999999984648,7.239244344721859e-07,3.814697265625e-06,True
07,8,2745,27,34,Michael,d0981ef322b5f7830405c555bd0616f1861e013d6c6ee9365a79a1250cc33b80,37d9283ac0c3aa7aef5feb3ab20cc78c8e4d1d519acdce89a462699b4bbdb7fa,0.9999999999981143,7.986168384377379e-07,2.9206275939941406e-06,True
07,9,8670,35,37,Ba,a22daff4c509f859f36ba29377a5ad452569d44b4d3de929b2884eed027d51c5,1b296b9f7a0bc5cd27371b358e2a6906a3025db4e8e7960df0588efe091c5fdc,0.9999999999986584,7.338215558168789e-07,2.7418136596679688e-06,True
07,10,4215,37,39,ad,e6ceda45f679fdd394059054ab17efd8f878b3eea82402bcb561d22cada35fe1,7b5ae82908cf6267c1adc686eb6b5823b73c709f7d435a23f5bd899977db5d78,0.9999999999986331,7.900471246102825e-07,3.0994415283203125e-06,True
07,11,3489,39,41,ke,326a5d00ea87598dc49668ba2a8ce43091500b9bad5ff5b3dc89894d24dea095,1afc15a1daf6d1e4b64c15f8b762a12931714276e34caff0a6cad6f5dc127a83,0.9999999999986648,6.144446160760708e-07,2.562999725341797e-06,True
07,12,4311,42,49,reports,97bce1696c1312c198e1234a3aff39f697052ee4262b3e111e36179d0259b3c7,5e7b2233aee40548e57745e8fcf374f1c942a82606fb8baaf9f93d5a4feb7430,0.9999999999982971,7.54452533631896e-07,3.039836883544922e-06,True
07,13,1999,50,52,in,47d5b768d3b9f0e7ab7cadd28143b384503342be892f6e19002a581fb36a9d3f,3bf682026e6ecc81afccf970193a56a7bcb410938c9ffd49ec6bd2821f1b478b,0.9999999999988958,5.975331684264044e-07,2.2649765014648438e-06,True
07,14,2256,53,56,our,3e9f1ddbd60378cdaa2a2dbff3610f5829efecdebd77ab461d0c56f2f8c4b5c8,ef73188523718a51253b6727975b6d3604523d4a382e9cd64443db0edcb67e3f,0.9999999999979772,8.430106390733272e-07,3.546476364135742e-06,True
07,15,2281,57,65,November,15de8c8bcad9914a44e57de1a65ae1b9d0d71f2db97f2c2c49ad1b469af94af7,e635dc7d96e08caf681cfb9d8eebbc70ad4f080d5a61f8ec67aaa4f9ac1aa400,0.9999999999980469,8.632402265599618e-07,3.069639205932617e-06,True
07,16,2654,66,68,28,aa6ec8e52e89e08ec2766792e4556ddaed8530df867de745e3a040553848bb39,5bb7a599e32d31b34e2a3278473cbb707fea5cb53aa974d9d0831863f6ba254b,0.9999999999984434,7.531840916878233e-07,3.4570693969726562e-06,True
07,17,3277,69,74,issue,79b5fe9b05c3e47fca289ed378c27e5eab208366132cc7fcd7827a0562495e1a,af65791586d24b8360e2ffea3dede6b99a18f0cbf4442778299deedcf422e143,0.9999999999987035,6.966671814249518e-07,3.3527612686157227e-06,True
07,18,1010,74,75,",",ee50e0d9df3bae3721c227c7ab72984fb6460e6d2bb060b7b2a781692d99a6ff,2572fe74ab8b5144479809d92b2cacebb4e82203acbec19c6644c64728a065da,0.999999999998837,6.288816318071137e-07,4.202127456665039e-06,True
07,19,19973,76,85,attendees,c944c7bb6c3478458ebd35bdb9276613832435a96b8e50fe48292c5ac898bd35,2a4918c34d13a0f7417e4fe2b71a2d2c742a24828a5cc6f64e661a0ab12af758,0.999999999998799,5.925624767163148e-07,2.3245811462402344e-06,True
07,20,1523,86,87,“,128c539e46f5159e3d1b8b463f9026828c3902e0216f38a89baa669c29b208ed,1eb57313b2b4f71c3e901482e96a86ca740b1c339a7090e3cf5765b914abf1ce,0.9999999999994668,3.120633967531224e-07,1.4901161193847656e-06,True
07,21,24935,87,103,enthusiastically,0970f7eca7af692125963467f38f19c39ab0c32593e51f740d17eb46655226d4,c88ec5a5db3183a5dfca6ac3a9077d01331596a137a24dead4cf7f79964aebae,0.9999999999989795,5.18568413099274e-07,2.1457672119140625e-06,True
07,22,6936,104,113,discussed,b6a2a10aa751a55ca3b91d1450d09d64b37f0b639d7af275ebd894575d576a03,fcbe63b0dd5684a8b1052d46c81db7dadbe9ab339b241d8923109e357c758947,0.9999999999988598,5.52091781476823e-07,1.9669532775878906e-06,True
07,23,1996,114,117,the,481322763a29dcb5a733ded95470980eb6f12366c47991ad526401f7980246e2,330a8db1370668389042ed40a00cd85643f848ad23af1326c8e955b4da9af18e,0.9999999999987702,6.059114336191366e-07,2.5033950805664062e-06,True
07,24,7832,118,124,topics,afe26ba928077b520c254508cb5cc8cb6ef285b2f601a61351fcc4dc458059c4,2f3d71012b74963ae792ff9ce6ab6487efeb8d446f79dcccf8417b49e58a1fea,0.9999999999988886,5.664733180310577e-07,2.1457672119140625e-06,True
07,25,1997,125,127,of,e1e56a503fe28f0a6c2b68e033ead8d760a219a401b9580d6fa72c00c5cbc1fe,39e77b524622b63ba53f517ec49f4dff869ef8045542b8b5d85fc1707cd635ed,0.9999999999987513,6.45634524213771e-07,2.562999725341797e-06,True
07,26,3652,128,135,growing,1aab34ca8e9bc188c56f843e9c96995cadd6acd8aee0a33c667dda4a1b107b7c,6357e73b01f8d1099e3ea141ad1479dabbbeb51012c1bddb0620d38f4995a93b,0.9999999999988867,5.439032975118607e-07,2.1457672119140625e-06,True
07,27,1996,136,139,the,73247c78e664c36d2b3f85b9b555861b7c30b6783605d33273218a1a476b5852,a622e8c7e122440eb7b0c3d46daa4af07050c2feaf80eea4277d3d217beb0d0f,0.999999999998836,6.424446231297528e-07,2.7418136596679688e-06,True
07,28,17792,140,145,hobby,0b95deddb5c5b0a55af0d00a53f3568f7b7d4e03d00b8441f9a5e06395919472,d9b9b368dc78af10f3de1fc9c906ccf9c002ba3df0138985dab5136581732723,0.9999999999988788,5.856842714517067e-07,2.3245811462402344e-06,True
07,29,1010,145,146,",",d5fefe48cbd56026bd9246157d57c87585e7f18215c9d47a40f336d02a3eac03,a2030d60f9d1eba475570d1cac5eea980eec3b9b4ecac7f5a6290d40197a6f27,0.9999999999990357,5.275166283051173e-07,2.2351741790771484e-06,True
07,30,1996,147,150,the,94233f84725336f97b4b402b89e7fe74d8a0887200e356aa7dc07005869f1059,22a0fbc493de6d12504c0c4776c13b59537b74a90fe4d39d3e700334590a8e68,0.9999999999991115,5.269466782920063e-07,2.9802322387695312e-06,True
07,31,2925,151,157,future,7bfc0b0c1aa159778a8f8684249b3f609a62d85e3301752ce6d593647cc77e18,7ec83281909f967a63a051513487e95e6117fceba3fa75e9cde0e20b24435bc6,0.9999999999986883,6.527037233657514e-07,2.6226043701171875e-06,True
07,32,1997,158,160,of,a0aea5e03c00880500f0aae42c863dc0825707dd5b54a1dc3db65200fca72ab4,c3d0080d3aceec6bb3332753e3375427393a1e96ebfca39b691eff3b23ec6ba1,0.9999999999989021,6.167950535503527e-07,2.6226043701171875e-06,True
07,33,11359,161,166,stamp,0b1d95248b6a3c1b1ad0df628beee1fdf66f558c323e31d88c8199340f2f831e,a18e5b25a7b9c5e469a11d18e679d1c3cacc4d62d6a1c4e1c9ab7a19b334b9db,0.999999999998916,6.154314178274944e-07,2.808868885040283e-06,True
07,34,3065,167,172,shows,10c1750e8b6cffb41b9d975e3cfaf617a4a78ce9d38b49c955e5b93b8025c22a,4f80763ac8ed818b5399526682799d96df2e1ff3e6bf140df41a100640990f2c,0.9999999999989012,5.30743742880683e-07,2.384185791015625e-06,True
07,35,1010,172,173,",",53893cc4c46b963abebeb3ba0959af25e9ae7142451134185f9c68b1f10ddbe0,e7465e9d6aa1eaa48dd862c956e3f1fa6ebdcf828efcf695ab55291e8304fef9,0.9999999999989299,5.967691928769151e-07,4.5299530029296875e-06,True
07,36,1998,174,177,and,a7f254cc0fa5f50933df567b45799866287bfdb68dca2468adcf48ce34ce1b93,4a5708b34d1eb164f5e4f48a8bfba0924110e57b5443aa8c7e728cd95af2d82c,0.9999999999990006,4.706016625277698e-07,2.384185791015625e-06,True
07,37,16743,178,185,dealers,7a3f32be45d1a5d1812c3fff6ff445899954ca44c77c3d0d142c4f98105aa582,38924cff2a88951332b51fb91bc3ff40549ff5373415f28d98359e81154541ea,0.9999999999988772,5.537325099188214e-07,2.384185791015625e-06,True
07,38,1998,186,189,and,39e5182a00dc947b379a03902fd867472dffb7b0d6d290864196355c03978945,5d8c7d70030de45819faf83c88ed1028ed9aae7350a083850168882d64e7671e,0.9999999999991225,5.00520400237292e-07,2.1457672119140625e-06,True
07,39,6316,190,194,phil,7231ffceaaebbc3f1642fbcfde70af2d431c7d4e6d34a9a8b2801a1b0488b9e3,4a23f605cfb0eacb0a6df88c223d5ce91943a7b992853c69dbc12d3ed69a5b69,0.9999999999986865,7.78149114921689e-07,3.337860107421875e-06,True
07,40,3686,194,197,ate,edfdf2eb5bf97d723665dec257b5a69eea54f6c49480cbb5940a7f92953ef38d,d781f330094229ee1f1091d605a700d2602049275cb22dd0dfb0342593e06088,0.9999999999986402,8.099001812903831e-07,4.470348358154297e-06,True
07,41,10415,197,200,lic,27e5f5e68aa7dcedd0ac1565fe00faf68988d23de8ffb10b4efd4d62d811126f,3a53536de2653c810699d6b253b29a6b143fcf966a861ce7d889c647e961faaf,0.999999999998484,7.090990645034859e-07,2.6226043701171875e-06,True
07,42,13797,201,213,partnerships,424f3e16fa1cb78c7f1f1c4e1767e202b727307bce85020bab703adb1eb5f708,a18b82fdd6c2d47c1144244bccc0d0fc7361ac867243e27c32c8cfc7bff2cc1d,0.9999999999990791,4.765388439409435e-07,2.4512410163879395e-06,True
07,43,1010,213,214,",",c53b114dada3c0c18c418bbbb588a4e813a0cb166adaf23d6ed5ab5386a6ddcf,4f1c3ba5b2810fdecd52a121f5b12bcb9d8680fe595c12db218953e79d19bdae,0.9999999999989312,6.156527282049259e-07,3.427267074584961e-06,True
07,44,2247,215,220,along,0c999c0865c185a650b4ab935d4d44ccebaae75e11ecbf70bccb1d96b92034d3,9370bd1c8d0921c5ae01201fa3643b028c9b158f943288a6f2e3b9beea2a06a7,0.9999999999984547,7.053040462778881e-07,2.7418136596679688e-06,True
07,45,2007,221,225,with,8fdae954eb44a5548611a64353cbec7e36b1c60ad3268776de3c4e2e5a6d893e,6994d0233ea9c20b31037a8a34fbfad716ede500f65fdf5052979e15eb60da58,0.999999999998589,6.099271558923647e-07,2.5033950805664062e-06,True
07,46,3971,226,230,ways,be11db88dda094a408b4219f1cdf09e2b756d0d52035bb6049fd5219d79ddb9f,815b30f09206797a5026b88c56840276595eec6c10a125a8ae769c86673e2b80,0.9999999999982758,5.811113320911924e-07,2.3692846298217773e-06,True
07,47,1996,231,234,the,0f3835fa347b49ff8a234166992f6be1eeb0b137cc24069cd23bb1ea0d86f9ba,57e89536e9f4d2d2cc7df4c573115f46f7df847d582f15ba8199a07ce97a84c6,0.9999999999973738,6.878465986422574e-07,2.8908252716064453e-06,True
07,48,2877,235,242,leading,0d2c2d7a9cb93e4ed3b4b72361f38f37848712af13d1d7c75e670e1365559b66,db09cc1298b9649e57f443c2eb5ed99c84f2c325d3d3c682078d2ebb17d5dc45,0.9999999999977476,7.846359342996342e-07,3.427267074584961e-06,True
08,1,2008,0,4,That,686cec3b1807f1c9cb5d0a146928e02613ec4613e15b5253b0fa6f364d036b02,f01f89cd9e407d73fceb0f51675605860713a44a59f979e55bffad9ef296cbf4,0.9999999999981891,8.172094870436316e-07,7.867813110351562e-06,True
08,2,7545,5,11,brings,570ae155be36298bc57242c3e3f2c3f8193f674f37631c9ecbbd64e8b267d697,1c7c142ce9b6015f627f9e7e8dc44c9d4f0eb0b13f0f423f0548c5699463675f,0.9999999999987943,7.418978687686225e-07,2.9802322387695312e-06,True
08,3,2149,12,14,us,175a32bb6481fc8161ea5fc65a8154e0b3a0e77d2ab8ff950e7a614e1304a57d,4cc80c9721255fe759683e620c6522d64f5fb24b39848892d4ff3b7164b2c6a2,0.9999999999990692,6.525134873906305e-07,2.5033950805664062e-06,True
08,4,2000,15,17,to,fd1ad1e45393f28aca81f64c5cec0e943e05feb22408e9057b60689c5ad2fdc0,106e4c474ca1656c7871aa7175c5e1b26d208ff248368ee22d0874849e769391,0.9999999999988106,6.842753161132956e-07,3.0994415283203125e-06,True
08,5,3892,18,25,tonight,7dd007b6929a0ccf998b591d26afa1b5bc9e87dda0334f7840e36aae42c91096,bfd26e2ab4893b34ac248ff9d3f740831e71e3d3160ce1db898fc1391ec15067,0.9999999999985049,7.982046857553845e-07,2.86102294921875e-06,True
08,6,1010,25,26,",",55510177bd5025f97602d7478558b23cb5a110c33f841ab7b55882675cca701a,c1f8ea40a215c3c911e72331a275c625ab59888133455ba9b4bb2eb98358dc90,0.9999999999987422,6.678501449641772e-07,2.5331974029541016e-06,True
08,7,1996,27,30,the,282fba490ab8bcdde6df2c451d7dae44484151057630de2b5ee64b07fcb69f58,65b71241e43bbdfd26d926399b14ca2e80890fbe6fcd303a53fe23b1aa9a711e,0.9999999999987305,7.041398172683936e-07,2.6226043701171875e-06,True
08,8,5415,31,40,Universal,48077ce053f623f1b95090f7b8a4722f7563276135248550e8d4993c3472194c,38ca92180da85c73e6a1521d2af4f21bff8ab71dc8b382132c27706ca8c49641,0.999999999998859,6.228231844337037e-07,2.942979335784912e-06,True
08,9,2640,41,47,Design,71688e6d947a0946338be93549af6bafa992131d55751ebe66407175cf292d9b,fa062947c67b65f8fd1bf1b5975a7e1473a8af05f9cfeac596aa88f5abe090a6,0.9999999999987352,6.816553650423884e-07,3.2186508178710938e-06,True
08,10,2882,48,53,Grand,d3ce4a83a1af514a8b47e38689bbb7b5e6034f56a2e2fc6b4b917216316045ae,7af030ae5df810d83a9354ae1766b45e2996a9022041734554f32209ccc9850f,0.9999999999985933,6.571273540127246e-07,2.86102294921875e-06,True
08,11,4119,54,63,Challenge,c2b0b09c00bacdb92c4121539a0d77d5eac23a2e9c1bd8dbf0d66a33865d4067,477fc6e1deb72235a487ef3cafb7044c6866f3c5fb63856bb272e066e22f2a14,0.9999999999982307,7.93417711975053e-07,3.5837292671203613e-06,True
09,1,1006,0,1,(,2ee70691b5a86716f069d281c1d1aaa611fa6deac17712e712a70502b40eb7b4,c3d86d508850eee47b771d2456fa89381d288c6ca7aa404bd8d490943220054a,0.9999999999984925,7.632437094192331e-07,7.62939453125e-06,True
09,2,7910,1,3,uh,0b9b4ea7a47e98718e92e2b2f4b66507a20689cd6049323a81543dd82e77924f,a6d62315b87845d4d554cff8a4573979d4270dc362f14e0f678e49e24a67bdcd,0.9999999999975472,1.060786113763849e-06,7.733702659606934e-06,True
09,3,2232,3,4,h,791648ba0eaf0b87310676bccc5ddc308848bae5da81c28398597ba0f15a0707,8394c72999f92de68e0179d818cc868616bcfe098bf82013984695746bacbd6e,0.9999999999987629,6.58125827612821e-07,2.771615982055664e-06,True
09,4,1007,4,5,),aca6c03a5d14b3b4161969be7632d90e0693ad0d1ea4ce113e3602331aad778b,ce522e33d15c6bff8d9d3fbf2113bbaf3df4844d3e0d58174a9f1b3b2820af78,0.9999999999986459,7.030506215717954e-07,5.245208740234375e-06,True
09,5,1045,6,7,I,e20a8e152c8f42c9e709e5ba9025f1fde8d12de69b3b4d420453cda902a8d415,244bb7fe0b1d610e59ef83594decb60d13d212031dd58ca8266e19b42ae09416,0.9999999999987907,6.850480834449021e-07,2.9802322387695312e-06,True
09,6,2106,8,11,did,fd2098c14b85857620313b007da4ef0a753e990c15abde8e5badc55dad4a12d6,04188d5bba05835f21d7493db9ec6764864484daa952501c207a7a1c74a267a5,0.9999999999988366,6.524584629611733e-07,3.0100345611572266e-06,True
09,7,2025,12,15,not,dc341b4fbe202c95b2f551060c04558b844d4e72e557b9bde36f7a3fb752c9e6,445541f373096e70bf6712685d1b7ebedb6c4baef2b1b6a6e02d013013b5c53d,0.999999999998887,6.497248250525445e-07,3.337860107421875e-06,True
09,8,2066,16,20,like,fe97da43fdf0ba537a64de202cd02d7a4c4cf19d10520e0f92ec176d565e938d,09678add1e89d5cb27ee957eb9eff3036d2387f21f80a3310f17877adc33fba2,0.999999999999236,4.980878050749501e-07,1.9073486328125e-06,True
09,9,2023,21,25,this,a5c35cd5b7c13df025160d44b7e389c742a51e2888f6d1b137c75764d86c5409,97e45833fc83c6f188e1273de05a884c2ec6746e1c23b39cded23a2e4ee49a2d,0.999999999998931,5.74669987448336e-07,2.421438694000244e-06,True
09,10,3185,26,31,movie,ebca2a9ed543319ffa2531b4cec1117433a2db55834ec98229b22d921cfa02ce,9cf520941809c9782d921047adf8bd99eef777335b63c586a16f53fa2d4bf1eb,0.9999999999991469,4.993459394124026e-07,2.205371856689453e-06,True
09,11,2012,32,34,at,66d85840ccbf0dd4e213a40ce07773054e64579b47daf0e3a3ac2d6344408666,8d69866aef788bb8d0d7eea4f1df18c520ca61293c14bae14abf8dcb8a7a3e73,0.9999999999987718,7.643757271580398e-07,3.0994415283203125e-06,True
09,12,2035,35,38,all,368d655f6cd55cf23969850882c9ac4235eb2210f59fe4ddad3edc7f7e2976ce,2279d54114e785b7b4b663486f29c796084757eaf5468ccd6b22364f5a42a19f,0.9999999999988458,7.417972180216262e-07,3.337860107421875e-06,True
09,13,1010,38,39,",",0baa75558e7ec53c9270466f5128bfbf617e2442f5f8fa1a25125b4b25cc716b,e0473b09ee2c089fccb2aa5fd9a4785f9e47112161af1ec6db523e838fff2922,0.9999999999991988,5.742149369325489e-07,2.6226043701171875e-06,True
09,14,1045,40,41,I,a40e82a47f217138a413e9538fe4150ca1986a6151a304a9ca430a23b282ddb3,8e722e7dc6e563dc838e214938e28ffe2b3794c53ae92cd7dade298fe217c023,0.9999999999988258,7.136829178004215e-07,3.0994415283203125e-06,True
09,15,2052,42,47,would,a729dd38273740f1514c4aed0760f6c570d9b5f96a596b9dd3a659a8375f0dc7,cb902222d0038099a2cfd9da9667a4dfbf627381d9e55bb83096043fb6657442,0.9999999999987598,6.939129283030828e-07,2.7418136596679688e-06,True
09,16,2025,48,51,not,49cfc3bcde4e83be41b5d2c525d8e9176e0172205d095c7c1ac59a32e1aebdfa,3112faa5ab9b9c117d022ba8ab430647667e8bc3506346548334329a3b205227,0.9999999999989089,6.254461671536168e-07,3.3602118492126465e-06,True
09,17,16755,52,61,recommend,bb310c435fc2abfa89c3c57347bfcab2a1053ddd03a9ef9963778ced2e3f9e4d,57b70e3232a220af9573510a83e34c437afe1480dd704310b4c9edf2e49d930d,0.999999999998722,6.70733546333698e-07,2.5853514671325684e-06,True
09,18,2009,62,64,it,d9fa61b2a0f564f88ece467390a31cafd2264e28af5ae7115004317a6a26d0bc,9655ec6dd4d597889f757de2bdbca2c5b9cf25e131f21eac774612882186d035,0.9999999999983553,7.016466649171585e-07,3.2782554626464844e-06,True
10,1,1006,0,1,(,19ebaebe9de00328491a30d3d1c51f8c620094239d35af6b6e011440efa82eca,24611e66279f98be010d1798a69607ed7495577d3da9c7cfaeeac1c30d72ef49,0.9999999999993483,5.248966772342101e-07,2.6226043701171875e-06,True
10,2,26114,1,4,umm,60b1782a7db10196d2575b04dc97deef8bc8821c46e2ace15a582ab2d1b103c8,396ca031db7edbd7311d9d83458f764518623a66a7a7757e428f77d0e24193b2,0.9999999999986955,8.020554863226911e-07,3.933906555175781e-06,True
10,3,1007,4,5,),d6e3a45119ca17e3b9305c6ca54df4b43d4e0407b825c29c1acb581b274bce39,a4df3a013c1d232d3dd25a7b7561f7fa330d5bf52f44d14c1734e81f363991e8,0.9999999999986456,7.193533141010752e-07,3.814697265625e-06,True
10,4,1998,6,9,And,7d24dd0c10b0f21b8c7ff5555050e98355133fafb67266a812f5fee840487c5d,4ae880368df6e1451fbc09f4d72f16f37eb97861c61f654bc1fbc2de3d9e165d,0.9999999999989857,6.272645502273614e-07,3.5762786865234375e-06,True
10,5,2017,10,13,you,739d65549346ea2fdf9f378ab0402e6bc3dbb19cc300b5953307652e512ed364,9cccdb7aa154a0549b774f84f41fdd310e68e2a271ea00c3db226845dfa69078,0.9999999999989178,7.345139844498286e-07,3.6954879760742188e-06,True
10,6,2113,14,18,know,e165b1951840bddccbfc7994f1bc80376e67a72c24eeb54f7f3f5f5dd46987a3,aeac9c67af87349157d103a56b9a0269a234ff985adf6f2a45b9f025d49dcb02,0.9999999999988792,7.272222622608145e-07,5.7220458984375e-06,True
10,7,1045,19,20,I,9888e3171d0e439e922952ba26a2722aa3aaad4926a1f52c273ff06e89246dca,b46afb173d7191aaf29e9fa7567eb747616b76adaaded80a35ae38d9d3ef75ac,0.9999999999992887,4.86691230131934e-07,2.1457672119140625e-06,True
10,8,2428,21,27,really,7164907f6395066faf7924bd4f2f24e053b2096c95ef95cad6bfaafecd7df560,a9f1a96d78cc098b9af0c812e7d6671725461b43d30829f139835e7852b042d4,0.9999999999988058,7.056296453811228e-07,3.4570693969726562e-06,True
10,9,2079,28,30,do,84486a04caf6d39a4d58eea3a747232b9c4dedc961438290e60af10a5ec200a0,c28959e3afa27eed23ad49e5bfd0be0ca302ff5d99923ff655b2c1496e59b2e1,0.9999999999989695,6.542068149428815e-07,2.4707987904548645e-06,True
10,10,2066,31,35,like,8779ffd0678b1466eca6b680b2a76291b825f1734604767fda6f2bdae8a0ca1d,c4cac6e8f035c6d65071b911183ef7a931d13e7dab1a2ca71031abc435d51a61,0.9999999999991032,6.224272510735318e-07,2.4437904357910156e-06,True
10,11,2000,36,38,to,711b70ba04da2d06a32bc0e6175009f60b16c6a23fac1df9f294d12389d67b1c,a4fafab7aee76dcf7d24b5f230bb5126a936fe5aa413b7461b3219b0a0b4a66a,0.999999999998867,6.532257733245691e-07,3.248453140258789e-06,True
10,12,2156,39,42,see,c74c300fe225637448c6bf9a42366949e7e5eb80287aabad4e88c87284445fa4,2e2ff8e2167225edc23a0c60a93817f92bad01f98a4be1b1849720f819e1f8ec,0.9999999999992273,4.92371024544506e-07,1.7285346984863281e-06,True
10,13,27036,43,49,fluffy,c76bda94bde44c9c8edd9f7496e4f17b112709a7768409c81324da86407486de,e549f2fd91167911d1d53e4dd33b418abdd3a1179c00c8c86e2de98458dd9224,0.9999999999990279,5.777874321211129e-07,2.384185791015625e-06,True
10,14,14556,50,55,chick,64280e024b5335a53e98a94ebd933a307e6b19ca238bcef44d012a604a02ae15,506287dbd418bbcd187c16944f5923c85273a34b0332ca2ca7d940902c1c1cbd,0.9999999999987993,7.011852479384592e-07,2.652406692504883e-06,True
10,15,17312,56,61,flick,df82d92bce21edfefcf532c4665811d9facea186f9f97f89fd607604337a5038,f57736ad0bc57cfbc6a19714588269b275cf1279efec57f859257bab4b11fdb6,0.9999999999990014,6.161709886024861e-07,2.3245811462402344e-06,True
10,16,2015,61,62,s,05d0164d1b7696b7813c3385aa78d817cceee9db009816ac85271d95217e70db,5a10ba2217bd5515583d25b11673b8cb4d0f056808a5fe8fe64fc30a08f9d586,0.9999999999991681,5.443046878402432e-07,2.2277235984802246e-06,True
10,17,2823,63,72,sometimes,7cea7f839628727c523f1421b45fbf92ce043d5061e26ffe2da6145c471f08eb,cc76a1f00a8e0fc9d6a54574bc980eacb9cd227f5faea7db35594a4411712f7c,0.9999999999988365,6.921333503366137e-07,3.814697265625e-06,True
10,18,2061,73,75,so,9926b9f4d1641f52fba948fbc213a145bbdc8f20951457f2fb364bd722c423d3,439fcdb348f8b7afb5a21f59d946192108f6bba814add5a6be3e6d71a17894cc,0.9999999999990313,6.472320516574351e-07,3.4570693969726562e-06,True
10,19,1045,76,77,I,d8f31aef7718c2b1f78ff05a8ae5985bc20fca872a4cebb620e53d12e6395225,f7fbe21a847238e3da8f674cf96e5e843136cc7400980d534d43d55c41a15d8e,0.9999999999988813,6.94886693963781e-07,2.7120113372802734e-06,True
10,20,1005,77,78,',f9db2ae00150d53ee41fb3f7a53f0b981cf8c7077a5d39cadcad686bb041f667,aa06b023e39321fdf01126e4d3a7fa174d7ff5cbefa5b3031db86e8cc7dc2933,0.999999999998731,6.651622849555375e-07,4.0531158447265625e-06,True
10,21,1049,78,79,m,4238bc409e386906afb9072bafffdb441f4be558376a17c26add8a5b8d194c62,9df086cc389b9b65add16708731913130e21654f9dda9a1634967e4c8dd8a54a,0.9999999999990544,6.738803980018323e-07,3.3974647521972656e-06,True
10,22,2025,80,83,not,97e552d3098d538a9a89f0c88b3f504361f3a3a7d7848447b26b09255a6b61f6,e0f72dbaf7b84a21c713267d1d0025ef744c816e2d5a8c585d65b65a13df7052,0.9999999999988165,6.795507943024859e-07,2.950429916381836e-06,True
10,23,2114,84,91,against,8d8f1dec69ec8275176852cddd720145a3ee2cfecf93100f006d8ed6a954f876,5c397e8c04c8af2614e3354b5d547624d95e21a9e008980485e1e8e1984cee65,0.9999999999987889,7.121088856365532e-07,3.3229589462280273e-06,True
10,24,2008,92,96,that,5aa87d7e3945dc9387f16733fb9dae324da9b8961f5fd7457a30ad151d60d38b,7f67b2780570a2b92f7c0ba034e96e2d980f4b1b7a08ae6251cbb39849eecffb,0.9999999999991201,5.254854234711578e-07,2.0265579223632812e-06,True
10,25,2021,97,100,but,c5b2674588532ccbee91e73ad318c615bcaba414e4bf2441d0456ca5f6442cb8,cdc60559bca6dee27365f202daf4be92db35d5cd9402613d56d60c5f5a9f873b,0.9999999999989999,6.177348647421846e-07,2.4437904357910156e-06,True
10,26,2023,101,105,this,5c2a61da1ce43ae702f9a33ad2cd317818715cce9aa1b3eabd37bf8a9164c752,eb07a6715c0a639babdb10bf5a6e1379d45fb66da2c9a6cfab4015f5a5aacba1,0.9999999999991472,5.566917025134899e-07,2.384185791015625e-06,True
10,27,2028,106,109,one,f2f767b9e7d5f425526aa6f6b72438075dca2c118c1487b464a9321b11524de1,a0ec5d5d314ac1f4cba90eb1b951f37376bc6207ad8b05e76bd4d4372baec151,0.9999999999987426,6.349503867871439e-07,2.592802047729492e-06,True
10,28,2001,110,113,was,2045e3ce265ca517a4f0ed42edef3b79b5d88cc8873f9e82c4e362772eaa01c7,b4f090546630305e813dd6a36879de3e948b3a29d46265c0f694edc23fc3b7d2,0.9999999999983152,7.883694100504121e-07,3.1888484954833984e-06,True
10,29,3492,114,120,pretty,f90e7e29d4138283ef9988a19700fc926c910e22ebf7772bceb6eb85f5c4fe64,0d90fd20e717cdff116322c38fd0cc9a74d0331d3d48dfaa0e2d1f7e959cfedd,0.9999999999978461,9.765669043796759e-07,4.187226295471191e-06,True
10,30,6659,121,129,terrible,76df7cd57b9a2cbf169c76570c2b842f5a6de7fe60433ad1217b14343c95b0df,8a83c7a47f8c96ab58cafc2e16877c1da90033969da532f493b0fb4b4e44e578,0.9999999999977254,9.650454254976164e-07,4.5299530029296875e-06,True
11,1,1045,0,1,I,2fcf6958c0628b967ea02f8e608f60ddc2664c08aefce68c2a57736d206537b8,89345f6b8382aa0cf09b7e09476326ae68ddebf39c3c585a5d97f2f5bc2be806,0.9999999999992553,5.120976614610603e-07,2.1457672119140625e-06,True
11,2,2052,2,7,would,06503b5e2c2342f2ded234b41b93814a581d0dcafe13463f31be71873c2ab204,d4bbf6c811b66df72d933f487a13f4d03c67a3dc815bfec0084f5f47b07d9324,0.9999999999990431,6.174248786313304e-07,4.76837158203125e-06,True
11,3,2022,8,10,be,25d4527a6a13090bafe63da679cce3685a2fdcda9c2aacae0456c25e0f6a4af8,179b3f4f74e1665416bec19105d060c49d021625825c5e38315a1990fcbc115f,0.9999999999990452,6.049613148206845e-07,2.6226043701171875e-06,True
11,4,14984,11,18,ashamed,031b3ddd6e3794eaaff7634fd8c92223b4cc1223fc228ba65106e2296221cf66,2b74bd06be2c02793d23ab031e6f7c9eae8b94641e088dce34fe9a8b23a6680d,0.9999999999990127,5.78900653636083e-07,2.2649765014648438e-06,True
11,5,2000,19,21,to,7a69b848f151fd15f4f5cd79ac755d1cbdd4c1b45c641b7f14bc731d2156ea10,1550114d5be19d7d124f767961b3a46f3258b7210d9f58178a67feef2c3b4e40,0.9999999999989498,5.915486932887385e-07,2.7418136596679688e-06,True
11,6,2031,22,26,have,0d89ce0651210302118646c19f5f27d099cbeef08e3db5832406402b39f72435,2882fb7ec4bc5569671bd3c8cc3e9ff9e9521d054ba92930ef54fd04e8c6039a,0.9999999999991961,5.265210347715765e-07,2.2351741790771484e-06,True
11,7,2081,27,31,made,9dfcb803be4497b04b13d985132f464507c61494cc864aff00ac19adb98bb185,c871391c77e6e0511633cab8bb81d290984f55a821d99a5f240a05221bbee019,0.9999999999990858,5.07461663801223e-07,1.9073486328125e-06,True
11,8,2023,32,36,this,d9692b199e8094322dac7183b343696dda420578d77fc7e5215cac243d2e70c5,e118923466e3a887e433b2aafb3e843e71144a22f2e1589f9e62056ea71feda3,0.9999999999991914,4.746070771943778e-07,2.1830201148986816e-06,True
11,9,2143,37,41,film,a3387654ff41c07bcadd4d376eaffc9cc67db4b59df4af9bd03e75f11b2242c1,0419de34cf4b31932a9c64e69edd218b581a6e8ac7c608a05b2517bba5487b35,0.9999999999992238,4.567609721561894e-07,1.8477439880371094e-06,True
11,10,2065,42,44,if,144cdb36c9da5d0dce0a3c67b7be9dab5fc41e19f26d12ce339c6d8e150efa0e,056b4c33b8d8db19d3fff52ddf695669c1b789b849034275e6a2f71bce045e6e,0.9999999999991195,5.607198545476422e-07,3.039836883544922e-06,True
11,11,1045,45,46,I,f9de64ef61cbf430a291c1a7026b187943e7abad4ee82b27b55f2963dc3017e8,02dd9501c76caf133ca33dedce758f00b45f61365ebe407b8655a46fccc9dcee,0.9999999999989341,6.218178896233439e-07,3.4868717193603516e-06,True
11,12,2001,47,50,was,1ec4895e380a1e83c9437ac5a90465526d9b67c1837664269bfb93068f82ae61,9e4a65580c002ed2b97c31088484e8f8551e897b25247739011d9d5bb337c0b0,0.9999999999991889,5.745957120476911e-07,2.5331974029541016e-06,True
11,13,1037,51,52,a,05e1f506be46f2ef02822eb550dbdca0ce3972870be638730ac6fc2aaf86d07e,bfec27a8f2f79e49394be4c4bd3d6d97a96540a995ce4e7e782e3fd376803123,0.9999999999989128,5.896678582454721e-07,2.384185791015625e-06,True
11,14,2472,53,61,director,be321eee75ba43b7f51c584df70ecf9302cb267f36e1865c3480ee48a86ebbd5,1a1731d4f3b6c05fa849eabb4f1b46eb54a6efb780d080ca8407dcece50d4554,0.9999999999989639,6.308376517457267e-07,3.516674041748047e-06,True
12,1,2030,0,2,Or,04a0cc24a7274c8f187abfbe90d2027a706e6f26a9e90bd78db05bbc08d1799d,873295db3799004250c0f16dabf3119875215b4352cf6b3cb36008224de0eadf,0.9999999999987793,6.678492354694754e-07,3.3974647521972656e-06,True
12,2,4788,3,8,worse,1fbe64d136da75a17b890f6ee0c8e713b56a8ea62fe45a270fad6f404d7bff1c,4ee3078ba8b7a9c09b1b9509b4babc0a5afd5f22733babc973c0a66bf8fc9a4e,0.9999999999987005,6.630828769023841e-07,7.510185241699219e-06,True
12,3,1010,8,9,",",432436ef43d7ba03f45aaf0d7e580c4e971df65c325c431c26d867dcb4c80082,0909bb7f6b65eef1d2f89db5801120a6cea1c3d40191ee3ebfc8bbb4be6f5faa,0.9999999999992292,5.251480009368e-07,2.4139881134033203e-06,True
12,4,2019,10,12,an,2fcd4900dff137ab13b8e5b1bf123d3a29bc6736d3b049c3441af5c3de6a849e,1beddebff3e1019ebb18cf25beb1292caff1f22ba73f8676ca80a5284448e756,0.9999999999988107,6.842813794113075e-07,2.8908252716064453e-06,True
12,5,3265,13,23,individual,36895393c3ec596555713a4573c87d461cbc8010397420fe70cc319d82d81569,e9ab53af5d8927842b7502abbbad88081ecbb99782f9bb1bf0d75e732d31ba3e,0.9999999999988585,5.882041781054189e-07,2.637505531311035e-06,True
12,6,3130,24,34,previously,197ed5da5aa5c4e9718acb1d30b8a9b0ff228a4759da14730f8c470287e886a5,87299ff84b06e6f9c8a8f0e4b63964ff9df7d6769bbf232977334a2b1fd7afbd,0.9999999999986962,6.380711662738273e-07,2.4139881134033203e-06,True
12,7,2018,35,38,had,c7814a6180644f6293d6fde2736a83cc350cfac2307be11112a0622e471b74b0,f723b772d0581040f0bc8f4cdab493cacd23a28c15cdf37e15949a3eeff5d1b2,0.9999999999987297,5.802370045178881e-07,2.682209014892578e-06,True
12,8,2204,39,43,good,d165b06764157b8571e7214b0c7cbd77ff60eb3661a340e662cf0d5672f9a270,592ab142e9e949b6f4fd6b8652841c619e8816f19d7503aa0f68ef81a9fa0ace,0.9999999999989739,5.261839154021194e-07,2.2649765014648438e-06,True
12,9,4923,44,50,credit,574e41e0232b19de015d1c6896a48b38f2d42b028af32e59d132760fac9cbb13,f5a7803e7ddea942cb2c4d5d9a385084c0a2ca269a84066223cc164d9410ad34,0.999999999999201,4.818184606847353e-07,2.086162567138672e-06,True
12,10,1010,50,51,",",2a9a34f80db339ba191a922813e627fe817296d863859817bec9cf0384c1d01a,898ac77c15d67694e5b5313f7f69163c848b35bfccf87081f302e3a36d101d18,0.9999999999992338,5.212320199158663e-07,2.6226043701171875e-06,True
12,11,2021,52,55,but,f07e99711d895e253d4072ff19c0d1b69a66472734a1628f0ab945875ade19b2,ff160e6fa8bbbdc03352429be5e7f0d16e008a1ffd739a40976ce610ee9c8ec2,0.9999999999989488,5.459987733047456e-07,2.1383166313171387e-06,True
12,12,2788,56,63,usually,e7d8104c7a3190a0032605889b5073e0e81878eff891955db9bcf2666707819c,70613b4b12ed97bdabc0efc1c719480c099fe5ffd7288e63d1d70002f491a2fa,0.999999999998319,7.49910517091242e-07,3.159046173095703e-06,True
12,13,2011,64,66,by,c3ed3c9b302dac139161f73e27b4ce8a50c1e7e1a3f55b624eb53c585055bc56,00b82192ac6068ab91722589d146652c9834a8d3725aa2eb06a29fb82242ab86,0.9999999999989694,6.414272017233694e-07,2.3543834686279297e-06,True
12,14,2053,67,69,no,ee774f82bd73ea28dbea5f5dd6c4473a707eb7d392a30949fb10ad65584479a5,add333ab61d2522581c4f0eed6ec22d8f95238d2760abe0afb03bd7ab7cf6e6f,0.9999999999985548,7.091275620041415e-07,2.6226043701171875e-06,True
12,15,6346,70,75,fault,529b6b034b8051aeebc4a06cde130e137c24c7e8272925bf4f434ac57134dbaf,8dada4755c37f8d12e72446aa1ba93df12743dc6e6f381a8ec4d5c3795d3c7ce,0.9999999999988974,6.925110938027501e-07,3.0994415283203125e-06,True
12,16,1997,76,78,of,31bcea4383ce73ac1504e8ec68720d289c859eb9e6ce576c1abb6982916d92d4,8563894713b81c3fa1432bf5e52f65cae7a67718eec687b3cabf0effae4b45bb,0.9999999999988631,7.235894372570328e-07,3.069639205932617e-06,True
12,17,2037,79,84,their,76483f6079671fc15d8811c3b7dc452f9626d7d5a6be89632d280d1ebf7b878f,38e97b0a307d55a86eaeef54987513cbeed7597eac3047a8f42f9131e39b0062,0.9999999999990208,6.14597108021068e-07,3.0994415283203125e-06,True
12,18,2219,85,88,own,9d5cbba90ba9633004bd6a5ae1e0872c8390d2fc3afd168e576b06422d601a31,aaac5f6a2692c8310ba5c97ee0012706c9b202533563b486650865760593d3d2,0.9999999999989615,6.658677496792128e-07,3.4123659133911133e-06,True
12,19,1010,88,89,",",d334f41451afa1e6b7228860d5c6797eb8c3bdcdc3b3cf662e8b2cdc6a1d0291,5f6357d8380e9158836707a3a0e31c5eade843442786d07b5ad29e6c82c08b48,0.999999999999167,5.776128091383725e-07,2.7120113372802734e-06,True
12,20,2030,90,92,or,06d1868850037fbf921bd5bb3333ba6156a7e8c49bbc46d5106887e3484d792b,f8aba1be3a21548ab5539cfa31dca647694c449ebbb1e543766b427a5daed66a,0.9999999999988645,6.215286703081802e-07,3.337860107421875e-06,True
12,21,3383,93,100,perhaps,a336d0731ee4488425055a83c19d00ed91f8c34a295aab6af30890513925424f,8366f1aa1f833504d40e399bbf2597e001153269d07c24cf91fe0214a7f93242,0.9999999999985885,6.523769116029143e-07,2.86102294921875e-06,True
12,22,2011,101,103,by,b561e65bdfc266e8a40cf8854f5c04f059ee8e0ae50afac8132d2767d99f1f3e,7e85e1406b1134d56108143e0a819e8af365c219af34b83e6fff55442b1f9b23,0.9999999999984598,7.962953532114625e-07,5.0067901611328125e-06,True
12,23,6346,104,109,fault,25277d68dd93d578ef53d069b6afbe33ee9531e35da35b94cc92c48e6cac1ae9,1345c1f7b4cff199aa5a0cd525929a39b6375db2d21d757d32e3c0588d16ea3c,0.9999999999988182,7.467927692535644e-07,2.7120113372802734e-06,True
12,24,1997,110,112,of,d4a9faaf100a8cdf5c828cdfbe26fc088d04baee318ae6ac23a56495d84d594b,8c54c1070c88fabc056ceceb94813d18428e7fd393efbc702ebb23779d70c292,0.9999999999988983,6.987053590516249e-07,2.8908252716064453e-06,True
12,25,2037,113,118,their,0412a0b40f7675b616a69a58460ea207b7abd7db499496a82f98eb47a655de54,fc68f7cf3fb8f463c61c53bf324d0138fc5ad98f504904cc64724c19c769bce7,0.9999999999989074,6.583880652518322e-07,2.9802322387695312e-06,True
12,26,2219,119,122,own,780e57a162fcafc6c8d2ca0594afa3c3bb3236afe2d727ac68cd709cb66a82a6,4d29f73f7efd9f65f40b982a7250270a1fb76e8ed1c4c86a84c95090ad6a126e,0.9999999999989884,6.639165803790092e-07,2.7641654014587402e-06,True
12,27,1010,122,123,",",6d3caa7847e13fa430698c1a741bbff410c06625b8e93978bd41ee2787fd0eae,b7fa82c68dbdaf254c8c3b55a6c8c4886d77b5911a65af158d8de3296cd4ff86,0.9999999999992015,5.192826696050664e-07,2.384185791015625e-06,True
12,28,2027,124,128,they,363db8d208409b4db90273357b7a4fd33872f1f0ff7b86bac74d151839217f20,23bf97538de0bc767805fb72590cc1afca7ed116104d030554fad045b9593d3e,0.9999999999987028,6.620794010814279e-07,2.86102294921875e-06,True
12,29,2031,129,133,have,4a664c59def8aa3a659cf998dc172f564e6a2c6fed6ae8e2a89238f9d0d46abb,2860d9fe0b6a20e0bc45b6eafe47857a3dd9d6983d5f8a786f388f8e13696fa1,0.9999999999988598,5.910333129577339e-07,3.2186508178710938e-06,True
12,30,2292,134,137,let,28af7fa68df38104a7f2ae7d6746eb446f4924571c475a3395a184794016ed7e,ef1bf0df4cc6dd6cf1d3726a935dbc3a4782c54050c57770729d37d35f500fce,0.9999999999989573,6.102903474432727e-07,3.814697265625e-06,True
12,31,2037,138,143,their,4bf34aaa4086a7f254489f8cecb0fe843e8d526cbd3c5db099f9f0c7027adaf1,35df235f649d582bafa6b09281c4068905788505bbca9a07acae9c059a0948ae,0.9999999999987312,6.639899462849522e-07,2.384185791015625e-06,True
12,32,4923,144,150,credit,be98b927c5c20ecfbe90eb5c3ee66b1b8f72547fa2424cb37c5a46962b37f940,b0040ffd9a7d91f48c5a7f31d1f593ddccd45978171b417d3a2cf72adfd71123,0.9999999999990137,5.521008764238408e-07,2.6114284992218018e-06,True
12,33,7842,151,153,sa,26d9dc2024cca4441aed10c163b6b042b40eaa4f8e6b91841e3c7c7983ebac0d,307e27c07c2cfd45b26e634495324cf1353db9f46b9ca320ad5d74726474bb92,0.9999999999987133,7.459469391809156e-07,3.337860107421875e-06,True
12,34,2290,153,154,g,e1ce38fc1a6490bf834018b6f46503fd1c727d682b51f8c6de50322beb148dd0,8b104e8e6f5e0631cde453bedb0bf143d483f0ad706db0094c009aefe3ae6f03,0.9999999999988213,6.583056043988714e-07,2.473592758178711e-06,True
12,35,1010,154,155,",",d0cb75c7c3f662a6a704ce6dd636031eedc3dbe8f0dea965dae011a53e582dd7,4517ab6cd01716e9ab5eadfa20741909b8e78a09622b66cba80db5106c161e19,0.9999999999977011,8.957476893556304e-07,1.049041748046875e-05,True
12,36,1998,156,159,and,9edd8634871a7204f5367bf3292852126e59a0a08761bd67a83fc7b057af3180,1acf50f1d04e26d1869519daa3dc1ff0f67e8b12b4619d9567a59f043646e28c,0.9999999999990784,5.652151836936051e-07,2.86102294921875e-06,True
12,37,4923,160,166,credit,6173687afbf13c3aae4172ab38757ea939794c2cb16c1298d4ed1b23beb99630,2262887a38a2d9812906b8a4ad79ebb06a708f29d1883d9ffe8a69e27e5cc442,0.9999999999990591,6.000063876854256e-07,2.682209014892578e-06,True
12,38,7644,167,173,scores,23ad508921d9cc382a7eca17a89c28772fb2f07161e8d0f51abfebcf82335d41,e43d195a0b67c83679da7655f52c71f684cc4945f58fdb7bb4cc9fd06a32d5a8,0.9999999999986855,6.114193335330734e-07,3.337860107421875e-06,True
12,39,2003,174,176,is,4257b1f86bdec1600ca034d0d3928392072d24e05ce490b5090d1d5635689c01,5acbbeb3073bd1665ac7806f8705b60b4ddc6c3f6d79ef8dd72924b9d8053cf3,0.9999999999985817,7.468273300522318e-07,2.9206275939941406e-06,True
12,40,2200,177,181,very,0274d5f5902589e49565d73c790c4901b974b35c805b171f2d4f0da2894ac2b2,82829874654f13c4827bb406a638c18086989be3cf06d5599150d785d154c52e,0.9999999999988559,6.752173552134385e-07,2.86102294921875e-06,True
12,41,2659,182,185,low,7ed7a3e31f9edd003ed5e4f14d47ef619b094dcbdbe6de098ec3fb26040aad4a,a2ac4219edf723d620acba915153cef612a7e9e2d0087acfc3d51ba9d92dbeca,0.9999999999991817,5.332137031170229e-07,2.2351741790771484e-06,True
12,42,1012,185,186,.,630a6118e48c2ffb0d90055e706e6d5f4e25236dc937fa3bef97769a029e5355,efad2d36c22bcfdabfabaab87f8339010324e255412bbbdb0091637da8804cb6,0.9999999999988642,6.35480925363178e-07,5.7220458984375e-06,True
13,1,2005,0,3,For,fbe9a5e7a8356877c86451e50478a677a8bee296ca8b1007e5ac3f25da1fe845,62ca94c90bb492baf690401cd43d2abdeea37b2e58183020b516d4569d194586,0.9999999999978022,9.083839055771629e-07,9.775161743164062e-06,True
13,2,2742,4,11,example,bdf8b255ec9123ea52ab24f26c8c9411b34c767ae4a672f46f29e18b9ddcc9ed,6d9de72f83a234f69f2e5713630064efaba095d85a9e5ec764bb2880de6798be,0.9999999999991034,6.343598215607926e-07,3.814697265625e-06,True
13,3,1010,11,12,",",19cb85365b44424ccc51986198247163612b6456cc08cf846dc0250dc61e96a6,f1ba34b7fd9cb02f1bb811a8d8f0c990bd1245c4bbcd57136b1ddaf6efda6b84,0.9999999999987464,6.937492192567637e-07,2.7418136596679688e-06,True
13,4,1045,13,14,I,afb6fdbb8680aa1f3d918c6a38f93398d8dc488dc247c232148ebb51c79b5290,e85c8d337688b0f6f52f1f20db31111163541db0ed049e43481e11f9ee0f6a23,0.9999999999988372,6.815865466099543e-07,2.771615982055664e-06,True
13,5,2071,15,20,could,e28f13156d345738ef1ecb75d34a4e6f46253804d357ca0f09e72178b9acb1bd,30a1ef6bc48a81abebeb2fbe554d459e7d197693f52f9d07bed4b35efd9182a1,0.999999999998752,6.954614946153015e-07,2.8312206268310547e-06,True
13,6,2202,21,25,take,796e61ec9cc6bcc08390bdbe3bedbd32f13aad3fd0d048fc0a5e60c9202fbfab,cff8ca52547365bd6b3ec1e4cd1410a0739dcbe4776ced4c92fa620132b6dbe7,0.999999999998628,6.580424572651585e-07,2.7567148208618164e-06,True
13,7,1037,26,27,a,c5c497a49e62541e6fcabc6735e4d142fee7616b02fb9be1de23bdfb52adbbc1,08052f32b75dca78af9a63c391b2ea2f1b150e5a0ae88d3be007465231a1baa7,0.9999999999989665,6.032187229720876e-07,2.5033950805664062e-06,True
13,8,2275,28,31,set,810e3607c0ac3a4d6dcb4a09d2b577f3541736c7d7bcd8f97ff43bb656a34bb4,400084e6156cd3662aba14b01d7579ae23e6226a53dd09f67bb102297854d724,0.9999999999989458,5.864294507773593e-07,2.8908252716064453e-06,True
13,9,1997,32,34,of,e82e6ab8c95046b271493b79011b8993418eb25375e5af0eec7b4ac4344e467d,d8102ae12ee9b28df833db537cc76c9080d4bcd624a28ee309243c77131518e0,0.9999999999990833,5.666085295767213e-07,2.384185791015625e-06,True
13,10,2951,35,39,data,9bb4748cf3a16952620558915a6cca78515525f16a9979b6070ca9a354d94e6e,faf9e74d8aa07ca5b83fff476c82d4d9444bd1d6939673cb74a8f2da680c0b11,0.9999999999990332,5.62613725681634e-07,2.7418136596679688e-06,True
13,11,1998,40,43,and,44117801eab4d318d089f88998462acd20374a1f81d438f1df2e2a683c156955,81fe471fe6bfcadf50ffd84a8944e19fae9ca3dbe6cdde7b689e6dc23f5bce67,0.9999999999987846,6.840915981835375e-07,3.0994415283203125e-06,True
13,12,2013,44,48,from,bec05b326f21ecb3dbd42ff17bc156178b60255255b37f1edb0bfdb7ab0a1c6c,9a3a39e3afdb9522062f4cc1eeabf7aadd3d6ab7e15371714a61cfa5b858dda5,0.9999999999989306,6.745976861566305e-07,2.7418136596679688e-06,True
13,13,2008,49,53,that,de2f8a865e97ec007fea6f241923a28b239fec463e5100a890178678e71f3671,95cca5dab74bcb6d5669e20d25f7c3441a428e9f038c35eb0dcc40ba4699dda7,0.9999999999985499,7.42706106393598e-07,3.4570693969726562e-06,True
13,14,2951,54,58,data,bed85f3302bae14bd4ba2a2a601b162a21de6ca24d01484075c8ab965e3a68cd,d06c236395d24a813fb795fb710474925011995be233da3b5b80b4e69b15cfe2,0.999999999999008,6.114284284800912e-07,2.4139881134033203e-06,True
13,15,1010,58,59,",",635f8af54e08fa5638cdb96e05a8c2603acd81ddfc08c6254964f04afced6140,38e66fb89cda32536f72c14b3a3ffaa29bcbbfe25e57c80a2fac7f37b03118b2,0.9999999999958118,1.2583544351703797e-06,8.07642936706543e-06,True
13,16,1045,60,61,I,bf71fc03f4923b002e8133fcd34ed8cded945854d785990b007fc3b38b594029,0c2d83cf2911921601f8db17ef453d5b969efa01111092ae5404d6d22dc74a71,0.999999999998783,6.844693416496739e-07,2.4437904357910156e-06,True
13,17,2064,62,65,can,5d2ecc6c9ba187172818dd5ef1bb9e64f43d18cf315345eaafd09f0f78c71109,4c6d9dbf756c37ea2d2f44e9e8b1f92fa1cbbd66e424dac50c056774a804f852,0.9999999999989896,6.312196395204713e-07,2.473592758178711e-06,True
13,18,2424,66,70,find,281bbba6547ebee6cc56d3e05719917dc06634ea82d6198f104628b5003c17db,7123eb7f39ecbcc95e85412cccfd9889783cebc79448a406100a6027da086beb,0.9999999999989354,5.839697223564144e-07,2.8014183044433594e-06,True
13,19,1037,71,72,a,434ff7f0359e0130413e7c5adbc1f28e8bde4ce0f2f89011d1627ba3d2b73c67,1176a314e76d07ab479d8a26909310bef0fa5b229df91b6a1f1e467fda8c6a84,0.9999999999987901,6.710433808621019e-07,3.2782554626464844e-06,True
13,20,3276,73,85,relationship,463eac6d290c7f70abee54b2be17749e7889cc982d78c21976ff2319e1e76824,397ab22189a968a6096e33f574613d45205a9f9b92e9e30012f94a1056c61a6a,0.9999999999988654,6.363976960225651e-07,2.212822437286377e-06,True
13,21,2090,86,93,between,67c3cbe81f1fd7f5c8ceb6416ea4d28422e2a8ea5b3ce055b2b931db12258ce8,546b5180c8c746a13b3dccb99d3bdc77f3b4dd907c1a489f8d8d5a3451d73505,0.9999999999988937,5.908392874213556e-07,2.86102294921875e-06,True
13,22,2151,94,97,any,151773346819311688365c710cd9753b67725b453a13a8be4cd78e98df8bc6ec,0c11ac7486195e8570b6604793691d46b18d4cfb552f6d10a08db0d2d85b3e5d,0.9999999999984512,8.069134006897608e-07,4.082918167114258e-06,True
13,23,2048,98,101,two,09f5406b9d35962d34eaf38aaebf22ce45ceb61663306702412f1bedee3df513,1d76c51405737208409c70afd90bb068e059c2122647368df28de57d02b9c107,0.9999999999989518,6.281667689715201e-07,2.473592758178711e-06,True
13,24,1997,102,104,of,d3fc8ab71a3c3d615f3e2d9dd18a8b18cb929ab4c7bad7c3018197ec37d49e29,f9b03e612de2e2201bcb5253434400677e6b0ad6b9a697e8c0b0e1b969616f60,0.9999999999989555,6.378165077573309e-07,4.76837158203125e-06,True
13,25,1996,105,108,the,198f3f2b4e62f638728cc472746d4c7b10b4d48f9202d92673beb571e8ea4b91,ea1e625ccd46ad6e3dd8e8388d0b9ba9daad2ddf4bb1b8d3e41695928924dfe8,0.9999999999989735,6.489559988646457e-07,3.039836883544922e-06,True
13,26,2445,109,114,given,ac6298036cb0785bd924a97a6a6d1f97c857490a50a4edfb3bb5a31acf3d52ee,26a535bd49d6172491faba2541f8515aae79490fceffa8d4eb817b6ff8f8e04f,0.9999999999986892,6.410679513161691e-07,2.86102294921875e-06,True
13,27,5876,115,122,factors,1803cf88f107252814179482ef46b5394ca36bed23717084173052c2555f3ad9,480512d111a41d11e54723b8a88df1b648e5d59e4344521f307448873475ab15,0.9999999999991224,5.69703236881954e-07,2.4437904357910156e-06,True
13,28,2030,123,125,or,45a9ea5c586bf13e537f7310153809cba5f442fae1c48377cdb20b1d8805ce44,a8233c924107b6794939219adff7a92a97cbd24d969d93b056d5860455c6e9e2,0.9999999999988479,6.886418001765074e-07,2.8014183044433594e-06,True
13,29,2062,126,130,more,1d41c0a7903ba239a4a179b410b9013dff77cbb4a0780a9e4318ab607064b1db,ac45181e05cb566a2abe7d7c3aa74e2b98289aef58a3fd1dea1b0930f0982cbb,0.999999999998876,7.086140006625404e-07,2.995133399963379e-06,True
13,30,1012,130,131,.,c40272cd3565428cfc25d71ce263a5f0d4b82da8408cff8d5e9b1766e88fa3c6,300e3fd226f83878fec9e492d0a7f8e9d9406b60cab8eccf121db78cbd64370a,0.9999999999986366,7.0264771541891e-07,4.76837158203125e-06,True
14,1,2002,0,2,He,16c2f749979c1360dae56dbfa4363dab03332dea68d92edded048a45956d5d52,3542a8b5caf075d65b22b15e54368be3cd6853bbce037314b9d591c132f372f9,0.9999999999995606,4.1108311658414703e-07,2.0265579223632812e-06,True
14,2,2003,3,5,is,b4026179f604874a011a377e41a6d4908ab57e8c0d5391ba45af4e465eebdce6,c231169c1b933fb0c101cdf98338fdd9b9e6232c765aeb03b3af82c2fc11baa4,0.9999999999990489,6.297505024122074e-07,2.2649765014648438e-06,True
14,3,1996,6,9,the,812c037a31a723b1ed81f5a3611d5a6ca0aef4d62ead088068246948944febeb,cb1171271a6c7ffa0100495eb5e99b9580a5ab0d35dc5de388f829a85c95ca0a,0.9999999999994917,4.5504869679765153e-07,1.6689300537109375e-06,True
14,4,2522,10,12,co,f0f146ca8546cc470c92843c5b874928181d0097b30dc4c31bba062ded23202c,e74a60b9caa40e9682556e4d82299f4fd04abbd11f7fefb15bc9ddf88d994163,0.9999999999990768,6.367360280516247e-07,2.6226043701171875e-06,True
14,5,1011,12,13,-,e74590a4a361ac7b05cf193994d19f57fc665838b43b05e229d8836390940fdf,6f503bb309e7d7bb16df3bd0556fe7d1992193970de48c30f2c7f6354b38b138,0.9999999999991757,6.39076461084187e-07,2.9802322387695312e-06,True
14,6,3910,13,20,founder,d1935c461cba31f051d4fbba2b788170052876f3112403925500169d9656db79,a3c94402d0386aed3c38c05a5ca785bcd2313d2a9b18e6418d42f313c1d0be01,0.999999999998919,6.405868286189312e-07,2.592802047729492e-06,True
14,7,1997,21,23,of,8bebfd3730e332bb38b3f5a9f139d1422c497686f57621a1837d0889f2a19988,e60424a4e3e0eef6a4545747d6174f99c367acfe0b6593bd77e99208c992570b,0.9999999999992434,5.405230088702714e-07,2.1457672119140625e-06,True
14,8,5811,24,28,Ross,b4ce70256aa7fc8e1cf1704c82a6deb440c47fbb2177c4bee2956cb548515886,b68ab0ee97e0317ce51c6e1ea5c8aea47d6e28b0c66401d8512bdb1e3a1a1161,0.9999999999988245,6.189742028558006e-07,3.3974647521972656e-06,True
14,9,2368,28,30,en,b600d10df856d760982dcfd38c7128981ece2f12a2a6451a2f3fdb727ba514d5,859718555cfeb1629661a1a549c6766fea20869c62f028b9bbcce5c478a01bed,0.9999999999989242,5.254672335771223e-07,1.9371509552001953e-06,True
14,10,1998,31,34,and,77065b7cc9eb1e35df2cd4960a02b5c75e559eee0b72e59509202729aa6f1d50,dd3b55cbc3a4f369cf9b700718f3b57ccf21758541dfaae274a242bc8d729459,0.9999999999991502,4.965816818488141e-07,2.3245811462402344e-06,True
14,11,29525,35,38,Vet,e741e23f09db054a3e661a023c104869ee5a3c325392c5ec0ee9ac223b6d81a3,7ada79c434e237de24d2b86719aabd0ef4c6ee0e86080e55627c8c7e58a26a61,0.9999999999986461,6.753398338332772e-07,3.1478703022003174e-06,True
14,12,4570,38,41,tes,54d7d89357c27210b67c3a3c2f846baae85719fb2f48768d169162e63383d842,24c1dea0b7317c559b9b9011d2024daed24f37f5c2ddf30eff4e9f112f4f4f99,0.9999999999988018,6.077037445114305e-07,2.175569534301758e-06,True
14,13,2063,41,42,e,271ee7db94c319b4f2759a0587ea4d098afcb1722492ee705fa0999499729592,afbf154767d3630375e3898c9a5109b90d563fdd987a88e5e2b141f21c25b2fb,0.9999999999990901,4.5749341855601716e-07,1.6689300537109375e-06,True
14,14,3132,43,50,Limited,d93779d9afa345c6b159e83b91d1bc509155f16acd048b68c93afbd70b1816aa,e8bb55377c70ce1c3419a772dea865d6d413bfea410d697219ef79d020305253,0.9999999999991157,5.401731565749893e-07,2.294778823852539e-06,True
14,15,1998,51,54,and,6a39d6a2d03602cf32e5f77fc9bb5f432672c014c19fd6a7d0295fe040f7ac29,6edbb3058f66cbd1f9129ede1ce2784e3650ddd493b986b0fbfd0a455ad1f0a5,0.9999999999993228,4.926720672907928e-07,1.996755599975586e-06,True
14,16,1996,55,58,the,5273b7b471da60095953411aad9bc969ce7b6764b95e83699c22e8373dcf075f,e208331f154fa47c5e2fc676aa921c1646d1d1c54fda93aa010645cea56aa532,0.9999999999994199,4.911386592236037e-07,2.123415470123291e-06,True
14,17,2280,59,65,former,04b5f7689087c2067e57e407184499a73db6213da488cda25bfb8afbaa272bda,36d57282a6426095b6ecfaeef08b0d2314a93643cbcf1c9160a493561bd5d401,0.9999999999991939,5.533430946040122e-07,2.86102294921875e-06,True
14,18,3237,66,75,Executive,eab20b407efad0f1e9b479fd4eea144ddee1c19fb9c1a3bc98e6234809f91b75,549074ebefebaa9fd9116b7147b0c86604426dc0b991b657cf629a0ae2195440,0.9999999999988245,6.56924385111779e-07,3.159046173095703e-06,True
14,19,2472,76,84,Director,9f972b0d43e51f6c6aa96da980e844d4ea6ecf492795392e197fef3a3dfae37c,8c5ca27d642b1acee9d39aa9829af35457dfb6e68d87649a97fdedf5dbf43422,0.9999999999987981,6.086993380449712e-07,2.5033950805664062e-06,True
14,20,1997,85,87,of,8204ffd569a8360e5b30c544437f1b3f6033cda555408b9b3629577ff56c84af,e7d38da5c8171796466e1bbddd5bc41d3778856130714b690d39269f1bae377f,0.9999999999987406,6.426113638250778e-07,3.337860107421875e-06,True
14,21,6375,88,95,Uniform,2ef0109d4dd3fb989180a17d29b12a1405b9b59105e09044621e8c88b32fc71a,231ccc6e22632e48d8b14dbe000aa6b051ecfc5beaa1914906107a0d8517a951,0.9999999999991249,5.23333559006763e-07,1.9073486328125e-06,True
14,22,2345,96,101,Final,9364258f0a37e5d127e8f607bc7b03a89218be00b8d4ff8208f6dc08a2b1ff1c,4038660be18956ed6c71b5f12ac44485a529c59a65059abaf3fea0a373d67653,0.9999999999986003,7.007708215193512e-07,2.86102294921875e-06,True
14,23,7749,102,113,Examination,751965a36eb8950b13b2fbb60f3b1145d6428fb40c552731d186cdd45d97c9c0,9ebadad4ed84c3e70a6f2816a9890c5b4d67cd203b34b5969d92f056ad35f89f,0.9999999999989925,5.955019635924449e-07,2.86102294921875e-06,True
14,24,1006,114,115,(,b4e0847d4d600714072224be6d3647b6c54a726e61eb102d434b632895fdd0ee,4368669ae281f36acd2a8ed9a2064deca156404e73ed8ee4f123baff89fa7956,0.9999999999989118,6.874273215847401e-07,2.6226043701171875e-06,True
14,25,1057,115,116,U,27bbd864bc18ab9a1d44e17fe5f216e9ae9bf665296936bc82ecb46161acb490,e4d364c1871979ddef7a3317b135e84e85372881ce3a0fa6c242eb0cd4acf955,0.9999999999987494,7.488215487683192e-07,3.933906555175781e-06,True
14,26,7959,116,118,FE,1e865a32d969b7fdf40d3bb38b2305c76234211bd189e2a81d60526e75095fab,99618daed1ad15b2dea5bf0ff6e4681a5b711c93c4706fe76945447af5ab66b5,0.9999999999989365,6.961557422376549e-07,3.337860107421875e-06,True
14,27,1007,118,119,),e80b9a2ac6f94aa6306b418ff4fb1a529bfb986af113478ece654f63673d9098,ab06b2cb2ad6a157f5a5789106998e700289228911d993215f0819bb62d1091c,0.9999999999990785,5.760769757519787e-07,2.3990869522094727e-06,True
14,28,5352,120,127,courses,f2c3861482bd61119c15f27fbb2dffa70e6fd97dcc9fb4f1a49315b2ab179124,c92e52f3c32cd58402f3f76fcbe7fa579697aa1309cf16551de5b10af1a10b24,0.9999999999990369,5.133679223945364e-07,1.9669532775878906e-06,True
14,29,2012,128,130,at,71ed4b448e65680d29e93eca0bab078d54c26fe431988a3c2e92779deebc60eb,e72f88db75138bc64088d00d7e64e2abc4774b0f9a7331cbdb9a5cbefb402950,0.9999999999990988,5.192753936474522e-07,1.9669532775878906e-06,True
14,30,4361,131,138,Toronto,a5c793221fc8378fe949e9bae2bc7cc22e346214edcccea6757448b3c18cccb0,4bf242b49a27dc1a3b4263ca4dc8f094a28e77f365abc0c391f9a636eb30aa96,0.9999999999990609,6.553624795439342e-07,3.2186508178710938e-06,True
14,31,1005,138,139,',5793207aa86dae0b0b27a49a252a502a01ca47b1f946dbaf471558289a66ffe6,494d1b894fb1d25059f5975c22987d92a959775cb519f392c4e0820aa1e80f6b,0.9999999999989532,6.853018324666967e-07,2.9802322387695312e-06,True
14,32,1055,139,140,s,91406fed191c3fd9ac395ef7ac0ca2b55e367197e1500efedee551b0e32458f7,835c652e663f1ccc798542aafcde16793cf5b9483194a4d8035e6c02d0af02cd,0.9999999999992117,5.861365934833884e-07,2.3692846298217773e-06,True
14,33,2259,141,145,York,417ca5c068f11cf20fbbb9ee4269c2b37fc5d4dfbf2c39fb82349d35e0eb2db0,517d71c0b4eee60e8951616808c04ee23d1747eb827ed581cecd124a1dff2403,0.9999999999992302,6.131255455935994e-07,2.60770320892334e-06,True
14,34,2118,146,156,University,6d93c71f21d1fd34389d3bba747223caf4a851cf6bf5a32c79b807ce8af8afbc,384b17c6cb22c92a85ecec5d329dcafe23179dac553e67b0ef57fa7cabecb828,0.9999999999990787,5.672094024096926e-07,2.3245811462402344e-06,True
14,35,1012,156,157,.,5ede6f462243260ebd8ecd31177ad227248fa583b2aa1e2f60077790a6f6bfc0,092737e0f054dfe8ee86b2623b89013189bb349f4b5545cb5e6405358884ac5c,0.9999999999989877,5.92926274597024e-07,4.0531158447265625e-06,True
15,1,2174,0,7,However,1fe84d9739dfc349f8bc03fd8a4d5ee8160d104c108ac3a5dc87d81efcbf6068,80525de8d459015a18c85a9a8a6e958439a929a475789db40e34feb2d34e41b2,0.9999999999986947,5.396362136404301e-07,2.4437904357910156e-06,True
15,2,1010,7,8,",",c0c2a5b73d2e1335ec963fe0c59ec19229494e62a7d80d061cd963e32b03cf4f,85d37145f5ed3443c95d4c487766484dbcf73a508700b94452df5e4c9f23c7a2,0.9999999999989294,6.130497543684518e-07,5.7220458984375e-06,True
15,3,2750,9,16,despite,5836ee734842866f2d2eb9c71e28bb5bed0ffa7d3698e6abf42cf5d95c8f9f31,9e2ffd086e554cbcb1b85fbc5b68b4e0ec36aade9b117be5820bc5d5f81a740c,0.9999999999987802,5.470604567866152e-07,2.4139881134033203e-06,True
15,4,2037,17,22,their,5843d04aa8e250a6238cb3dd44a30788fbe33cfe890187e24ce8f62ecb7bdd4f,7c1b4fd4b67626c01832283c98e7d5e4472cb13e3296ba355ecb3df911cb5689,0.9999999999985877,7.038058053391675e-07,2.905726432800293e-06,True
15,5,5635,23,30,poverty,7ccfc2646ece60caaf2be606adb2e3bb121ad86cfa5a9eaed534b395977ed8af,7739919ad0d78f98f7d8baa309c8c8741ba352bca8e9bf854b40e805daab64da,0.9999999999990506,5.439154241078844e-07,1.9855797290802e-06,True
15,6,1010,30,31,",",bc7df6719ef43c53c3ac7ecfb6c5b3c1913499d18a959513d967d0f1f7b4d632,d42584c8fd7543127be748bd90c3808a8df74163207bccc9a8e951e8001a1a63,0.999999999999091,5.642068572342396e-07,2.384185791015625e-06,True
15,7,1996,32,35,the,f2fa4a1ebecdfed7ad6c5267e029c07cc0b2f5404d4ac5affd0959b22a757d94,5efc5a82b22228496b08d2cf66d28075112a9656df260e6f2efed04a9a30c326,0.9999999999983176,7.376045990289034e-07,3.0994415283203125e-06,True
15,8,2155,36,42,family,83b97647e6b4f2b1aec58289a5114e65226297c243ca0005cf387c111de895c3,d02d44321ba4499545cf5fbdcd0bc13d9b53fdd85e29d4933ec9d833e5577623,0.9999999999986556,6.086805418211346e-07,2.652406692504883e-06,True
15,9,3188,43,48,prior,d3032abc463248cd850d5c79c16ce2c1c1ebca63ea2df7239a6a71ca347fa39f,3e3affcc0305f86eb4e9a143993fba8a036f2315525d5f2dcadb71799c710ba1,0.9999999999984989,6.54921677778475e-07,2.652406692504883e-06,True
15,10,25090,48,51,iti,a945c9ba576761e80bb383d4edcfcdea8ea5a8d2554c018b2ab9eb01532e71a0,bed4d96cb4077115d3d322828a7998a0f73625ad2f7921e749dd05a3d6719b14,0.9999999999986211,6.250350755484154e-07,2.771615982055664e-06,True
15,11,4371,51,53,ze,26d09dbca9145d0a5c9b7a092d2075d857660b599812e8aed74a9a878cc3d9a0,be59ca016cf70d10180886bf34c2d469d3f80f832087ec44aefb94fb9b43727b,0.9999999999979109,7.025040152560299e-07,3.874301910400391e-06,True
15,12,2495,54,63,education,b67a34be180cfc6c1f9d79e9fd13f801b62e3d2049b1cde1a255b420309bd658,dcf7869997c2afea9476397cd90b2b4d6a43fdd8b4acd40921391851aa4bd0ca,0.9999999999990512,5.303494011362394e-07,1.8477439880371094e-06,True
15,13,2138,64,71,because,951d0d940d22879a3c4c8190464392dd7018a00b91f3e393bb7dbfdeb166a27c,60c8e0764e9341b77f27271a83bf126b5c030168bea2a457d358841e2c309d8f,0.9999999999989921,5.219650726454953e-07,2.1457672119140625e-06,True
15,14,2027,72,76,they,01e533b5884ee2551252616f7ece4ddbf9a3a7aef9af5a68f7b216d1510088e8,d0c187c3486deb475a76f63aeb370b75bab3765e8bae58b439e9ec33940ab247,0.9999999999987853,6.122591003077105e-07,2.7120113372802734e-06,True
15,15,3373,77,85,believed,839466faa0ebec9253ebb0c1f1e8e22d501fd23631fbfdaeeb27098d44350d1a,18a97f38bf947b6caa817b18ee4f6b49a7037770606331ad59e8a7f39ac628c1,0.9999999999987441,5.956984144480278e-07,2.2873282432556152e-06,True
15,16,1999,86,88,in,e9890b09d887ce10e6bb7b1b184f8976e361a59253be6d36d0a293ec53a618c5,f663d1142cdcf89ef1a35ee27f57745e366ba4526d53a9ed95a5314fdaf369c4,0.9999999999992236,4.774883564095944e-07,2.175569534301758e-06,True
15,17,2049,89,92,its,418457ffe7a6f1f14ebcce010346b3d9ed51a56414677083fb75332fdcce84a3,1f6f4c0371e962da72416896cddb799facaa0fad4b1e67acadd7170ee04bc8a5,0.9999999999991744,5.208603397477418e-07,2.3245811462402344e-06,True
15,18,2373,93,98,power,4ec822ce6e42eaed4b01bdcec433ac52a790402e2fd51ab8387b3e20fa525d9e,217e57b8b19651a6b9f13041219367c32bd4cdebcd94798f114586192ab15c74,0.9999999999988315,5.883399959808836e-07,4.291534423828125e-06,True
15,19,2000,99,101,to,2dafe4d33c0a0967146b4bcf8b27d08d962cd4d161100a1ed21dc45a80130a5e,f94fadc80589d374051475b506d700e2276cefeb99b268293aea2625aa514b23,0.9999999999990389,5.550518835661933e-07,1.9371509552001953e-06,True
15,20,10938,102,111,transform,fa560c8e2fa43269de286d7b1848b1095aab473a6e829ec3ac10f3ecd7bd2e79,a66a0e426837091638ea437112e2eb20c7e897110e98cee592e230610517d3c7,0.9999999999993062,4.655563922521348e-07,2.1457672119140625e-06,True
15,21,3268,112,117,lives,c204edb1750c58924e833cd0e8c2c3945ea3a73e0c098c5268b6beb51892f7fc,29f5aef61b9baadc464e3bc816db829a4e732ef1251bbbaa4a768d89e5c5d6c0,0.9999999999987381,6.906442043449109e-07,2.637505531311035e-06,True
16,1,2009,0,2,It,a33bcb40f3a3d839a34158c3db7c423c14c3c5c8819cdd5cb99a8074c532d4cd,d009692604c10e2e41d3660da516a3e60e1cbed4d8fe6a98e0baceff1ae06943,0.9999999999988589,6.21488046211501e-07,2.995133399963379e-06,True
16,2,1005,2,3,',d9569f56fe511789768a1706cb1bce8bb5fc83da8ee3e0f2ec98ced1e51543ea,2737cf4a3c43ff53cda5d349d895e6a6bb8effaa65f81a7eb18c00c09b720231,0.9999999999987292,7.754424586892128e-07,5.9604644775390625e-06,True
16,3,1055,3,4,s,68a8df698b99fefe5f125f1f5ff7f52e7fcaf7c3d637de145618553b87c8d34d,29a12e099fbdb6d3a05e85693e0abf19526d996597e3565a5b69b12074656467,0.999999999998789,7.129941271462789e-07,5.0067901611328125e-06,True
16,4,1037,5,6,a,98b6bd364f084f9f9d4706da5b4d3f2f10b99afc14ecf0729a28b715cf5376aa,c3f854d461ea46af36275c630f55a5213a8b28a73347b50ba71f21f4c1e5b4aa,0.999999999998447,7.585749699501321e-07,4.172325134277344e-06,True
16,5,6659,7,15,terrible,d01d36150971197bd41f6248932a7c0ef761e9e40a5649408bbc890372849d6b,a4462dd889c9b3c9debfedb7bcda8259a6c83f228e7a6ccdc818aedfc1ff7625,0.9999999999976439,9.120036944902191e-07,6.67572021484375e-06,True
16,6,1010,15,16,",",2df71411f8900ba3614b8664af9c7e8995eb3c25396276e442b7e170c82422a3,435e52c877278b874771345b01842deaa941bc2cef0580ea3b62e3ddd8b7d4c0,0.9999999999989675,6.099714179678509e-07,2.9802322387695312e-06,True
16,7,2023,17,21,this,23f9e8cc5952cc006c96a6754b29f2e3bf5d2a404c811c06575a7cc88e482fb0,caf1fbb085f45714a03876ab01a7d4d81b09a422546024d08361f7236585ae67,0.9999999999989279,6.331144201491649e-07,2.7120113372802734e-06,True
16,8,2003,22,24,is,53a7d39aad52c70f7a8bd48d3cd03abc31c170e321e665536ac333eaba75ea0c,e4f9cfb357171c98edade6a61a7cd5a5b597a5cb0878b2993dfa87521ad4ea36,0.999999999998613,7.573738306139907e-07,5.9604644775390625e-06,True
16,9,1037,25,26,a,38f8451c0761073bd46e7549a0e262a79d72f2eafef3d69e8d8249f4bf2010d4,c9eba837e3695e7e3a3b2233bcabed015423f3a16af8a3f3b08d367355043044,0.999999999999124,5.618694558506832e-07,2.6226043701171875e-06,True
16,10,6659,27,35,terrible,170ada20a183824db601ea9b2bf7998339dbe7ad1cdf00100b0ad4aa1ceecd78,68845ac36a177ae924f78032ac8b01a240f28cc568e6c8a3bbffbe48722e758e,0.9999999999988713,6.44258155565088e-07,2.86102294921875e-06,True
16,11,3185,36,41,movie,e9d2a7cb114a73a17ed09895ee3cd86836db1af785c7738f061772bfd888b1e4,c46de77a9da900eae26dfe9f503f46ce26d2ecb9180398704f7e64ddfe5d79f3,0.9999999999977494,7.975334786654761e-07,2.9802322387695312e-06,True
17,1,11243,0,8,Applying,c8ca9ccdbc43f1b99c1e9cb6a3411a68a20548c1e3ada341133c75628057383a,5ce37e60b44e24305f7cf1a5757a5ea0a4fdf06ca92fe6d6860fe37e689b286e,0.9999999999984678,6.146365194581449e-07,8.106231689453125e-06,True
17,2,2122,9,14,these,576bb40be38e491c8d6c3296f422286c8485192c6331c2fbee50f495527955cd,c4f1ebed2bbcae5a79ac185df41e2c7e3477143d613eac46aea2a992d00ce261,0.9999999999988906,6.14386711580058e-07,2.5033950805664062e-06,True
17,3,2176,15,19,four,62f64d0ac942c229a642c1d5535c3da1c0bb4529263f3fffc000c84eb89c1c37,76865ddbc4cfc8ca5d694ef21195a3eb61f4b2f9fbd555818a7f68931896d513,0.9999999999991647,5.066499018842782e-07,2.205371856689453e-06,True
17,4,2640,20,26,design,ab7a7b664a2d34a47ede258db1bb8cb89a4a93d5b12fc9f5dbcc1db842312205,68d04462b07dff51801c875d831e31c03652241ee6ae258d0c6c464bcd5b195a,0.9999999999989202,6.093826717309033e-07,2.4437904357910156e-06,True
17,5,8474,27,35,concepts,b8626d32f4840bf7d72aa6d91485d5acd6d029e9febc116f301f11c4e8642a00,20f6ec93103824a7868118af9d1306b2af0114410f82a9b18441b7ee9749e7c5,0.9999999999990873,4.92505932925269e-07,1.8328428268432617e-06,True
17,6,2000,36,38,to,2180ca0881e9f984472c987ebd2bcc86797ba0e9a9dd747263ae89ff98664c4e,9fd342df91bddde20d7f9993800d7d0733a46bc5fd76896704e238445ce1fc1b,0.9999999999992476,4.6716013457626104e-07,1.9669532775878906e-06,True
17,7,2115,39,43,your,a4d9e206b085b8cead79ecbae0ff07e96c1e9271aa663d9deb8c80954e9aad03,d5c7e4acf64baf58180f74f890b088238ca19b1ec7090e50934ef90bf493afeb,0.9999999999988728,6.526728005458912e-07,2.5779008865356445e-06,True
17,8,18216,44,57,presentations,d8675ce3d1850259695d62e62677be6f622cc710a3ba22f1a68a8ac2938f8943,d8bd1f793b4fab0d77e2251897e17814158a11a40f4b14ecdbbfb13bdc4eb1a2,0.9999999999991714,5.071712318264568e-07,2.0265579223632812e-06,True
17,9,2003,58,60,is,1a2bba93dabe43d9213bcc162272cb88a64c6c5ffc26ba9f6cc5ef0c4a2c9e03,39dd0a87f3c128f40d804f07e554692cb172c9b8bb65e3e862506fca15111bd2,0.999999999998947,6.582037409922729e-07,3.5762786865234375e-06,True
17,10,3722,61,67,simple,d1b381d936dfb3b79dd0bb8da1762f26d91e487df633289a6094dcc5876d953d,9e2463b1505a7bcebe6732575498a6e7d89caf71d35b3b656aef0371291b7db3,0.999999999998821,5.855266257033994e-07,2.2649765014648438e-06,True
17,11,1010,67,68,",",20ffb38a62ed61d22c095ab1115f9d90d94b71d7aca1002d7422a040c26335bc,7892ee7397793e2213b68302640a04a522a5bc70d594af0bb6af907fe9a88ab9,0.9999999999987352,6.540109704170997e-07,3.0100345611572266e-06,True
17,12,3733,69,73,easy,ea173689d6056a4899439e56a0cc992acccbac61ba0d3d71ec0d62e5437428bb,fe3d119f45acca9af60bed8d4273b14a015c157e74db8acad2475eb6c978a42d,0.9999999999990935,5.681201097710679e-07,2.86102294921875e-06,True
17,13,1998,74,77,and,5fed428a5de8a6c26cebcadca900aef8b054fc193aca83d7a934f6826160bf19,3097ac69436a76f6aa45971157a966a232363412fbaaa9423e6ec3c42acd0370,0.9999999999987781,6.737148699661096e-07,4.76837158203125e-06,True
17,14,2097,78,82,will,e286eab2f14ecd1f5b9c0109a2674fa800b555a65a152357bed365b18d0f0f09,eba782db6c3bf79782eda88e253498d847218bbc63b6d7f9b5ede57d3d045b89,0.9999999999985061,7.811637866931657e-07,6.67572021484375e-06,True
17,15,2191,83,87,make,9cf8a082f5feff3f3399c78c916e16df4be573f76a4cd517e61debb4a4692052,f9be1ab6657deead4e52330fe30cd87000189da06d644235ebd9594b9e03f35b,0.9999999999989615,5.978657403223527e-07,3.0994415283203125e-06,True
17,16,2111,88,94,people,4be526e98e28f3ecabdd727957e92a8c0b141dd118a3afdc5c17af7aceb4a05e,55dd71ccb495265285d2bfb9f9c4f3b911d963474f679ff2614cf22a77dc937f,0.9999999999991941,5.720830813515931e-07,2.384185791015625e-06,True
17,17,2228,95,100,think,fd64260d3f9d7a515975def2893eb916bc13ffc26485bed7dc564bc03b4bbc35,7f136e96e2ff7fe7027a5fe94a8acf250e9d4da7db3e472ec880dc10ca1de5ca,0.9999999999988022,5.884767233510502e-07,2.950429916381836e-06,True
17,18,2017,101,104,you,a506684ff3623e53bf03ee1451107c239c66994ee028e3bee24bb7814bb37dfa,bb17da957f875a150ab123dd359c79b575160ce49628b81c48512d8f7ce853a6,0.9999999999987481,6.989412213442847e-07,2.771615982055664e-06,True
17,19,2357,105,111,turned,d7e35e89de6b49b415c6252ca919143e4e472f739f512a72e5d8e5a1605b09ad,6aa2a995bae547140ac568aed8fec37e61ac08656ed05952e692f4c8d6b4aa8c,0.9999999999987024,6.230220606084913e-07,2.9802322387695312e-06,True
17,20,2046,112,116,into,adc7e60235486441e7113a708bd5f4e5396eea091b3b62e478d5cbfa7d513bdc,7e4e677bd1316beb57b9a88b7acdc5b53058e293a0303cd91bbd259461d70e86,0.9999999999991099,5.737322984108081e-07,3.039836883544922e-06,True
17,21,1037,117,118,a,f0ccf16356dfc920f4cef9e710c073832862f55dab7d5e30e75c9d054e646655,197bbc0f0cc40c28b4ee5da3f754159b2130ff6f24b093e611b3f5ef443b9e2f,0.9999999999989917,5.931409153466424e-07,2.4437904357910156e-06,True
17,22,2640,119,125,design,ec72a7e4066733e468fc8fde28dc0ff12c6c7b99b5bf2acbca2e877c9918beca,0b4bc70fa2d512b976c4ef22f4d8e37eada44af847593d42291e1d5134ad90c2,0.9999999999991165,5.826974908510844e-07,2.2649765014648438e-06,True
17,23,11972,126,130,guru,f17c214641b482b345b534e0bf27c71ee7ab9d749cb73bc67779ac02bba404c2,71481f34df36efd9365c62b729a4c5c50e65fc5684b73c8f87c450bafc957ca3,0.9999999999988534,6.16092923640584e-07,2.86102294921875e-06,True
17,24,1012,130,131,.,24bacde16b99a7e7464154ec56bc9d1676e4adaaccee236de0c339422aeb48b7,5e905994cc7ea396e6582cdce3b9552421a02e67d7e97c4b82bc062463cfed39,0.9999999999989334,6.101484662697961e-07,5.4836273193359375e-06,True
18,1,1011,0,1,-,70110d68c1fbf293252294bc21efbfc5d1299d6b8eb618382d2d18a4e343d741,324041587ec59eaeeec72626fa61a31f524778d7d03e30d388a61b6228a57d03,0.9999999999985668,7.293456292245537e-07,3.084540367126465e-06,True
18,2,1998,1,4,And,78abdb2ffdf1779d9fde51224a671910f01abfca0857d6b847b32c3a4177a2df,bd332bc4344fa1727cb915fe20b9ee5abd147e75b9fab4a4f3b3f6f366196c08,0.9999999999988698,5.497950041899458e-07,2.294778823852539e-06,True
18,3,1999,5,7,in,f93c21d539140ff25ce1ceea07378cc5ffc142a84128f1fae80a8fac7736ee8e,9b22b292c427eeec6f8e6534a7d7f97347331163a7691789c9d036ef6c0cdb76,0.9999999999991644,5.225823163830986e-07,2.205371856689453e-06,True
18,4,5842,8,15,Denmark,535defb3c249d44ace16359d8de9e0edb81aee0b6e779a4c91ec818360d3be39,2e589309ee8de96c195549c03ed14c8412ec7f02eebcfe8a3e2dc863641d6d30,0.999999999998866,5.825271121769523e-07,2.4437904357910156e-06,True
18,5,1011,16,17,-,637a8cbf5efe10e988766c2cecac2d89c9ea0f3189365d580708ae6e6fb49f51,2e33b28b67a1d7a5b2d970f4a8fb35c7aac2930166de86b5563f182fc30ce228,0.9999999999989309,5.465602347006401e-07,2.652406692504883e-06,True
18,6,1996,18,21,the,101c84e1571bbef57f53d407952baeee06ccbdf64487a0961117b6556b57fcd4,12715c381d908d7fe2f5c343cd2a40e30c2c3d9e2b0e496171f50ac46701cba9,0.999999999998888,6.367775616430057e-07,2.637505531311035e-06,True
18,7,2034,22,27,first,47ebf7089f2b0108eb2eeaf3562cc21a41c523bd6342c6f204c0ccd91f40fbc6,bce1ac841f450b57589d7f121d33dfd1e9230378ec6077657e85b820bcbffaad,0.9999999999989113,5.437432264443487e-07,2.7418136596679688e-06,True
18,8,11275,28,34,Baltic,f9a7e0d59a34d00b30c0d04dedddfbe7eb600ed6154403b17e91caf2abc5245f,6d6e69c985599f73527e27aa6ac95fe874262f4cbd408818fe7d43c631919180,0.9999999999980793,8.28247721074149e-07,3.4570693969726562e-06,True
18,9,19429,35,38,Cod,4f584618a84609a184b8e9827767c4be9f488c7798392569d30db34d6392b3b6,8b1f43fe06c222fe9ed66c78731eaabd8680c4b676367bad59131c0b49c56148,0.9999999999985957,7.789391626526291e-07,3.159046173095703e-06,True
18,10,22880,39,46,fishery,f799ed60e4378b6368926178b44bcb39cbef4b66942a4619757fa3fe91132efc,2c8d78aaf026d1a952a798885be01581baa592b7d0cd157887363cea10eb80e9,0.9999999999986051,6.198636886741345e-07,2.86102294921875e-06,True
18,11,2038,47,50,has,47b211cf71dd84b484136989351e5c85fb94fa4928f700d30db3124c0b6134a6,e144a45e7686ade21afe58ef7970c76a24963c85172aee91156e1ac9adf096d3,0.9999999999989979,5.228394002187997e-07,2.119690179824829e-06,True
18,12,2042,51,55,been,e9eaa85fb55f8188993f68bd47f891f940513d54139d2e82b5375d0dbab5fb1b,0d6ad144e5de355d9b24e24faeb4d94b0416b23ec89395bda2dae75039b9f128,0.9999999999988225,5.983868807864686e-07,2.5033950805664062e-06,True
18,13,23794,56,59,MSC,a4638dfb5e700064304c2bbab3e4f67b9989c2d26c258c030b2aceb860a14de6,9079f73a015210beed23a71d1571ca9a4c84bcb9a0cee10c519f3e700ba9fab8,0.9999999999986773,7.290964276762679e-07,2.86102294921875e-06,True
18,14,1516,60,61,–,e7586da57e0b3632af98f892a030645ff33275574e78f34d88e6222a77ca1f63,111f2935d7f33603278ada351e081112f70dcae2a2d28d129287f3a59293fb0d,0.9999999999994584,3.1909924776603776e-07,1.2814998626708984e-06,True
18,15,7378,62,71,certified,97b560e10f3e41e6653a364958305f9070ad86dd34bc35fa68ad2391295d8dbc,1170f7f1ea60e47a2a84df38db3a5d9e879bfce2ceee55b6836e3b39b4164c00,0.9999999999989903,5.938442579160134e-07,2.2798776626586914e-06,True
18,16,1011,72,73,-,c9127debeb95c956db2964214b065f48545f912e5fbb96e1982b4c65f66f4017,dc1be1196639810a3774dc9ec4a56ee10d68e8c7ed5d5b5b991885041ee39ac7,0.9999999999989798,5.360529655717983e-07,2.60770320892334e-06,True
18,17,5564,73,82,Meanwhile,cb0babe408da68452d6bd84a1e600c3f35bb60af14751a8e20b265c794ec3292,c66825fc7b1485967fc8a0a7092bb347b6b46b471604f6db0cf868a286cc4128,0.9999999999986015,6.724221748299897e-07,2.562999725341797e-06,True
18,18,1010,82,83,",",eb2b1b8dbf48a67c2d36bd3bd1d3761cf39c78332139557ddb2b125471111bbd,978baad3a8830c301ba60b2496fdfbd5d1035fdba90248fb66b84bf4a82b8642,0.9999999999990951,5.688610447881123e-07,2.9802322387695312e-06,True
18,19,1996,84,87,the,aa4d364953bb5f0bbc36ff3b75ff5c16d172e1f0f20e8bba11f86f84db2a0edb,02070d7ff12bda8dc9001e9dd68c2a5f9e35c662130e95aa98b5aedafdc1a91a,0.9999999999993728,4.610131630518784e-07,1.9073486328125e-06,True
18,20,17282,88,91,Fae,ad6bdb5a9971ccdb3f4ed93551733c13651469c1bf978d00fe8db1023e4cab46,46bb35fe755cb293767d4e6a1d60b655ce2ba28ce7c39c942b1e468f0dd2777c,0.9999999999982055,8.793316131535297e-07,4.0531158447265625e-06,True
18,21,3217,91,93,ro,611b65ecd57f085c70df1269c10ff55aec575044b94f9a8277fbc2d341f8b043,2da878b062a806f0f72255fa7daab85b6c1c92ac9fcc8bc15fbbc414e72e5439,0.9999999999983538,8.64880348672159e-07,3.337860107421875e-06,True
18,22,6810,93,96,ese,44f2b5c4635034709a90b723b9452200a492d2e93cdbc4f1c377e17ea9734422,d5cf98784c393a0e9787685da1629ccfbc4211b1eeb3b16b48eab7e27df563c6,0.999999999998442,7.22731783753261e-07,2.6226043701171875e-06,True
18,23,11349,97,101,Mack,2715c35912bd6a6471ca7bca3a9b25603265fac4841e2c6f751bd0aed5946f9c,41a113621bf841bcff7ebdea062b89537207947126cb4025a9741dd1a9ae60aa,0.999999999998635,8.205309616945063e-07,3.3080577850341797e-06,True
18,24,7869,101,104,ere,e86053d1c50127257d69bb2f66570c067b3bbd8ec0f30437cee9c916e1662df6,04ecaf02b8d09c5f6fb75c43d7728f94a9a61668e8530600a4685a4792caee22,0.9999999999983493,8.98657162906602e-07,4.0531158447265625e-06,True
18,25,2140,104,105,l,a2d6dafbaa78c7aafd2af048a8e7c8dd55c01cdb20b0abd0cfab2501fb128a31,18d4d3fcc3fa2423676c2b1d0aee386953b00474121d8698ddda451643b0edf7,0.9999999999985146,7.890242462356886e-07,4.5299530029296875e-06,True
18,26,22880,106,113,Fishery,ec567467201a292fb03b063bc3b37d191a6db6017ca9c000ad0a42267d23c23e,8af6c0c2532df2c5e15f27b39cf490c57cd28955ea0e34b12676269ecd733d5f,0.9999999999987886,6.015761755406857e-07,3.1888484954833984e-06,True
18,27,2038,114,117,has,44c055d8a7a1f3e444e67ad766cd984d8eb0b63decb0ae1e6e53309792da94bb,b80c3c4ecc733069e5f896f419b4f2c4b28534f03876850d5d0a05c1dcd32b7d,0.9999999999990051,5.456507399988671e-07,2.2649765014648438e-06,True
18,28,2042,118,122,been,63ee67ae320fe034310fd104176dc2e2a0fc2daaa82c462ed0f3614e0f323675,915a52c63fc41e498c104f47acd1f5ad5264cf9b7d5b709a7ed648970c923d82,0.9999999999990765,5.374713509809226e-07,2.294778823852539e-06,True
18,29,6380,123,129,denied,87b06f17fa4b817f9392e678249aee9888c83431d30d7244fd8a5b6ab91f6540,ba962a3fbb8f84d8cb6788e4031cbf38e20f4ec8e742a746d2da47ffc701c561,0.999999999998827,5.692781996913254e-07,2.3245811462402344e-06,True
18,30,23794,130,133,MSC,7bce3001f10e3e8e5cffd244b213460ad66077919e9481e4e504c65c00a49b26,940f6f9f8660cce1932d175fc206715e1c3371a22a6acee5fc27e13acb5b77c8,0.9999999999989189,6.583613867405802e-07,2.8014183044433594e-06,True
18,31,10618,134,147,certification,070e3b0fad6180d770b6b40dca74747f904574dd7aa67a5589dc0f8682a33cad,77d838e31daa35eaae29db9b9805c905b600889d3956041aed87943d73f4946f,0.9999999999989331,6.400957014799739e-07,2.8014183044433594e-06,True
18,32,2241,148,153,based,4130ba29935414e90fc1f0847414d4a6f42b9d4a64d9f89616ebd17f9a9a39ca,04df7feffb6fa16ad565358a4fd26a5a245805d931bc6e17559a441c4b43d0d1,0.9999999999987416,6.905126307780544e-07,2.8014183044433594e-06,True
18,33,2006,154,156,on,33da6c9d72b53dc1053148bcad9bd03de75ff4c2ce8fb9a33bd9bbce0eaab099,db1cba04c16199c6b70960c7ff6b758fd106c16e0efe5e2772e6fa7d5421ac9d,0.999999999998633,7.277685654116794e-07,3.4570693969726562e-06,True
18,34,1996,157,160,the,56bb44106453ee4f30b971beeaa2c432aa3cdd70eb375598cc0d4a19d7cfe182,f09176eb713de555b0e976d04e7b128e7772f57d3786034ec1cb9ac898bbd5fe,0.9999999999922887,1.7575500047920893e-06,2.5153160095214844e-05,True
18,35,2755,161,165,fact,e3aba46ed8b97f38024a2aff273d5febcb8dc5e7be98c4533e5e78bb41986aa7,ea45bc42c455792789d481b77fc2a763fe2b49c19157878107864498d580952d,0.9999999999987904,6.640693754889071e-07,2.86102294921875e-06,True
18,36,2008,166,170,that,5058cb757550aca9068e43dba97ced12acb6e548cf5676114ee38bd369cf4afe,4b5d7162df5a5fda293dc7e21eca8a5dcd61f43d2667127ee579446a50953b69,0.9999999999988226,6.509653758257627e-07,2.6226043701171875e-06,True
18,37,1996,171,174,the,06969d9ffd33904730a026b26c24b6e7818714cb4e5b09cd804f51cd6716784d,5cf0711814f118fae0d1fe565e793c3bfaeee9e7a8163e5570b4459313c29370,0.9999999999993395,4.787234502146021e-07,1.8221326172351837e-06,True
18,38,22880,175,182,fishery,0ad9eac0a57085fe651f620ec0d808bcf705a220761db59749e8f92450d37b1a,709c2d35d0e51083853afe7896215831f9b30960095569aded5ba11fccfd4c05,0.9999999999988073,5.858540437960377e-07,2.6673078536987305e-06,True
18,39,2038,183,186,has,b26fec682cf2c477c206c6cbbf20312fc2435c35c2b804a284841862f5980b88,bcae9898bdb715e7913d205542c1f01de26d2efc7ad19f6732944dfb1d63caa6,0.999999999999068,5.398696885094978e-07,2.294778823852539e-06,True
18,40,3478,187,193,failed,83f66253d91a6a979fa06eebefb488dd1ee67651bf0a2345ba4f1f6cf9264fbe,a446c7125233226d4f3fe69bef663ce15a4b43f89f340621ce8f5f56daa9d372,0.9999999999989153,5.861293175257742e-07,2.7418136596679688e-06,True
18,41,2000,194,196,to,3f1eb570b2e1e999f350a5acf739721c615ecf7bb307720fb5f6dd87cac452f4,a5cc79d759f2e4ff23bb242a59ba09165338c3fa1422c1adbe0f8de7440472e4,0.9999999999990022,5.812762537971139e-07,2.5033950805664062e-06,True
18,42,3362,197,202,reach,f9676edbe00b1d621a5092b489c8d9178c75a4b50f3d58ca16e65ebca2074c2a,0bd3cf2afda7e3ed28368e94fba28cb55240aa1a7e4d7b7c98820fa586543728,0.9999999999991753,5.224743896784881e-07,2.5331974029541016e-06,True
18,43,2019,203,205,an,253cf73b8976510fd175e8d56567df1950b50aeea9e31e53930c50e1859fb5a9,235f0561143881a8eb606967c3514bd9e3e8defc19a5342010b65465737d346a,0.9999999999989158,6.482417423588535e-07,3.337860107421875e-06,True
18,44,3820,206,215,agreement,bdc2e0552e2079c3a9e88cbd536f4dc0497438df84ef44844ec3a99d00df0182,8c159f41eff445d730455bca359f0023a882826d7443a21ffe6efddd7a9ee7fe,0.9999999999990637,5.370341871942704e-07,2.6598572731018066e-06,True
18,45,2006,216,218,on,ccf7092360300698afdba4184796cde6895ce41f58e883bf7f6dbad12eb26781,fe68a25cd045c8e07c53ac73f4363560024cc737fdd037bcdf6d3aff95cba6d8,0.9999999999989445,5.735576754280677e-07,2.562999725341797e-06,True
18,46,11349,219,223,mack,26b38ef5b5950d5150152ba00b87b63b8e1090dc7e307758b83acf44fa53889f,6eb7344ea6070b9c6cf1c2b3f338a94e81dc2a3e7cf431148eafa288a92263e8,0.9999999999982385,9.479563990074288e-07,3.7550926208496094e-06,True
18,47,7869,223,226,ere,f087a51af522a2e7f5ae8386e13384c1a37db00da9651800cfc043e2ec53a63d,d9825ef69ff3b404dfa73f9b5633ee7bf37f24876ddbbc094ccef14ac5559011,0.9999999999969335,1.2070449884049594e-06,5.7220458984375e-06,True
18,48,2140,226,227,l,21b833f4bfb10df38bd771dea89279e089473fcd84a415feec2bb0daf87ec2af,f21a529e13965a598a809370b774beb30863b25949dc75fd425a6f8b3cff4bc2,0.9999999999964394,1.1408349867754926e-06,4.589557647705078e-06,True
19,1,2111,0,6,People,f17aab85758f76ed51673b0cca5f04fa1f21d99a6a2968a482cd360e30812769,4e6c458db5ba4b4a1334f7a3ee923816739bf50682b51d1a3fcacebc4ba96e32,0.9999999999990151,5.474460825401669e-07,3.933906555175781e-06,True
19,2,2024,7,10,are,f5839badde2b5a68044604d6460549c55b50d3851576d87446e6b47f20d9ac13,363faa7825da1896da63b8e566a6b07682b4bc3aeca5348eeb9b0f50716bb830,0.9999999999988424,6.193892356047096e-07,3.285706043243408e-06,True
19,3,10889,11,23,surprisingly,23c7f413a8354283fc57c048a21451311d7e331b1b4ffa09d5352e6371c61fae,08400a54b405b9cc8ee1d16368b878678c5ec40361040029d8810e2bc8efff99,0.9999999999987572,5.99932718614582e-07,2.8014183044433594e-06,True
19,4,2005,24,27,for,f61455a8cbbc872eb4ff2bc06bb958f5df99cb5f615d0b85f22468d8f9967873,6ca97668ff0af2bc03e2b4e001d9d7c143b3712e737c340006e8ffb528b2e81f,0.9999999999986862,6.85032622034972e-07,2.86102294921875e-06,True
19,5,23795,27,33,giving,cca5a024d931210633ac0f53ebb686c3fc89d26c5a1d66530c632fb67de7ba68,cf5a995594dbdc2fbf6598f541b451eb419da8f53eb2c127e8b07718de6f74d7,0.9999999999990794,5.034198693465441e-07,2.2649765014648438e-06,True
19,6,9639,34,40,brands,dff5f715656eb26c89c20a31b8568c4cd41780c4bce2e77d25a037b151bfec54,2c3fcaffef40c456173dc9ec8d26efdd54dfebec3140df57e28c1d8fd9a8dd11,0.9999999999987053,6.307515529139588e-07,2.8312206268310547e-06,True
19,7,2043,41,45,when,eebc56a2703ee24cdec2279cd87efc17a65a01fae4fc3aaac87c956aa3ad91ab,7361c89734fba63419dfea2c3a336e5d136e44d8b6b0b9411f3787c30ae5e054,0.9999999999990316,5.597382065995286e-07,2.168118953704834e-06,True
19,8,2027,46,50,they,ae65221be72718f765f8f780a81831b7eef74012a098fa66a445a0ab55c3ed92,151d46758d8e5a2e5a60ab1cdc20f33b82a95d5c236729c60cdab4ea2939f1f2,0.9999999999983207,7.716838202516859e-07,3.3080577850341797e-06,True
19,9,2219,51,54,own,472cf1ec791432b3b49ca17582c7455fb388ea95d5c8d0190b721b7a693061ec,4a44cfb7263d661f030f37bc01956a77d0bfabebc5bfe5daaeb9e9e4dfbbb8f2,0.9999999999984579,8.133295826458683e-07,4.0531158447265625e-06,True
19,10,2039,55,57,up,e6c2ec8c6cb5f295999df425f48f5ff9fd3145b74ec8700d6de45a30f32e0bfd,ac79ab70403c1393a55848507bddcad65464bdef468964f09a93d75b774924ec,0.9999999999988636,6.89158090002214e-07,3.084540367126465e-06,True
19,11,2000,58,60,to,5325c1553006dd5a8fab0b42f2a97c9b2ade5d45310f24120ca7c257fe91f613,7235a4bd44bbc8758380d1c35bef27b0183a59983a29ae979ed5c30e626662e0,0.999999999999099,5.337496986612678e-07,2.1904706954956055e-06,True
19,12,12051,61,69,mistakes,7dc709b46d12cf816c7c203f2bb0c4273613ce69f791da1604bc70ef9a5b2ff3,6e28515f71b85182f313be89fa98d0f84761bfe4cbd64e6131c08972513f5733,0.9999999999989467,6.024311005603522e-07,2.5704503059387207e-06,True
19,13,1010,69,70,",",6cbea17253ff09c31ef5f1e185d949605978725de384550cb7ea64f6bcde821b,6bc703289c25679d8a1f1e81bf1b61472f220e06aaaecf47f30c53115f0f3154,0.9999999999986312,6.654220972753441e-07,7.867813110351562e-06,True
19,14,1998,71,74,and,caf6dfb82cf7994bbcaf30a896841bf54348ce9d88ca6da5f5455345f51ddc28,0deb875510723b8aea1a3b2837ad0cf35c650c5f0bdc753fa8a66d2fe4f8022e,0.9999999999991744,5.048259481554851e-07,2.0265579223632812e-06,True
19,15,6854,75,88,unfortunately,43e8aa35c090620535f20a8786409985468a7745546daa32e7fa365d2effe2d9,1b9ac56027d8bdb7fd419e67a169afe72f31445068df1db019d73dc11f1278ac,0.9999999999987544,7.030478930876901e-07,2.9802322387695312e-06,True
19,16,2070,89,93,some,37de341184051b0ac93b0504e72c2392a4226f46131d566464f859a489d3923b,1e8e9db44510df97c62db27300965da28501b983cec13f45c176640b0a7d7b37,0.9999999999988399,6.51709342491813e-07,2.473592758178711e-06,True
19,17,5223,94,98,hate,79ee4dc9f721937ac49a029f525813532d9f501cf6491712bf29f8d94ea82c03,2fb6a82928af347db7e0685b0e8b68dc9994eccc3a5eea5bbd72d65328a44821,0.9999999999987241,7.348692937133213e-07,3.5762786865234375e-06,True
19,18,2869,98,100,rs,12c801407e2b65b88cdd96871da5555971d6fc80c1a74a68ed56a6db1ffbc8f7,dfb91b039db48b575e58704540caacac6191eb66caf4454d33e7029f2b72a27c,0.9999999999987976,6.363685921921084e-07,2.950429916381836e-06,True
19,19,2041,101,104,out,18d84fe376d7dd9578d23fac55a9b049604bae7ab6a720e3e80e6c654144e94b,80ef51940e09abc14cb0c5e4080643eb2a45a3d86f51dc25ab8fe17d751345d3,0.9999999999987761,7.576806334933887e-07,3.6954879760742188e-06,True
19,20,2045,105,110,there,9a6f2be13c4125cc100bf5462b717a018f7e9aa31afa073c34c3be32786fff75,590b672a595c3fa1e0a82441df332c4cc5de4dcb859d3cd1603daca27d371cd1,0.9999999999988352,7.313210517168045e-07,2.652406692504883e-06,True
19,21,2293,111,115,love,372e3e732a8717037b1889cc5ad5daa479cbf8c104f1b95466a604cdda800831,678e959c034a439987edfb50d57ba69b196cf82d6679458123a96fa520f34eec,0.9999999999991033,5.64681613468565e-07,2.652406692504883e-06,True
19,22,2000,116,118,to,18e14fbffeb481e6d3b6b4abc4122d85d2951d70afd55d6495f3dd81c6688cbc,8b746e1b62b3df19466afde6183cc677d57fbe4fa05648dbd365489d2cd5a21c,0.9999999999990585,5.601165563954661e-07,2.4437904357910156e-06,True
19,23,2391,119,124,point,097a6e19469a68f21cc2ad475be4709c8cc9c6f34e1bfd6b61614f2782d3b531,cf8c3ce8403bb522b5ebd00411ca32478906cd58015d89205e8cbd80e4d466b0,0.9999999999988934,6.402739624415214e-07,2.86102294921875e-06,True
19,24,3093,125,132,fingers,7e914f53411448f4b08cd04d31faa60d1cbef2508d6d53aaf19355a51ca7879c,da5746cff28f2adfb2efcd0ca5f26e5c6e20f848570220f530af50a12a23d3ee,0.9999999999987504,7.178787200246006e-07,7.152557373046875e-06,True
19,25,1998,133,136,and,0e1bf98234f4db740b136d6a653aa88552c6466eae9b170d7773577f8800644f,790f2413d33fabbb32fba1d117d9eee59fb1cc9af0e6e1277f31149a1bd779c1,0.9999999999991952,5.127209684966753e-07,1.9669532775878906e-06,True
19,26,5376,137,141,jump,93283c6464f3e46fe9f994642013a2d28b9711f8a7ab75b72fc121fed3b2ed21,19d45b580310631311bed2d719372577c0c55e15fe611a2e37cd9b6b0fe921ef,0.9999999999989646,5.419521282116572e-07,2.9578804969787598e-06,True
19,27,2035,142,145,all,8ce47ff16963126bfa8ed32ccb0ef91e8dbda71a87fe6e0bf4697a5f2480ae23,289f019aa5b17777cd48b842efdf2393d6d6c656c453ff86de72708b25f2d8d5,0.9999999999986264,8.012736998352921e-07,6.198883056640625e-06,True
19,28,2058,146,150,over,7b0b36f41797aa9c88327a84bea5c826b195ed39ca46153f81355935f2f995b4,aa723b7e34e66463b1f6ae9023dbafdc7fdfe57b02781db8bba4234aef90a250,0.9999999999984002,7.264291828808685e-07,2.950429916381836e-06,True
19,29,29238,151,160,imperfect,fa18f6b8aca0b65c029d9d7fab698aabc42d1945fb50a772080270e079289534,240fc63f2373dd0d22ac5399cf00ee57ff580d07113eb69ce6c2a6b4f53d9c4e,0.9999999999985829,7.583227367528403e-07,3.7103891372680664e-06,True
19,30,8496,160,164,ions,5d27d1df221dcc2aa462c5db54a9bba83992b03aba7b520cda30a77faa921ab8,1d3f202a7952f38dd89cfcf3d1b15e76a5c97b902baa93c7ae8fb99c09c1620e,0.999999999998923,6.359999436729898e-07,2.7418136596679688e-06,True
19,31,1010,164,165,",",97a5064df303d7320314e0e45845422bed9a03fc482d28cbcc661af7c21a0334,c53c9d964f5059b226b7df168d6f0bb0b3e9c79803dde862be661b8a74cd1452,0.9999999999990031,5.861550865423245e-07,3.874301910400391e-06,True
19,32,2021,166,169,but,e1f6fcedcd109c667bc570b9380021ab853552fc449518864353fbf5ec7415c8,bcbd42aa4eda0099d34ff5c0f0238118e720148fc0369865a348e8049cecc35b,0.9999999999988097,6.34434400126338e-07,2.384185791015625e-06,True
19,33,2005,170,173,for,3681d7b580b454984fa634fa9c3d18358d039d7f28828e5d05d5c3e40c4407d2,2c199ba1f0a531a88a2828d6e9e33f07e23211c451fc4dd2fa3ed329efca7cbe,0.9999999999982145,9.232650578875715e-07,3.4570693969726562e-06,True
19,34,1996,174,177,the,da962882100fce144f4da66e04ea445c22bc5ddab707eb158265be42dea429b2,b8edefd42a2af57ba9029d8588e854254ce2b88af1de341a1d3cb8544e3e1857,0.9999999999984555,8.744633911798397e-07,3.933906555175781e-06,True
19,35,2087,178,182,most,7ca545aa11daf50622dd0c0f94039baeac5e349e0cb6b8e1801e7d39790832c9,75689f784e5a0185fb7501962bc921c986124d59f6d361286594d47a4e455c50,0.9999999999982753,8.966526365838945e-07,4.351139068603516e-06,True
19,36,2112,183,187,part,71b1a53c683cafb629eb57011db4cbaf67e64f865c734d8c97868fc6b107846d,513a6c7c6d749af83b85edeca66e510c2ef730b20ef98ec23fc0f22d3e7832fd,0.9999999999984045,8.932511263992637e-07,3.5762786865234375e-06,True
19,37,1010,187,188,",",e784f58a5082d11b764cb18ecc13ea4c70e5cb45ee547b55cc2c39632d32ec84,b470fb5a9ae2e3eb8741f2402d4bb64af670de5cbe768971bcfb9ec6063b4842,0.9999999999990746,5.750534910475835e-07,2.9802322387695312e-06,True
19,38,2111,189,195,people,49b70a2e111771c4246f3d114d8ede6a322a7fa5f9227b226763aa157478a688,13ee74c6e70aa0800b57e0c24eac434d7fac2d96955b8b3f2afe58394af6647c,0.9999999999988086,6.36710562199975e-07,2.3543834686279297e-06,True
19,39,3305,196,206,understand,a305b6124d931d7fa7ef716fb87cfcca0d7a079ce217390cb120326317be5128,e808cb51b35fb6f23fab1fc23225e70a366d2677654d91393df0530686fa3e57,0.9999999999978774,9.130523418813633e-07,7.867813110351562e-06,True
20,1,1998,0,3,And,873c528dc8b9beb63710212a7dc3a61a0482b0746b9406a15e6b65e91ee88ad4,c35842829635716b331d645767bc292a65f5f691a04cc0e486ea0a73e0344609,0.9999999999982216,6.669427724167084e-07,1.33514404296875e-05,True
20,2,1997,4,6,of,08677711a2b562ee84e78979d2065437fe7fda8a4ede15d8b9761413b4b5cf67,df717f1f8949637d1c8e978d15795609c6553a0d88772628696522a956d3bacd,0.9999999999988888,7.435458731682351e-07,4.172325134277344e-06,True
20,3,2607,7,13,course,11bbfeee539d62d63dcffcf6b0a9c0cc3339680fdb22fd21363ef8c3ee4cfd07,c33e1373f961e72dd955cebdd7d14e174f9e1860f4ef96f22643a85fa2227232,0.9999999999988943,6.801919880672358e-07,2.771615982055664e-06,True
20,4,1010,13,14,",",acefb3531e19314127d946eeb26339b4263e8fb5ead42f8498fd228d0217bd23,242c0393cd06267896dfe63816a86103d12b32ac0a7f74685ba368b9deccdbe6,0.9999999999992059,5.798865458928049e-07,2.7418136596679688e-06,True
20,5,11562,15,20,click,1e13832bd744acbfd1c5ec5a486ca5328db66258f268730aa1631c1f97c43a10,49423b9690747e271af95cf7127d1441cf966ca99168d6de9b692ebf5ccb7316,0.9999999999989271,6.783390441948237e-07,4.5299530029296875e-06,True
20,6,1999,21,23,in,aea2e34834797841d0d2ba1c633b22d635b737248b56c31d1c41e75cd26ce00c,e6c2d4832bfe8d11b278f82e39fb69859169d6e88cee0017490026e222c7b66a,0.9999999999990846,6.210296608818074e-07,2.644956111907959e-06,True
20,7,1996,24,27,the,ea7703b7618ac85be0167f4cbdb6547d074be4fa4f52ab0e3d36316d47b69a02,331b92d6fbb07af4a662289cbcf9556dfbcb0f029fdbc1284766958d86d744f7,0.9999999999990017,6.337698626642426e-07,2.9802322387695312e-06,True
20,8,4957,28,32,link,e1802e6804edade564e981f921039d6a0b2a44f58f72909abfd11bd8eebc8200,8e9f8c2945d809139e59dca92890492aefeb0a0fd7bff0754a544c62c933c885,0.9999999999991812,5.298898031469434e-07,2.5331974029541016e-06,True
20,9,1997,33,35,of,f3be4d5b01550d65bc0aca5ab1680bd9594401f683101567c42dc03500a61fc0,5937384d8683442041bfe2f98681e4a3f4d7aa605a36847a143f24aff5faf7be,0.9999999999989871,5.504502951225732e-07,2.1457672119140625e-06,True
20,10,1996,36,39,the,bd19b252b4de04d4eeba86190129af6b4cf4656703cce39cd890c45f5e2f2db2,9ee0be5d8f7f54ba93a0cbeb1900bd699f58cdff960c7a41103dc166a27e2b6e,0.9999999999991264,5.218456256746625e-07,2.2649765014648438e-06,True
20,11,6412,40,51,description,dfc25ff95954ac49440d9a0d7957dc36cac173787dc7deca681094e6685524c9,58da89da0349937c65b6b33c748ec8ba81ba46af4f0cce6d006ca4354e4c2f1d,0.9999999999990183,4.853997476554165e-07,1.9371509552001953e-06,True
20,12,1997,52,54,of,fb27d1813e4774d0d8e6824302045d2759346524c389b4caf7b8743024db83f3,ceb3177afa7f4605bde46dc97a0cb6007c1c552ef35583adec511eddba9b3878,0.9999999999991205,4.966677806805819e-07,1.9073486328125e-06,True
20,13,2023,55,59,this,105a3422fee87c2093a023b062708b7501947ec98aee3ad140535c18f9dfd273,e77df2adfa731f68e163b7ffeda035f3165d62b71a8d0be0fb98ddc27a206240,0.9999999999991006,5.09150898627316e-07,2.1457672119140625e-06,True
20,14,2678,60,65,video,8db40bc5fbc697e6a4d4c10b7fa4ca03cd67aedd5548e8ac3fc2c9f583dbbe0f,3b8f94eb6ca84e02864b4b7a86346c170291e8b1768858fd9789868706f351c1,0.9999999999991196,5.045064123502622e-07,2.1457672119140625e-06,True
20,15,2005,66,69,for,cc5d34582e1492f5dd122aa17c681745b64262d1342dad643b19e3a4f85393f1,c04d636803ccebd649c933e433d4edad6d8eb8eab153c4ec05bdefa85408e36d,0.999999999998895,6.717115563030044e-07,5.245208740234375e-06,True
20,16,2062,70,74,more,bf1608c1f3712579c05268137ce86fd7aae19572a5308a76ac6475c7703616f9,a66915b6f848507e37a36193f28d94906d9f45f82d65741d00185e72fe0d63a1,0.9999999999990196,6.07992357496793e-07,2.4437904357910156e-06,True
20,17,1010,74,75,",",0d9b51fa852d4e60b0d7d0bbfef1c7e8cf23c3a568323cb8b8c16e8e05d166a4,abca47efd189f6516028bdd4b13dba9ab3c050a4195fcec817ebb8ea968c3f47,0.9999999999900886,1.7420607036910951e-06,3.790855407714844e-05,True
20,18,1998,76,79,and,15bf14cec9daf19837391f49f6995948cd8033dd5b4fb36a558147fd8605eeff,0ae3648b626026f3e634a80bf30c0e80fb8b26cc7abfa45c829b81bb1baa2c69,0.9999999999990543,5.756240473904958e-07,2.201646566390991e-06,True
20,19,2057,80,82,we,fa55bef9466a05351f439773d6b7da243c5e6fb029230b60b6637b9343776a42,12b8d4be3a19e5d798c6dfc148bcaa00e5b371b90aabcff10de6c799b5188f57,0.9999999999990608,6.280824891291559e-07,3.039836883544922e-06,True
20,20,1005,82,83,',1234b9167b7318f6da454ab521b9fe76141685ab16f04cc08327089a8f510dd9,fbefa9fd50617ac764799a204a82201660ecfa0ba11810d7d44f0e77a80052f4,0.9999999999990407,5.844182548268387e-07,2.5331974029541016e-06,True
20,21,2222,83,85,ll,916d055ccfc65164c28ba0620866380f8503d46c82ac63bf32aa7a52756c5fb8,34fb6bf23c641f17becc36ca053897278a1bce1cbe2458354421691442979990,0.9999999999987663,7.250000635394827e-07,3.0994415283203125e-06,True
20,22,2031,86,90,have,b07ef683c045445679f422c3627599243fe10652e9f5abda4f4d2bcd81d9f02f,9272358a7d7fe01b1e38d63cbf968b05a6959561b1718080b3960bcb3f23f278,0.9999999999989134,5.707285405757526e-07,2.2649765014648438e-06,True
20,23,2062,91,95,more,8700fc08def542022d28b2abb63e3c5fe6149a2214339fa7f09438b0b8d10e6b,37951d124e8d5ae46e22b2c6e1ce81adb7b3cc1280b2f42fd83cd777181855c9,0.9999999999990318,5.311909869002799e-07,2.551823854446411e-06,True
20,24,2444,96,100,live,39a430942521be7b045a5496ec97cf407727a2a83c3c6ee7c8548393cc87c5b5,4f3ffbfc7a0d1ff8498188c59eb37e416bdf00d311ca55e4676499c926d79c35,0.9999999999991388,5.448358327460786e-07,2.600252628326416e-06,True
20,25,14409,101,108,updates,c42cebf770bb8333eb78f20e5a893d94429c69e7f7e4f638d5314dbcf7e914ca,b9039d2ee1b8b8bfb58cb6cdc564a62c37c7e4cbbe733560ec1e200a118f813b,0.9999999999991708,4.862522473558784e-07,1.8775463104248047e-06,True
20,26,1998,109,112,and,8cd6c614e63fba40feef7ae08b591fa177f15670050320376c0e41e20ae6cf33,9a21219168e5caa613f6e5e539b5983892ef3860ad5a84a705424fbd8d14215b,0.999999999999319,4.43020326201804e-07,2.1457672119140625e-06,True
20,27,1037,113,114,a,f55112c5e8dfaa16448b0296f032ae555a6b9afecca204c43188e598084819c1,422caa40be5e7c6e0c3ff01e36b2d5c52516c0a386fcbc4c41a98866dca2de4c,0.9999999999991742,4.838390547471741e-07,1.8253922462463379e-06,True
20,28,4518,115,120,stock,d63f44fa245c6c6e805addbe587646fc17941b0b06b2603c253bf6ed357555e5,0ca7b2075c521ccdff72d6ba17d42f51d58031854bcab47044915c6d5de872e8,0.9999999999992221,5.598709928259874e-07,2.7418136596679688e-06,True
20,29,3006,121,127,market,5129d8deee02ff6f195ce01df30258a45ddae4bcd8eaa4624ba216798b48779e,5c9cbb71e7dfca278df7ae304e5b2741dd466651b8a09f4f95953fabdc50004f,0.9999999999992555,5.576506130940592e-07,2.2649765014648438e-06,True
20,30,2678,128,133,video,b5bedd2310d6e1ce6d91788e890ab470da76950f1ca0dd06256c20f30ca2307a,cef7cdf9c6dca7727fefe896e506dc9fcfcc7afa06b9c4675c5e3ed60a989a5a,0.9999999999992845,4.252772972298165e-07,2.086162567138672e-06,True
20,31,1006,134,135,(,7914db53630e388f692696b7363377fe30f2447bda90e8fd4c96f4ebc147bb54,6b21ea25106f7180d6aaa41ea12f6b5ba9fcbb2dd68bc6ba5ce13f8262368a24,0.9999999999990079,5.150844420616826e-07,2.384185791015625e-06,True
20,32,10236,135,139,wrap,a4e1d1474b9fa3e49ae67f190d391c429b1d37f21581c65de8a66e7002a0c958,b3ce501fc7a7ef8649a1e09ed0209651afa57973dada163ed205b757e8f3025c,0.9999999999980219,8.198512659873813e-07,3.5762786865234375e-06,True
20,33,1011,139,140,-,1261ff92a32dc047c6a4f1db3eab147ffbb5f5b6ef20bc219498b367a71bbca0,fa11ed314e51c8fd1f779bb25fac7c0169baab9132cca03602037338b675ce77,0.9999999999989753,6.000233649198586e-07,2.682209014892578e-06,True
20,34,2039,140,142,up,44e64794f5fd405e8c6c83acf03b73d3d5bbf44312250e4f111fb9ed9177278a,caf61e9eaf22f1d0f7a7300321043a15095f20681a79753a3de792dcb0a9dc0f,0.9999999999983556,7.406488293781877e-07,3.159046173095703e-06,True
20,35,1007,142,143,),38dcf354d7d10b55c64c6a6ccab069448295ae190f65573abbd231ffd7913ac3,f919f021824559f547a37f4dbc7be0585ba2c4d3550e734217ebee6f81211708,0.9999999999988719,6.32608134765178e-07,3.337860107421875e-06,True
20,36,2012,144,146,at,ffb6f6dbcf5162a7a360507757b7a8915f0ddf317084432c752d835322d4ea49,354d504b7718dc3396375203c028ded90c883af3638b693fa3e31e8b1140ccfb,0.9999999999987311,6.413101800717413e-07,2.86102294921875e-06,True
20,37,1996,147,150,the,b47417f0b8424e6a6fea9fcef3df72e164ff1636dc5302303a26bfea5663874f,369dd12fbf5315726ed3c03497f9c46ba5044d5d330155f79473ecc83eb41ff6,0.9999999999987742,7.456073944922537e-07,3.6954879760742188e-06,True
20,38,2203,151,154,end,97e8e8c987dbb07679b22241466419e547fc05c5cf943ebe9c0c695e8833ae0c,45da0d9ee3bee122e34c29c22e749d5612bd257187b546aa74aea0c669468cb3,0.9999999999986735,7.299363460333552e-07,3.2708048820495605e-06,True
20,39,1997,155,157,of,d996d9e1b160afd1ea9f1fa8a4496b273b553424997e4be14e024027e30c71ec,81b31d6a28ac0aec4a4a2ff84d5e9f07188b9e4c9b7a64e33d5f7ee3866b00de,0.9999999999989354,6.630889402003959e-07,2.5033950805664062e-06,True
20,40,1996,158,161,the,0ff76e354d94273cccf99a5dbd34aa2e3999e8787ee337b8813ef2f8ebd6709b,d2a52931e561b809bfa90589dd393f1a9ff792cbadfa6aa12cd46cb3a159208c,0.9999999999990633,6.516259721441505e-07,2.9802322387695312e-06,True
20,41,2154,162,165,day,4936c5d531e987a93310ee9abe578e181af98a910f9da8fec6cb1bca30ff47b4,963cf51da0f1a95931e2448828af9fc705ee5dd82126a0ac08c02e76b92dd973,0.9999999999988327,7.112666935427114e-07,2.7418136596679688e-06,True
20,42,2651,166,171,today,792200d49efa7ddb7f4f8ede130ba04db11033acfff59d3f33f84edbc9de67d3,ea8f612fb32a3c2224c031a50deeeffe8902a772f3a259672894db75b1b93c0f,0.9999999999989165,6.071395546314307e-07,2.562999725341797e-06,True
20,43,1012,171,172,.,9d7df24870a696b6b75ab9fea0b08becff7507b6311badf68fc55ae70ff19f90,860005c978bb808bc25be16e6b27a751c59f21a2b29bb9c223d341b6de407734,0.9999999999989465,6.208829290699214e-07,4.0531158447265625e-06,True
