sample_id,modality,official_seq_index,aligned_feature_row_sha256,unaligned_valid_length,exact_source_index_count,exact_unaligned_indices_zero_based,aligned_row_all_zero,raw_time_or_pts_verified
01,audio,1,2f1f17ed1775d2621ac565fdc48d70361a8b4b2a4cd5248b3b3a83846d170f75,179,1,158,False,False
01,audio,2,7faeae5766aec8d0f65595757e47678ca20741b607c232cf26d44536bf78a63e,179,1,159,False,False
01,audio,3,b2100f6b5780093707a2c08c06f1c98039832c184a20a30dd6d495b7977e41c6,179,1,160,False,False
01,audio,4,f2342a8aee9c0ba0183c3f190e4b44bb9c7982d28b4e830617bb42c3fd02d5cb,179,1,161,False,False
01,audio,5,a92f12307e99e12a8acb37e2592deb827130d8db1b0bf61ad67d017896e28141,179,1,162,False,False
01,audio,6,08cda9e596594ccd0bc53f96957358baa5c496204a9c74cac33bed27276481c8,179,1,163,False,False
01,audio,7,c63dd85d954cea8704647dfa57c47a65609fa6891959de88800701482fafb4dc,179,1,164,False,False
01,audio,8,47e929a8d7ae9cb805e589f8901d98d11dfd7612fdc84b44a6fd14019173436b,179,1,165,False,False
01,audio,9,d06ce47835c5d5072af2c394e7724876f26642c8be2b6ec48cf262700d422265,179,1,166,False,False
01,audio,10,5aacf7f2877e9c24347f2efe7021c4eb09441f9a78218f3c955a5d6f8d751337,179,1,167,False,False
01,audio,11,d9f20b185e535692c2663cede097dced0f5bb39ad267462d3678cc9bbb687fb1,179,1,168,False,False
01,audio,12,e38b2ee74d28e5718931df089ea62cb9f0119c38d466c6b13c4abfa50db3a20f,179,1,169,False,False
01,audio,13,71897862415135e9e2520e1d191a3c0899bb137a07e17c1cab9e720bbfe9d52e,179,1,170,False,False
01,audio,14,7aee4d0cd7ef835502db7c17cdbad04c0fc9515c1cb6f8133b4b991fd9ef76b4,179,1,171,False,False
01,audio,15,738f4f4a8c25278bf02e1e77b2c9fb41d2bc8f6e780ad7b464e656ed20871153,179,1,172,False,False
01,audio,16,e2f94b96764d4e23d743e51ff6d60240c3e2a93d558e956e1714f0e62c6a565d,179,1,173,False,False
01,audio,17,18c17fed80dbdea02a1c2210730d8145109eb3e768d12dd6a734d6fe098d0d35,179,1,174,False,False
01,audio,18,0016e6de652b8a63a12fa7b43e4103226ec06e8829310b38a1fe4283264be5a6,179,1,175,False,False
01,audio,19,a35731a4b800965fb92d89909023872aa212ebf087b6c51f282bb9a4aca6ae84,179,1,176,False,False
01,audio,20,8b22b858687e44fb0b96d6ad47198d45abf6cba692999c0f0cb3a14f1d6acb27,179,1,177,False,False
01,audio,21,8b22b858687e44fb0b96d6ad47198d45abf6cba692999c0f0cb3a14f1d6acb27,179,1,177,False,False
01,audio,22,4bf06a9c1076b03dd0c8aef32e8c138fba6ac18c35c1def08f4138a038c60383,179,1,178,False,False
01,vision,1,e14a017176fe622dea01976bb66b630247513dfc2936b00f66ea45c291c2335c,135,1,114,False,False
01,vision,2,dc3646818f0bfd473e7c74ceeb45a6ed29f285448bf0dc894facb8d8da550e83,135,1,115,False,False
01,vision,3,73687862349ff60ccbabe070148b5462d4af675cc44ab6fe1418a36e9e65e20f,135,1,116,False,False
01,vision,4,c1566214ec0e2d0eb4e3fd8a0f1d3d69780099c404c527261826bcfed550ee68,135,1,117,False,False
01,vision,5,d708e3be65f44bd02ee0a24bfdb7cb37dd7c78108423e23060899ff3b42ec806,135,1,118,False,False
01,vision,6,036acde8d95dca4dc643d16e27706000bab5dff7c15c1e38e0bb8d88c1a03681,135,1,119,False,False
01,vision,7,fe53cd31c8b81d251860b6af3b3e62e2afc779723f20168dc835971bb993a5b1,135,1,120,False,False
01,vision,8,04a08c30d3243919aaafc2e4be2195397b25114392970cfba0d790fe59af4429,135,1,121,False,False
01,vision,9,554bd8868ec42b77766caf69e4f89e4c032f260afd15344c3de9f50954e4ef55,135,1,122,False,False
01,vision,10,54a65da0b223019370225db104d5db5253000159bd70b71ddf897079af78a578,135,1,123,False,False
01,vision,11,3afbf6d38ed40d83902c6de0dbae898cdf992efcdb30c09282d6b127d118b1fa,135,1,124,False,False
01,vision,12,a6501c23279cbedda73dc3c35a876c8df427fb186ed0a0d633763c7a18a0f0d3,135,1,125,False,False
01,vision,13,26e392b1093e6dabb798e03e1ec539d3c17ed64e149cc84f45b8a7503d262f3c,135,1,126,False,False
01,vision,14,12fa5be55ad52f07464d306e93db8366f032ede0bc0824d796756583810b61c1,135,1,127,False,False
01,vision,15,c0ea714f1b4cfb52f95348a7291f7d91b98e0351b53a697eb858a17c69802579,135,1,128,False,False
01,vision,16,669c11ad10d0a4e1c5f224cf6f59d9bf9d8e88377954f1fd24843a3f1c42c3e2,135,1,129,False,False
01,vision,17,4992bf4be4eacf325a1c07d5538821fb82d92b154487f431f3245992b9f6cb7e,135,1,130,False,False
01,vision,18,e28eeb6a4b1e616a90fd57f055132107a6c9ea2f13a6516c29b69137cda2b14f,135,1,131,False,False
01,vision,19,ab574608a3163c4a9049aff409f47b987a7e09fbbea1db469d3aa81438ac7d36,135,1,132,False,False
01,vision,20,e8e1f2cc4aa83582b90407e7211c007f1a526aaef77bcefa185166a50aa8e6da,135,1,133,False,False
01,vision,21,e8e1f2cc4aa83582b90407e7211c007f1a526aaef77bcefa185166a50aa8e6da,135,1,133,False,False
01,vision,22,60121cf6e9732b0980a923cc40c6d8b6888a2915c99467d295d9de4b637215b6,135,1,134,False,False
02,audio,1,486ada593a83073e5afad9fa1f79d837238039b04b44861874dd8acf0b7f19b6,66,1,52,False,False
02,audio,2,4e872c346bfa76372c10ff12beff98117170a48ab8d3744cec32b038591304d8,66,1,53,False,False
02,audio,3,11803461857c4ffcf1392fc219e129158b68f0986d9fe6fd00e2757bd52b3f3d,66,1,54,False,False
02,audio,4,9b7e035fc13e030910f2f543569323bede5b27c397c574c592300be72ae0203f,66,1,55,False,False
02,audio,5,f29b05d0279494730f270f4a44619f1872809017f36beaaea88a49e5208a2d38,66,1,56,False,False
02,audio,6,e736085d609ef4f2ce73af8b92b288417d05e8129a24f1011b820015b9114c85,66,1,57,False,False
02,audio,7,ad4cc27ca7098ef2ae1d969ff414b830ff1f9e98e447417d651d698164e69a88,66,1,58,False,False
02,audio,8,ad4cc27ca7098ef2ae1d969ff414b830ff1f9e98e447417d651d698164e69a88,66,1,58,False,False
02,audio,9,ad4cc27ca7098ef2ae1d969ff414b830ff1f9e98e447417d651d698164e69a88,66,1,58,False,False
02,audio,10,ce00c272e785502311d62b2528d5ffd89a16ab449d370c11623ea9f74d920d28,66,1,59,False,False
02,audio,11,60066c18e1cec580850778b4d169a46273943790eb9c1aa2557a6b8ca9da42fb,66,1,60,False,False
02,audio,12,69f4f63003ccaa63adccb531efe99ce29394ca1c7c19977651e75a48eef11203,66,1,61,False,False
02,audio,13,a302e75b17517f514075c4244aadcfd86e46e954b9db66a2f8679081ad9931e9,66,1,62,False,False
02,audio,14,c6256a31785dece63fec1741bb8129ff85f046d708fd4ddd98ad49a76c3f31b4,66,1,63,False,False
02,audio,15,b16fa240efb388dd20deeaea71b7cccc5a22be327061e1a2f02497cd159d8a1d,66,1,64,False,False
02,audio,16,b16fa240efb388dd20deeaea71b7cccc5a22be327061e1a2f02497cd159d8a1d,66,1,64,False,False
02,audio,17,b16fa240efb388dd20deeaea71b7cccc5a22be327061e1a2f02497cd159d8a1d,66,1,64,False,False
02,audio,18,7e15e9cfcb2839771de481b0fd668276108cf0c89a87bbf15ce93d415c355908,66,1,65,False,False
02,audio,19,7e15e9cfcb2839771de481b0fd668276108cf0c89a87bbf15ce93d415c355908,66,1,65,False,False
02,vision,1,fa2331c7c76c74d09b770f39aee67c8406a70612a962eca04741ebbbaa11c730,50,1,36,False,False
02,vision,2,c48f1708f8f5c125af9b7cd56c39f4beab559991440abd0941f84126213d4fab,50,1,37,False,False
02,vision,3,053d19db0d1d69123919d09d3e5e99e2dd1ec1a88ff10fd97eeddaf4c11dba96,50,1,38,False,False
02,vision,4,f42fcb8394a6f8c11e88d22b5b36f21dde73424ed1618ddf34041de70dc449a6,50,1,39,False,False
02,vision,5,93bfea5f18189e6bc4311f01cdcbbcaf3901d4cb8cf2edfbfa95e8576b574c3e,50,1,40,False,False
02,vision,6,57ef373e38205c9351bbe78488ec1e9ca90e15e9b43ec067c57cfe86e4f9c913,50,1,41,False,False
02,vision,7,84457145c7a4a687b21d68a8d264735716480b3f523d2ddb4b52d8ad3ffe3edc,50,1,42,False,False
02,vision,8,84457145c7a4a687b21d68a8d264735716480b3f523d2ddb4b52d8ad3ffe3edc,50,1,42,False,False
02,vision,9,84457145c7a4a687b21d68a8d264735716480b3f523d2ddb4b52d8ad3ffe3edc,50,1,42,False,False
02,vision,10,2749e602f45260f1b55d70a5e13fefc33bfd821058addc1d6c52e9e51734eac9,50,1,43,False,False
02,vision,11,45967024139fd064dcea8f6e582e9b59aeaa39e02fc335bfb5f7ac9f429822a3,50,1,44,False,False
02,vision,12,26b1c4983f84cd7d1c894dcc679abcdc336c23d544f0fd12564bb9ddae27ceb1,50,1,45,False,False
02,vision,13,4f78034c774154bafed549b358798976ec04a4f4c6b20d038587d048624b9422,50,1,46,False,False
02,vision,14,522ce54f49008dd83e20556dad5b7b233861389cacfe03120cd673b84decce2a,50,1,47,False,False
02,vision,15,1a6087b208e18132ab3e06b2bf6bfa2d4553727ca770f948bfc5c517176d4700,50,1,48,False,False
02,vision,16,1a6087b208e18132ab3e06b2bf6bfa2d4553727ca770f948bfc5c517176d4700,50,1,48,False,False
02,vision,17,1a6087b208e18132ab3e06b2bf6bfa2d4553727ca770f948bfc5c517176d4700,50,1,48,False,False
02,vision,18,e46086af3d1b02e6a475263b192477b36e5d691182b55bb9eaf43b362d8325e6,50,1,49,False,False
02,vision,19,e46086af3d1b02e6a475263b192477b36e5d691182b55bb9eaf43b362d8325e6,50,1,49,False,False
03,audio,1,18caf28decddf64c0ff9ad5f52ddd5aafada39be5da477847f9da1464ed0d9ac,191,1,166,False,False
03,audio,2,18caf28decddf64c0ff9ad5f52ddd5aafada39be5da477847f9da1464ed0d9ac,191,1,166,False,False
03,audio,3,18caf28decddf64c0ff9ad5f52ddd5aafada39be5da477847f9da1464ed0d9ac,191,1,166,False,False
03,audio,4,467006bd3c3f014842a275c013758151d176df4e7ba4aa96d9b4da01c59b44c4,191,1,167,False,False
03,audio,5,3a4c7becb586c78ef1eac0c7f276bec998fedca23a5cf32931dde79056a87acb,191,1,168,False,False
03,audio,6,3a4c7becb586c78ef1eac0c7f276bec998fedca23a5cf32931dde79056a87acb,191,1,168,False,False
03,audio,7,dfeb2a548b2a8faa2ab58eb405252c7ac067cf1d041313dd0761396a100811d4,191,1,169,False,False
03,audio,8,a09e4ace3ff353791de279ccc0106d491a487cf43875775404527d77819efe6e,191,1,170,False,False
03,audio,9,74280ed3eeb495286a227e108c3e23e5a4477da00bc11e6078b2c05822faeca4,191,1,171,False,False
03,audio,10,4d92d8d35f7cb444d83eafa2840e89e9eef43268509bf364ba68d164e3dd3aa0,191,1,172,False,False
03,audio,11,f1a822188c7fb485340c760fc227615be20a79dd04610c7955b3e13544cea8d4,191,1,173,False,False
03,audio,12,6ffa65e1f088f33ef47ef8714ec5844808f065337b5d925a9af8350fe35fd643,191,1,174,False,False
03,audio,13,06c5e09dd70a0ee6c5ecdadca019036faa44444f370bf0569e86552dc3f36796,191,1,175,False,False
03,audio,14,c75b170102173f8913b70b70fc247230285c8f55e977a9fd9833b80bd19c2a8a,191,1,176,False,False
03,audio,15,9a1b0cbea682fd37faf5d60589258969ea98a73c70b4f4782238ebdf43450df3,191,1,177,False,False
03,audio,16,9a1b0cbea682fd37faf5d60589258969ea98a73c70b4f4782238ebdf43450df3,191,1,177,False,False
03,audio,17,42a3ad5c48cbc6e207c3bd4840bc83917f4bfc03939c6c8d21bf9f837394022f,191,1,178,False,False
03,audio,18,7afa4c9eb9da0b6d7b6a446062a2422ae26200e6b4b6dab403237fdf907b7549,191,1,179,False,False
03,audio,19,7afa4c9eb9da0b6d7b6a446062a2422ae26200e6b4b6dab403237fdf907b7549,191,1,179,False,False
03,audio,20,7afa4c9eb9da0b6d7b6a446062a2422ae26200e6b4b6dab403237fdf907b7549,191,1,179,False,False
03,audio,21,f5bf91cf4302b9388d6620c83b8272b27c1699322385d0d8939746935b4bdf9f,191,1,180,False,False
03,audio,22,ad5e11f084d171b6d9035d41440a555d35fdcff8de8a8bf4aeb18d6a3c6ab855,191,1,181,False,False
03,audio,23,deb12e0dd535b663df15a8a1fe5b21fe28e5616feb2898f8ace67271037d1dae,191,1,182,False,False
03,audio,24,9e20fd52a04ee1bc459c6c62cffbc3e8f3e187495f86edbe6f0cc24d2978a2cc,191,1,183,False,False
03,audio,25,c3b8838a2f927d3b5c0c0658a52d671a5b411c4e2947184724530b7074a89f00,191,1,184,False,False
03,audio,26,c3b8838a2f927d3b5c0c0658a52d671a5b411c4e2947184724530b7074a89f00,191,1,184,False,False
03,audio,27,13b02909f436a16bc602af1c61bd14d441c7ed0cb975ec61e92b889ba698890c,191,1,185,False,False
03,audio,28,f3b0d316139371d826825f5c9e70815b1e6d21f08d4d8c5596ae8fe15b1ebd27,191,1,186,False,False
03,audio,29,4d8a7f560c4c86b8cbb13759324a42e85b858e927217ea5a2d43a4206dfe541b,191,1,187,False,False
03,audio,30,63f8575b3a027508f3b613d55762fd35e5a7a0350e79e9c38f933561b64d9ec3,191,1,188,False,False
03,audio,31,672d2ebeac07ad08127e3edffdcdc344fc8fe540dddcf90176e953d35fe7c96f,191,1,189,False,False
03,audio,32,069fdb0ec8d32851efc95fa3cc8a9b7310bc8ff04f01c4385466c7627d70fd03,191,1,190,False,False
03,audio,33,069fdb0ec8d32851efc95fa3cc8a9b7310bc8ff04f01c4385466c7627d70fd03,191,1,190,False,False
03,vision,1,2b880134de53352b61aa42ec805e091876faa9f9a8626c9d0bda1e6a5d3d32b3,144,1,119,False,False
03,vision,2,2b880134de53352b61aa42ec805e091876faa9f9a8626c9d0bda1e6a5d3d32b3,144,1,119,False,False
03,vision,3,2b880134de53352b61aa42ec805e091876faa9f9a8626c9d0bda1e6a5d3d32b3,144,1,119,False,False
03,vision,4,9bc873b064755a3347af76d953f58499b4f4e3595bf5f534f510786a3b2dd033,144,1,120,False,False
03,vision,5,559c4cefe53a552d47437033a12e647b9b9ca3d31f0264b3b6b7fdb773c6cd86,144,1,121,False,False
03,vision,6,559c4cefe53a552d47437033a12e647b9b9ca3d31f0264b3b6b7fdb773c6cd86,144,1,121,False,False
03,vision,7,d07126c3dd654261781fb3e2975d46d936eb13ee270688b3804a59de3b59c68c,144,1,122,False,False
03,vision,8,8f3c7612799f38ea0b461404a02396ed8726f6cd9ff17f4395e1e9fdbd8d26d8,144,1,123,False,False
03,vision,9,f51ec479f497f407c221f55b05d1f975bec4e87239917423a4a509a25385d805,144,1,124,False,False
03,vision,10,da9b45b6a94bfe1c870b0eca09c3f62bc4962184f97cec4a10aefadaf3adaed9,144,1,125,False,False
03,vision,11,f2c63569dce583038923138236b10c124a00bc55f169cbc2d8bfe600384c94d0,144,1,126,False,False
03,vision,12,dbe6d564ae080b81d9295fd4bf88a5b56bc4fb94d6bcc48e5f90e47faa5af3fc,144,1,127,False,False
03,vision,13,157591a646b2239d27c234f73bf483c5578a330f5fcbab8390169f032a41c884,144,1,128,False,False
03,vision,14,1dacc2de7448a87f90532b3fddb61b61848f69941829480d21063bb7fe250f63,144,1,129,False,False
03,vision,15,857ac0410dce8d2a81fe0d2224d889a3ecc9f6063fc78c39709eac91c6d59dc3,144,1,130,False,False
03,vision,16,857ac0410dce8d2a81fe0d2224d889a3ecc9f6063fc78c39709eac91c6d59dc3,144,1,130,False,False
03,vision,17,2028ddaf49c3dd53000a2f359252f3fba65619ddca4dd91507cd8a11d1841cb2,144,1,131,False,False
03,vision,18,9d574447b818ad0985005a15b8e3b817c8f3a521e54424e68c61b763fa0b71f4,144,1,132,False,False
03,vision,19,9d574447b818ad0985005a15b8e3b817c8f3a521e54424e68c61b763fa0b71f4,144,1,132,False,False
03,vision,20,9d574447b818ad0985005a15b8e3b817c8f3a521e54424e68c61b763fa0b71f4,144,1,132,False,False
03,vision,21,e9ef64211d389d3827d9cdda56054312c0ffa2d5f5af95b0d92ce002925f8636,144,1,133,False,False
03,vision,22,a7b91d63ca3d733b80b08fbc3906b54b641679caa351caf2dd011e187b219795,144,1,134,False,False
03,vision,23,0a0b69c36e5835fba2c6185d7e96f512e48e31ebac63303989707aa9f06184ab,144,1,135,False,False
03,vision,24,1463a75b577d186e5475f48e4f1bc681f688d7a024e735da01320359a17f5467,144,1,136,False,False
03,vision,25,7c0db7ddc7aed0cc456c7aad16f94f81b763e668691e983ecb1ddc91ee38cc7f,144,1,137,False,False
03,vision,26,7c0db7ddc7aed0cc456c7aad16f94f81b763e668691e983ecb1ddc91ee38cc7f,144,1,137,False,False
03,vision,27,8680ffee84c03de8e080dcea1578921005a92b3788df151dc102ff21240e294a,144,1,138,False,False
03,vision,28,36aaa301f503f230871ab63f7f78c05025455542ceffc46e02d5797112aae71c,144,1,139,False,False
03,vision,29,32716f15dea80f71e3a5854b315b0db6f03eb63cfc892400b3d2c8625c50c8bb,144,1,140,False,False
03,vision,30,2a9232081f0a6749774181a583d63e3cf965c542e180a3cfdabca1e0408cfae6,144,1,141,False,False
03,vision,31,a2c56d0647173e8c07e96a156142e503b05ac4e9551eb9436be88652b4817892,144,1,142,False,False
03,vision,32,4f4a1e6e3e83b8f0c63eb04d8bd6e75982c2af760c0b753dee0b4c028e371317,144,1,143,False,False
03,vision,33,4f4a1e6e3e83b8f0c63eb04d8bd6e75982c2af760c0b753dee0b4c028e371317,144,1,143,False,False
04,audio,1,40cce473b3e6a5ecef4bafe00afdb52b0b0562768922daabc127f34f3a27d878,137,1,117,False,False
04,audio,2,f1e3928ad69417b45ee974054365f5eb6e534bd514138d5ea40f46a3ef163519,137,1,118,False,False
04,audio,3,135b0df98cd9685e07b242840b58834bed01e4013a181f4fa08f81b015e1818b,137,1,119,False,False
04,audio,4,2f8a3bc5abb5e07505b9a3ece816b833589ebe9f80bb604c57788cf648b1045a,137,1,120,False,False
04,audio,5,c7384b51b1d822395543ae872b5eda1e2fb8471a73ae9a860bc9274ee0fab65b,137,1,121,False,False
04,audio,6,5782e9d794a4e92693d4b03b1e19c6c78c904ba0b40a4858f9d951df9d35b302,137,1,122,False,False
04,audio,7,407b3f07143fee705ed6f13d27600b58eedd690eb905465bd3a6cf6ab422e340,137,1,123,False,False
04,audio,8,7cb04875110366199a46b5b3f350bab55d38199ca83001e46833e3b32660fa8f,137,1,124,False,False
04,audio,9,7cb04875110366199a46b5b3f350bab55d38199ca83001e46833e3b32660fa8f,137,1,124,False,False
04,audio,10,5d7d372456ad3f976c498080b811117b529f99a1df55b619af9d2c7d8f826751,137,1,125,False,False
04,audio,11,e82abdf772a9b2221c5e6660379d4969fa58ad23de85ae13a15529a8cf61fa39,137,1,126,False,False
04,audio,12,60c569d540be1b15ec3230cce3a753c06d588d0c44cc9517ec92abff3333e38f,137,1,127,False,False
04,audio,13,51a7de6ca63fe42f6d2e1ed6757e7462396ef24d0ac7f95801c8892723274ea8,137,1,128,False,False
04,audio,14,f22b14db299e449592ec354592f35f4e1ca4a25ae90b157b609f29f99385d556,137,1,129,False,False
04,audio,15,5ec7d7ced25e114024ed8e37d51c2f7d6f18f1601ebdf418684594a641e12d6c,137,1,130,False,False
04,audio,16,605316ebb4c8f5fc0f959c615f2f15c38f6f6167d67b574de0f78dc92ea6c641,137,1,131,False,False
04,audio,17,1107710570145567b09f5d3f881f4a0de589f4e7936b231b9d0de3a1ab1fce30,137,1,132,False,False
04,audio,18,1107710570145567b09f5d3f881f4a0de589f4e7936b231b9d0de3a1ab1fce30,137,1,132,False,False
04,audio,19,e7dbd36f7d2239dd932fcdd78ad104b869b06a8c212d7ec092e42d975359fad6,137,1,133,False,False
04,audio,20,e7dbd36f7d2239dd932fcdd78ad104b869b06a8c212d7ec092e42d975359fad6,137,1,133,False,False
04,audio,21,c13dee07edea91be480117ed4998037cf1691b8ad74991c912a05e2519d2d645,137,1,134,False,False
04,audio,22,c13dee07edea91be480117ed4998037cf1691b8ad74991c912a05e2519d2d645,137,1,134,False,False
04,audio,23,c13dee07edea91be480117ed4998037cf1691b8ad74991c912a05e2519d2d645,137,1,134,False,False
04,audio,24,181eea6ae52d75cb009f309515cec8837eb5e201db145ecec6593638c82ce302,137,1,135,False,False
04,audio,25,42f859fd9f4d396fd18f44a2f7352f902aa2e904d556c583fd5e54bb6b6bab19,137,1,136,False,False
04,audio,26,42f859fd9f4d396fd18f44a2f7352f902aa2e904d556c583fd5e54bb6b6bab19,137,1,136,False,False
04,vision,1,7561944ba5099c3645f199519a791e8ba3cde2b86052ae7493a9bbf77049422e,103,1,83,False,False
04,vision,2,172301584548df4aa341b324a75d2c00bd0dc1bb40b83bfd3179fb584e3910ed,103,1,84,False,False
04,vision,3,dee0bf9d0c953b66aa68b6f85d614b1075e9b42720c1ea83ba646e94883f6bfa,103,1,85,False,False
04,vision,4,99b8bd2a7f78dd9f693504240df3f69101e0bcddf928138b207ee3b036bd466b,103,1,86,False,False
04,vision,5,09e0b6804fff33f66b79a322794ef182895301065be9c45a7672baf6a29040bc,103,1,87,False,False
04,vision,6,5c9e9174e1a09a16a1c02ef1ef22887e39f5be7115d2b4e62c91eec64af2986e,103,1,88,False,False
04,vision,7,171ed10c3ca30a62c8d74e3d38e0b8254994ab70da2e06b23a8d4455c570f472,103,1,89,False,False
04,vision,8,bbc02e969c3f1ce8878ebfdfa5b29f9fe5a04d95c6b107eb78e8356a7e4533a9,103,1,90,False,False
04,vision,9,bbc02e969c3f1ce8878ebfdfa5b29f9fe5a04d95c6b107eb78e8356a7e4533a9,103,1,90,False,False
04,vision,10,2f0f0529621cfb2b0df0815ae3ae0b0f6757508689de18a4d6a6232255e0b413,103,1,91,False,False
04,vision,11,625234e1a9802090640b43f42a377dc1c8c449ae948ae9f93747e9d9e5944ee2,103,1,92,False,False
04,vision,12,dfde27af3445ffc0626127e68dae090ab858ce973c14db4ce05bfea46b2e9676,103,1,93,False,False
04,vision,13,3bfca11b389f7606e8ecae755acff0f2a8eb81fbdd73d70c9f7132a44ac565ad,103,1,94,False,False
04,vision,14,291f64aa6a21f234db62b1733bcbfb46d2580253db363ecb70f3e55deea34374,103,1,95,False,False
04,vision,15,93770f8307103889d7abb8ba6175bdb28469b523a318856fba25641f33fdc787,103,1,96,False,False
04,vision,16,eb0bf2166c35c48d0098802fb28db5066e880977ba219161978c5910065bc5d9,103,1,97,False,False
04,vision,17,78bb8497eb1d97ee6110359693a65c5a3ea87afddc6a3f688c20f3cd3716cbb4,103,1,98,False,False
04,vision,18,78bb8497eb1d97ee6110359693a65c5a3ea87afddc6a3f688c20f3cd3716cbb4,103,1,98,False,False
04,vision,19,26d8c394560de15ffdd565ece1f4ac4561ccb6ee971f43eaeaa4b845ed583bee,103,1,99,False,False
04,vision,20,26d8c394560de15ffdd565ece1f4ac4561ccb6ee971f43eaeaa4b845ed583bee,103,1,99,False,False
04,vision,21,d48270cae890f9c1f539b54e28cf47f7df6b47dd8af2fd38bb410a8433dc9875,103,1,100,False,False
04,vision,22,d48270cae890f9c1f539b54e28cf47f7df6b47dd8af2fd38bb410a8433dc9875,103,1,100,False,False
04,vision,23,d48270cae890f9c1f539b54e28cf47f7df6b47dd8af2fd38bb410a8433dc9875,103,1,100,False,False
04,vision,24,bdeac9b156d08beb8c8ee066e662cdcde1a1f92bf8ee1eda4ed3bd68bb0da92b,103,1,101,False,False
04,vision,25,c5f99c025892ffa637be8a676269b4f6313d872347f32fe539db90bfa6db23b0,103,1,102,False,False
04,vision,26,c5f99c025892ffa637be8a676269b4f6313d872347f32fe539db90bfa6db23b0,103,1,102,False,False
05,audio,1,8aa40c8e3cc397d5d5c8e86aa8db886895d7fba7d9bd306aad283a9354c4a82d,120,1,109,False,False
05,audio,2,8aa40c8e3cc397d5d5c8e86aa8db886895d7fba7d9bd306aad283a9354c4a82d,120,1,109,False,False
05,audio,3,5f77f658d0621f3d7c22095cf530cf4e318d82b05ddba9e63cd97afc912180eb,120,1,110,False,False
05,audio,4,f7a63748b76f2e17a80f770d57748782d851236972ee99ded303ed4a885b6630,120,1,111,False,False
05,audio,5,2e9c3ebcde455634993edaa9f26b9f11de7abb16e8ba2e2e49c5b579bdd42061,120,1,112,False,False
05,audio,6,99c60e79c840993e582f72f63538498b852792ff85766cd0660617be70c337fa,120,1,113,False,False
05,audio,7,99c60e79c840993e582f72f63538498b852792ff85766cd0660617be70c337fa,120,1,113,False,False
05,audio,8,09748af5a8deb75949e909005e7d3902f33fe336ab69798c1dccfa7e356b3f77,120,1,114,False,False
05,audio,9,aad91fae33e836a47209298a0e8f08faa52fd8c9bd4687e03489ed99c8ab46c4,120,1,115,False,False
05,audio,10,aad91fae33e836a47209298a0e8f08faa52fd8c9bd4687e03489ed99c8ab46c4,120,1,115,False,False
05,audio,11,5f51008e80f6a1ec63df75ad125515c464ccf09612774b8ece72233f2613750d,120,1,116,False,False
05,audio,12,728086feef300e5ac9cb0489bce5b97c0c41500afc8f0485fb7ff3d51c0fe251,120,1,117,False,False
05,audio,13,9a401714dac5df3c11d2199343f88810b9fdab8cb34ced9a16390accbd877899,120,1,118,False,False
05,audio,14,f4b3bffcade2710f96f7bc4fea0afad4fa74ede442da0a0858b6983e5785f655,120,1,119,False,False
05,audio,15,f4b3bffcade2710f96f7bc4fea0afad4fa74ede442da0a0858b6983e5785f655,120,1,119,False,False
05,vision,1,38934ada2d6e985af0d054fda876b94614595ebe7106dc3158b3292429993312,90,1,79,False,False
05,vision,2,38934ada2d6e985af0d054fda876b94614595ebe7106dc3158b3292429993312,90,1,79,False,False
05,vision,3,dda5f1845fc0e250f254bd4cc0618bf0d8f5ed5e4a7aa958681cc734ef39fdf5,90,1,80,False,False
05,vision,4,ea9ad97db45263bbb79d1a9953bf7065cfcde85d56413472db512138fbd06774,90,1,81,False,False
05,vision,5,e2e273bdcc297566383651ecf6ea1097281eb653ca2a71761aa0d6d46ebd60db,90,1,82,False,False
05,vision,6,5bc021ed8e61c822e962a5ad81ac57bc66cd37bb9143963d26c4f0fa54d923a0,90,1,83,False,False
05,vision,7,5bc021ed8e61c822e962a5ad81ac57bc66cd37bb9143963d26c4f0fa54d923a0,90,1,83,False,False
05,vision,8,9674d8d9f31c7762594d544d3e679f9bb63693b1b40e835c21b70e71208767cb,90,1,84,False,False
05,vision,9,13c970bea5ba54c1e315665a04baa142353990ddf93146c2c7e244392765daef,90,1,85,False,False
05,vision,10,13c970bea5ba54c1e315665a04baa142353990ddf93146c2c7e244392765daef,90,1,85,False,False
05,vision,11,af86f0d75d4e81528a2b662ac1bb54f0bc0c63c31cabaff8f6d33a5fef1837f2,90,1,86,False,False
05,vision,12,625ece86aca0d1b4e3f63866870cab4a89aed544985b010ce25bbb51ea415672,90,1,87,False,False
05,vision,13,7e3553920d14c3b1b740a839e8bb8e793c3fdb746284d184621ef228174a30c7,90,1,88,False,False
05,vision,14,a7a47e26f742bb9c385088e48d5a9907582645e6bf76d76a549e3207e670e5b8,90,1,89,False,False
05,vision,15,a7a47e26f742bb9c385088e48d5a9907582645e6bf76d76a549e3207e670e5b8,90,1,89,False,False
06,audio,1,644f5292bcd7ad3b6a94365782ed5b6e17e2458eb70aac7f3dc49694fb5d1ecd,163,1,132,False,False
06,audio,2,9187f3d552d087c90df806d5f3bc7b99e48561e0b121e6aa00273c20ba380047,163,1,133,False,False
06,audio,3,9187f3d552d087c90df806d5f3bc7b99e48561e0b121e6aa00273c20ba380047,163,1,133,False,False
06,audio,4,9187f3d552d087c90df806d5f3bc7b99e48561e0b121e6aa00273c20ba380047,163,1,133,False,False
06,audio,5,51f0395688f127a0eca311c035a60fb903680b5a2e0a45b18f7656c901715717,163,1,134,False,False
06,audio,6,b048b7ca10d9a7a7d5fd4df952915bf9bf308f1b13493b3e03d094f15081cb70,163,1,135,False,False
06,audio,7,73b74fc80fd71aa0cd5d11a4bfb699b70af5af4ab3fef0a11ce6f55e3ef6fcbd,163,1,136,False,False
06,audio,8,b18216fabec75f75f4c96583316010eba7e196a1ddaf93293172d6964b9c2452,163,1,137,False,False
06,audio,9,003482d2e9466fcac5f0dd18d184fa9002611820ef7d72c116584d16fcb6bc8c,163,1,138,False,False
06,audio,10,9a0acfaf6f1f4b53e642866dc9bb9cb2747b36f690d624399cde82ef2b32e321,163,1,139,False,False
06,audio,11,b17f7398a0a3040d8bed78b24a223b9fb3c3b2f5693c16a2bb824f840031155e,163,1,140,False,False
06,audio,12,b17f7398a0a3040d8bed78b24a223b9fb3c3b2f5693c16a2bb824f840031155e,163,1,140,False,False
06,audio,13,f7501d80d074e54631c3e9b14fbbd26858ba2e0d818e26064b8a98d747d6574a,163,1,141,False,False
06,audio,14,860bf75b4f9a1abfc95c668930667cb5222ccf768a00740d092039fd96ffcbab,163,1,142,False,False
06,audio,15,83f1c335240fe85367c955ea2066c1ceba829aa0ff544fc316e77126e151a73b,163,1,143,False,False
06,audio,16,4e521fa2fea678dea415af9be35ed7cd447d8cb182446f0b16de4979c3b94479,163,1,144,False,False
06,audio,17,e20c1690149aca6a8b912f67fe3945934ec4aa375f8b70d0446087905510ff87,163,1,145,False,False
06,audio,18,5011b57454b7435d3e4da66e47704f88a41bb40fc57a963c70d6188abb3ca128,163,1,146,False,False
06,audio,19,5011b57454b7435d3e4da66e47704f88a41bb40fc57a963c70d6188abb3ca128,163,1,146,False,False
06,audio,20,ffc300cc5037df86fe6130dd5bb669d962f096bb70300a3c11f742db794423ef,163,1,147,False,False
06,audio,21,dcf06f5cd19ed1fda0f9b7a88e68eb5fad3bce2fd5e1914d52b70d869c227fea,163,1,148,False,False
06,audio,22,03fa75f3ab98f50c9b608c3244b8fb10b3940b2a5463a744a6902cc38a24f121,163,1,149,False,False
06,audio,23,03c25e150b347ed95b4fc8d1e45b7b7027ce9c5893c4426fadaec883ffa1d14b,163,1,150,False,False
06,audio,24,eea65b716821c15580c24fd1c3d66bfeaa25f2020e666c1d3b646d388a35085a,163,1,151,False,False
06,audio,25,7b10d9ab2f88d032de7bfa07d18195324ff0fe3c3555897beae1874960c0057c,163,1,152,False,False
06,audio,26,9d0e5942210c9325b2606f8d02e542e00c3d99ebaef44803cd488492c969099b,163,1,153,False,False
06,audio,27,9dfa9ce2a02a7e1c8e89232d7b2db29c06084f7da2542d7304843f50128352fc,163,1,154,False,False
06,audio,28,62472994ad752cfd6728f3194473c06379a94da7852b5411ec1600298bdf8ee1,163,1,155,False,False
06,audio,29,7fdface12bed9da933036a89d9ee3595068b806c8612e2ded60cc4aecd7e1854,163,1,156,False,False
06,audio,30,4c1cbec15cf1cc51b284fd39b34d06da705d4528d7ec59d4bac3fe3cfa7cf5b2,163,1,157,False,False
06,audio,31,971d4333c783982f69d1be41e6677081f4c5bf55a4fe27fa8f8b857d462d27ba,163,1,158,False,False
06,audio,32,d26248b9deb580c8c4dd014cbf9ab7bac83cb602e822c36e258a31f2df6840e6,163,1,159,False,False
06,audio,33,8746b3989b0933885b2f61efdcf13b9d8f488e289404003a59e96bd08db6f689,163,1,160,False,False
06,audio,34,5f371d448b64529bd464e5b6a972096bca3dc2561db2ad148415c7b923c62650,163,1,161,False,False
06,audio,35,ecbcca1a1ea9ea5fa7cdb5a46519ecc8496b35d9a7df8bd13cd77445d9b1d0d3,163,1,162,False,False
06,vision,1,ef896904ae0277d2cd7ee9ffe9960961a6912e474695b4f0c90e9c762f309875,123,1,92,False,False
06,vision,2,8b7c342084ab8bb7060e78b81dedc0b96b51788b19d2edf44287ba70410b4dfd,123,1,93,False,False
06,vision,3,8b7c342084ab8bb7060e78b81dedc0b96b51788b19d2edf44287ba70410b4dfd,123,1,93,False,False
06,vision,4,8b7c342084ab8bb7060e78b81dedc0b96b51788b19d2edf44287ba70410b4dfd,123,1,93,False,False
06,vision,5,8c49ba3836fd68c9d78d3e8c51f20b605f9b14e1efa4b08c9060c20f6826676e,123,1,94,False,False
06,vision,6,bc9ab17f00cbd3a7fc4cd8b4d856884b80d0dc91fa777742beb9e214bdcca5ad,123,1,95,False,False
06,vision,7,d9cf7705e96c07de60a6075888a607fa49f6a405828689d1169f4b6c74fda7e2,123,1,96,False,False
06,vision,8,b4a02e5182383bf1fd1adde688f63ad5e7172a16fbc6dc08f6c04b2fee1ce025,123,1,97,False,False
06,vision,9,cfe5cb1cdffe5c6d10ca32e1c3c60d432ee13cbfca37ae1a13a76226b1999ca7,123,1,98,False,False
06,vision,10,83c5bc0ce5b785eb1eeb1f3e82b3931fb6532fe1b4ef33543eb2126f306f5a62,123,1,99,False,False
06,vision,11,4d1aaaee15707f70f154ddaf8ac0641ccd2f281d9679f91cdaafae2bdb3606fd,123,1,100,False,False
06,vision,12,4d1aaaee15707f70f154ddaf8ac0641ccd2f281d9679f91cdaafae2bdb3606fd,123,1,100,False,False
06,vision,13,6d29da52926c4efc395f9b6e0aa0767e13f5f5e5c06898d569fd68e1f10f1cd1,123,1,101,False,False
06,vision,14,741445e3df71d74f26d81e2f71bb6235b27ea7ee2f6a1960d4e354d81e9f04bd,123,1,102,False,False
06,vision,15,ecad74ed9c663df1314d7e7f693a1ad4d2fc1e4493c6f02cc5b3259693d8cbac,123,1,103,False,False
06,vision,16,f7fd16afc3f4e53e29a326dc9deb6bb99f6f381c612fdc91c0d93a1a60491c3e,123,1,104,False,False
06,vision,17,57d9e0d3715545b1e5f481daaf78784ff97a19c3e2f9166cb40784964e670c5b,123,1,105,False,False
06,vision,18,4ff9219108bcb3d2f4816ed972cea5f0de43cb87b5d382b34b3badc2c8856db5,123,1,106,False,False
06,vision,19,4ff9219108bcb3d2f4816ed972cea5f0de43cb87b5d382b34b3badc2c8856db5,123,1,106,False,False
06,vision,20,976bf2692c36a73fc8ef4dd44f64570761399e7b4adb95c8d0e34721d9d44d69,123,1,107,False,False
06,vision,21,3e94fa284135edd843a08bf5fb5fa406242e9d745bc964cfef6dbfeb144a5b34,123,1,108,False,False
06,vision,22,74b641da43ec71b1e6312debace6e56f2827adf07b8b866d6e3e349fd9ef8a46,123,1,109,False,False
06,vision,23,71521e8f3a29db8876398219c9d145f7124cfed51450349cf04398f89015b4ea,123,1,110,False,False
06,vision,24,4034f5e969ca9b0fcf38f0dc4e84b15543de171ac1460165d62dc9e760863ceb,123,1,111,False,False
06,vision,25,94a8c75a7ea3292c5f918433efaa21728e1123f9a61778f494d05f776cd579e9,123,1,112,False,False
06,vision,26,8eb053cc5b45271a8e6350d52b8c6a7949f828205a71f31bcb48594496d1975e,123,1,113,False,False
06,vision,27,8913d7a828ca48cbc179379236760dbfd4a01607561c21f4e59ebeb1f1e0ba9d,123,1,114,False,False
06,vision,28,186f1b5ae512f051f92db958e0ae38d442aa1de98658a7e27e7c2320d39cf333,123,1,115,False,False
06,vision,29,74894c7655743ba1d815027983504ea0ed486680f4a55d84f5e1a22e188bef15,123,1,116,False,False
06,vision,30,c03d66c0c4b4942e3658507484cdfdb929fc97e49ea1bff2cb7143308cc0822f,123,1,117,False,False
06,vision,31,c0247d9f111e54083a6920da891d1058fb4abcc6e546cf3773416ab5c3128f66,123,1,118,False,False
06,vision,32,18a892d124cefff45ecad4f82e529949f81d8babebdf0a8b1fc04417860514cc,123,1,119,False,False
06,vision,33,f9304bdd7ae3b883c8dff669e2112c4d49af37bf62241108451e058830ca7fbe,123,1,120,False,False
06,vision,34,41accfdda2953e18de499de82a737f96cb33ac1cb9d912410be1dfe8bea6accf,123,1,121,False,False
06,vision,35,81de60009b79178d3f01443134c11d7fe82eecabc5e2327f53c9be4efd6a54a3,123,1,122,False,False
07,audio,1,09deb3b464974bfc6edfb3a3abae22a0b3d9a47b1da12f8c4fc386fab30b93e0,425,1,375,False,False
07,audio,2,6e8a35e8a2728e8c070afb1f4f80093c5b14d1df490d26e2d672a3d20f2ec5fc,425,1,376,False,False
07,audio,3,6e8a35e8a2728e8c070afb1f4f80093c5b14d1df490d26e2d672a3d20f2ec5fc,425,1,376,False,False
07,audio,4,6e8a35e8a2728e8c070afb1f4f80093c5b14d1df490d26e2d672a3d20f2ec5fc,425,1,376,False,False
07,audio,5,6e8a35e8a2728e8c070afb1f4f80093c5b14d1df490d26e2d672a3d20f2ec5fc,425,1,376,False,False
07,audio,6,a9d2c136e608b9f412fb1a8f4d6d641b1a8169561adcf32f4cb4fea6a5730ad5,425,1,377,False,False
07,audio,7,9def12637ba78af7c68625168b4166baa60ce3ac8b738704e020700189d67d77,425,1,378,False,False
07,audio,8,3c58b33ab2c6c4d436debe86953c78eca709e8d9f70fd34756c4d3f81f1a540e,425,1,379,False,False
07,audio,9,2e55d9ce2c693b2bfded6e6533912109c73c627226e44088f912c0cc9d6aca06,425,1,380,False,False
07,audio,10,2e55d9ce2c693b2bfded6e6533912109c73c627226e44088f912c0cc9d6aca06,425,1,380,False,False
07,audio,11,2e55d9ce2c693b2bfded6e6533912109c73c627226e44088f912c0cc9d6aca06,425,1,380,False,False
07,audio,12,103f32500847ec34b3fe562cd8ff03d317194186d4f6eead5fc5932f52643885,425,1,381,False,False
07,audio,13,aac9c7a95c7890ef3594965dfbebddfa752bc672c5fcb927b458e216f3f1320f,425,1,382,False,False
07,audio,14,48c097d20fd6eea182238975f67e263d0e97f3af63b3652b3d216af7d9d68bd3,425,1,383,False,False
07,audio,15,bd2d7ea2bdb5e0d1274a8238ef6d0ff955e34bfb3215f18bacd346bb69a61a1e,425,1,384,False,False
07,audio,16,75e1cf67f8d62e728a84688d974747c1cf21ceb0db15cf8a6ae528fb668be2f9,425,1,385,False,False
07,audio,17,7ae8e2c2b17845629cacf57f2ba14022f0a2e78d021ea064d230abe1d7c473ca,425,1,386,False,False
07,audio,18,7ae8e2c2b17845629cacf57f2ba14022f0a2e78d021ea064d230abe1d7c473ca,425,1,386,False,False
07,audio,19,78a4d6aae9179505caa7c05bdb4e463f90156b459f19a0bd727f59de85b7fd2c,425,1,387,False,False
07,audio,20,5d08e18dfcbe6f1a075d3f3c658e0657965d32deacfc9733e99ac8d473e33250,425,1,388,False,False
07,audio,21,5d08e18dfcbe6f1a075d3f3c658e0657965d32deacfc9733e99ac8d473e33250,425,1,388,False,False
07,audio,22,2962642495b74a40643bae21ccd23b1155c0c9f5ffb7e55f9bb350050855e2fc,425,1,389,False,False
07,audio,23,a61b7c3b3d4f0341ee3cca7ca7baf1d53cb03799fe20fc97e5e862492b186ace,425,1,390,False,False
07,audio,24,99dfa80f72d05cbb4ad7b889e18aade64dea76a9fa6459648ea869a0e1ef0761,425,1,391,False,False
07,audio,25,776b48a8b2e122afc8928e4597b69aaf5b3e7c4ff10ff14db9c4ccc42c44a175,425,1,392,False,False
07,audio,26,f5d4169b8dc48b6fce3bd45aee0edec2d388563242fa96059575d78ddb3223eb,425,1,393,False,False
07,audio,27,4c880e85fda3f8e154e4de647588f84a6a2df1ffea52545c1d8983840120f531,425,1,394,False,False
07,audio,28,1028059f42a42afa2ce2c2d08d1c046b1fa35a587f997551854f7814fb9b27b7,425,1,395,False,False
07,audio,29,1028059f42a42afa2ce2c2d08d1c046b1fa35a587f997551854f7814fb9b27b7,425,1,395,False,False
07,audio,30,a3fba832e6b89f5a25976c4e1cf9405c8a5ee164e7b5b0899bd738ad75cc4990,425,1,396,False,False
07,audio,31,8eaced06982fb2c940dc09348f1ac44ef16d2ceb714e6903fbe35ffc532b1a92,425,1,397,False,False
07,audio,32,5306f1dba7cb937e814a222e64ece93ff9b871db142f9a180de77b9603658515,425,1,398,False,False
07,audio,33,b7c065a711bc3fb0ba5f31af8d9af31aa5ef1f60fbb91a48b10484ea4877fa53,425,1,399,False,False
07,audio,34,228235f25f7b6dca1ddc2515903db7954a15c970123ef510c6212ce0a2d7ecd2,425,1,400,False,False
07,audio,35,228235f25f7b6dca1ddc2515903db7954a15c970123ef510c6212ce0a2d7ecd2,425,1,400,False,False
07,audio,36,5a9f84ffee34236773b3017ffd74e98c439a1457a5812aa2d87eed315ba6653b,425,1,401,False,False
07,audio,37,5a3d1f44f0dca6a89f1186d1de5f19ccfd9ba589290025577ac43b3d0bf21b62,425,1,402,False,False
07,audio,38,a28fdde9adc031bffc84174523b03c7bc8f258a6600c7954b2d6924bc62e2378,425,1,403,False,False
07,audio,39,5ac0fa7b774a0ac7b62cfd9d97463e6dc1d63b153a3306ec84e1465a1c462743,425,1,404,False,False
07,audio,40,5ac0fa7b774a0ac7b62cfd9d97463e6dc1d63b153a3306ec84e1465a1c462743,425,1,404,False,False
07,audio,41,5ac0fa7b774a0ac7b62cfd9d97463e6dc1d63b153a3306ec84e1465a1c462743,425,1,404,False,False
07,audio,42,e3fbb52ee869a7419bad1caadc1bcb479df83edfa9b8dc3c741ea5521c814282,425,1,405,False,False
07,audio,43,e3fbb52ee869a7419bad1caadc1bcb479df83edfa9b8dc3c741ea5521c814282,425,1,405,False,False
07,audio,44,64ae6c41b35428e4ff337018a0dc5cd29df58333ec5ca7aee8a15ee445ba7694,425,1,406,False,False
07,audio,45,963cf8c6f4863cd93f5d5e3047c2e9b6e97adc8cfb193c377400580228a158fb,425,1,407,False,False
07,audio,46,a06b14b1fa8c989ad0aaad1145a6cd47ab3f020463cbd9691e00358263b2e4f3,425,1,408,False,False
07,audio,47,628bab47617012a2ef3ad44e6a2c58649ee76f1fee22b8046d3e8833e58e68f8,425,1,409,False,False
07,audio,48,1a4c713d0b2c2a20083806f52dabbc51f6b8261e4163892535d5776f0c9e9e84,425,1,410,False,False
07,vision,1,373e17f205852802f8f25ae4a7f988f2d2a8a129d7a04c0d6117ec2f712560fb,319,1,269,False,False
07,vision,2,82aee1ff8ee38ee8e33277754c3e9cec56d6dbd68e436c7c9b8a37ec1432476e,319,1,270,False,False
07,vision,3,82aee1ff8ee38ee8e33277754c3e9cec56d6dbd68e436c7c9b8a37ec1432476e,319,1,270,False,False
07,vision,4,82aee1ff8ee38ee8e33277754c3e9cec56d6dbd68e436c7c9b8a37ec1432476e,319,1,270,False,False
07,vision,5,82aee1ff8ee38ee8e33277754c3e9cec56d6dbd68e436c7c9b8a37ec1432476e,319,1,270,False,False
07,vision,6,400f86012b8e8e71c1548e92e9c7534b881bd632f97d5eb3fad054b03813b41a,319,1,271,False,False
07,vision,7,da7d2c56d93575d607530f9d4ec313495eb4fb08fd3801e8bcd8fe42decc0623,319,1,272,False,False
07,vision,8,65bbdf6dc6c35bfb45184125ccfaad07e562570cb96a9f4d2bcce65e106c3c39,319,1,273,False,False
07,vision,9,d4c991a176ed057687defcdca08e42d8dc0e3ec00d590a1081fb832f6c3cf43b,319,1,274,False,False
07,vision,10,d4c991a176ed057687defcdca08e42d8dc0e3ec00d590a1081fb832f6c3cf43b,319,1,274,False,False
07,vision,11,d4c991a176ed057687defcdca08e42d8dc0e3ec00d590a1081fb832f6c3cf43b,319,1,274,False,False
07,vision,12,e739fc4ea5af95f3af60028adc422fb1c112574a793bbf0d110cfe7e00313795,319,1,275,False,False
07,vision,13,7e37cf18741b55c5fcfbaac13a24a8d6b5856dbb86c15877c952760aea0dc4a4,319,1,276,False,False
07,vision,14,636e8de1f4c2cf869c3b4dcc132a5cd1c461be13259ce827cb5772398befafb6,319,1,277,False,False
07,vision,15,a68113778fa816c9f2ec14a05360c43faa235f36cf2580799004ebd543c458a2,319,1,278,False,False
07,vision,16,5ac4ba5a6008dceb5df317949870548ab03f518113c3c29bf5a3c95c5a16bfa9,319,1,279,False,False
07,vision,17,8723c683d832571d7dcb3c476ba271f27ceeba846a33bcd55111dacd9f949ff4,319,1,280,False,False
07,vision,18,8723c683d832571d7dcb3c476ba271f27ceeba846a33bcd55111dacd9f949ff4,319,1,280,False,False
07,vision,19,34755d64bd0d93dc95dee9c6c7bf00e831a7587f21cd3c90c943d9d6128c5ca6,319,1,281,False,False
07,vision,20,4f483b00a067382c45088cc835bde7c59b57e59043b4d3f2d4d974ac73cff17d,319,1,282,False,False
07,vision,21,4f483b00a067382c45088cc835bde7c59b57e59043b4d3f2d4d974ac73cff17d,319,1,282,False,False
07,vision,22,1997c709e8bce34f9e82630360fbeff7a17298e8588070c6b3e3e2b062f23160,319,1,283,False,False
07,vision,23,af53f0df837144294da523e0cc0917d4bb1f9a72a7dac0f667fdc9bdd25c3d96,319,1,284,False,False
07,vision,24,199644fef66e0fa529abac65f7dc221c000af1f8fe4f478cb3bdcb1475bba66c,319,1,285,False,False
07,vision,25,82ec69e79cc80d519121658779feb055ca09e71f927e854876103e18a26449d6,319,1,286,False,False
07,vision,26,f08e8a7627f2effec586757fafa8c44e44e430023c57721e7a00afed311ce844,319,1,287,False,False
07,vision,27,2679f42b86cff5968ca11dc22c13f4dc6faae1d601388e49bf4a41fb79a80f30,319,1,288,False,False
07,vision,28,9f03ae46e320e08f06b9c2293b8df256de65174967283fc4caf85072d1d45469,319,1,289,False,False
07,vision,29,9f03ae46e320e08f06b9c2293b8df256de65174967283fc4caf85072d1d45469,319,1,289,False,False
07,vision,30,6de8df6d6762e4d2444877c88f09549c7ef4406a4470fe30cd77629cf7dfb394,319,1,290,False,False
07,vision,31,2ea718e4e00209efb8e172e6772d557d3911ff170f0c899b973e64d68ab8e6a4,319,1,291,False,False
07,vision,32,537e37efe20c9a5d9ebff158a79a1a0b5b470e69e5405032124b9844346b87e0,319,1,292,False,False
07,vision,33,1d2922d8b8e2471f3b8a84184be4c76655b7217d1085dbaa8789b64b72457cb3,319,1,293,False,False
07,vision,34,a1ca7ec7c88b73c65e4e580426c230a6c01ea0e7e16d3884352f0ba478b62735,319,1,294,False,False
07,vision,35,a1ca7ec7c88b73c65e4e580426c230a6c01ea0e7e16d3884352f0ba478b62735,319,1,294,False,False
07,vision,36,54a6c9dd7cafcdb9a44e977d80f0c2e5d6cf35fe66f92fe85139f1b1893b0b02,319,1,295,False,False
07,vision,37,b2dda02530d1e61441f83c94c22eec3a26363ef702156be322ebe3350bfda054,319,1,296,False,False
07,vision,38,150456e18f9614bc395259ed3665df04c148bf0b08cd9f8954d70eb6660cfb96,319,1,297,False,False
07,vision,39,f785713d07b3786506fe8786a6ec3f78cb3743349f2f87f115a8adc362bdae8d,319,1,298,False,False
07,vision,40,f785713d07b3786506fe8786a6ec3f78cb3743349f2f87f115a8adc362bdae8d,319,1,298,False,False
07,vision,41,f785713d07b3786506fe8786a6ec3f78cb3743349f2f87f115a8adc362bdae8d,319,1,298,False,False
07,vision,42,6d5f5231b354c9dc8c34b9ffe5659fb4aae774edbaa0e1cb091db4faa49a7226,319,1,299,False,False
07,vision,43,6d5f5231b354c9dc8c34b9ffe5659fb4aae774edbaa0e1cb091db4faa49a7226,319,1,299,False,False
07,vision,44,c34becbe8f3b4fface707b48dfe5a2f7682f1e9de91e0f077735f43946133e75,319,1,300,False,False
07,vision,45,2cef257a7725819e13f4bc83199370b0323c3962b45ae040dfcde7a29d3f50db,319,1,301,False,False
07,vision,46,f9e0b51d29447c0d4a499095e3c5584358623f7bd725921b99a1f3cd2a798c71,319,1,302,False,False
07,vision,47,d81e27729292fd464ad1401fd706bb59cb017fdc1d029caa2a8ef3db7aad8514,319,1,303,False,False
07,vision,48,3bf7be58776e5f67ef8cf362d8f1715815bbaaa7a1080eec360da6c7de452189,319,1,304,False,False
08,audio,1,431750fce21d82fc22cf158668653cde3ee59ad64acb229673c50ea8c49f74ae,98,1,88,False,False
08,audio,2,d958894b8d9877df15453a63694ab45d743e80f36f9ffbdfd48d81e69e0d26ea,98,1,89,False,False
08,audio,3,b4563c87592c3a111d10f7fbcae09a38da3089882e8a816b5916784bdfaeaba8,98,1,90,False,False
08,audio,4,0bf4cba02580d065931bb1963dc6c1cc19140fdcf4d8d0fd9006650ac8a1c8f4,98,1,91,False,False
08,audio,5,d696fef033bafa3ac3a04533f2715443e561947f2a33047de0769eab8b39a8c8,98,1,92,False,False
08,audio,6,d696fef033bafa3ac3a04533f2715443e561947f2a33047de0769eab8b39a8c8,98,1,92,False,False
08,audio,7,4adda4f0cbf7922de1e157c1a996aeabf1b2ecc412947ed01ac3d90c207f1547,98,1,93,False,False
08,audio,8,095d82acb3e8e32ce2958dc740da13f6c894989eb627c2e1952de9431d5bc20c,98,1,94,False,False
08,audio,9,7ca005de6c5a333e466fdb01ca22606893513a0d50bf6ac6441cc9c2318f6580,98,1,95,False,False
08,audio,10,ea25860c49ab6c39957c1f8b17d1418ad58c88f80401d236707a62f0e96f34df,98,1,96,False,False
08,audio,11,202f2e89b516ef5abc548cee867c332e4366c95ad7869e64ead4b685503c879b,98,1,97,False,False
08,vision,1,234b68f4d149a99747ca330412967b7880cabfb8fa084940a82911ea65f7870a,74,1,64,False,False
08,vision,2,58686b4cd4003324d16087056b69897f58f519f0059041dd099ac753045f2af2,74,1,65,False,False
08,vision,3,554c87f48e98585258059a175574258481e177ee25d6726ed00a8a71e6eb2de8,74,1,66,False,False
08,vision,4,02da1ad4a8627f61f1b6d8e97e10a4e38a4409bc01d1eb505c994fc94cf89b65,74,1,67,False,False
08,vision,5,93d9d7865b816306755a00408ce789cf4a453b3e6e85a709ad457d8d5bc278f1,74,1,68,False,False
08,vision,6,93d9d7865b816306755a00408ce789cf4a453b3e6e85a709ad457d8d5bc278f1,74,1,68,False,False
08,vision,7,7ac9641b2d826c1836c9392815f173404aafc5240b8a0086d39076643aa22468,74,1,69,False,False
08,vision,8,b1961a46a60569991349e2bb54ad2c241681615d5b3f140d6c236d48e16ca838,74,1,70,False,False
08,vision,9,4e1930ab70fd5f46a4567be3c16b0ab1152be5801ddbdf5e162a073190663365,74,1,71,False,False
08,vision,10,59de257eb38e7ef1d2c2c120c68ba270c0660dcb767b4dee73d57e128fce056a,74,1,72,False,False
08,vision,11,6728e978b0e29270c7e94a74676fc2721ab2fb182add3bbb60d25f7d089d8c3e,74,1,73,False,False
09,audio,1,87cc5d75755da30991ada3c2729f19ef4a34c7de93e0af409c1fdc0dc00e89da,99,1,85,False,False
09,audio,2,87cc5d75755da30991ada3c2729f19ef4a34c7de93e0af409c1fdc0dc00e89da,99,1,85,False,False
09,audio,3,87cc5d75755da30991ada3c2729f19ef4a34c7de93e0af409c1fdc0dc00e89da,99,1,85,False,False
09,audio,4,87cc5d75755da30991ada3c2729f19ef4a34c7de93e0af409c1fdc0dc00e89da,99,1,85,False,False
09,audio,5,1c96807f097ced2e61d8468521d822fcb1f18b7d6e7dffe0bea83b4b21ee47aa,99,1,86,False,False
09,audio,6,9b969dd39324287efe2a4bde94b4214f4268278b12b0fb7858e2b921b88bf270,99,1,87,False,False
09,audio,7,25b2ba1945f266d13caa234347575362322d666b23c7e629c1a68458e56b353e,99,1,88,False,False
09,audio,8,1f5a704f7f781365e2c988489de172c0048ab0d51ae1511ae9f9287af0b9ec67,99,1,89,False,False
09,audio,9,eb4c3b2530b7e0a9bc19e8caae11edea4aea8938391bcbeac7649026feded977,99,1,90,False,False
09,audio,10,c3a1469067056b91466c148d97699106465f4786bda0cd349617b0150486ec99,99,1,91,False,False
09,audio,11,4c9842d004269089c58244ad9dd8ef6dfe647715919254df5f91715586068b96,99,1,92,False,False
09,audio,12,2dfe8e61abb8ce040e9022d372bcb59f40b8d9cc5f939605544103d94c476d14,99,1,93,False,False
09,audio,13,2dfe8e61abb8ce040e9022d372bcb59f40b8d9cc5f939605544103d94c476d14,99,1,93,False,False
09,audio,14,a09228a63e5c60001a611ecde0bf8408fd2bc0932e70375691cbd8e7bc06131a,99,1,94,False,False
09,audio,15,e270c1a2c63e4a1cdf58792a2249f54f025212843a7437a4d189413cec2dec46,99,1,95,False,False
09,audio,16,8b86dc5537b3e4a8b30d67157c9fa7c805b743ede0d20eae1b2b4059e872b9cb,99,1,96,False,False
09,audio,17,7ed101d17f9f18a12c0d417f741e82b52a26a0f63961da73a8c0ae323ff15646,99,1,97,False,False
09,audio,18,9f5f001765f51a21001fc899b2b9a8e7cea230b1531164931ced22224b7e53d7,99,1,98,False,False
09,vision,1,535156e6f2069b693c860719b25ef5f79fd0d1bd9101e3d597f387227bb45c1b,75,1,61,False,False
09,vision,2,535156e6f2069b693c860719b25ef5f79fd0d1bd9101e3d597f387227bb45c1b,75,1,61,False,False
09,vision,3,535156e6f2069b693c860719b25ef5f79fd0d1bd9101e3d597f387227bb45c1b,75,1,61,False,False
09,vision,4,535156e6f2069b693c860719b25ef5f79fd0d1bd9101e3d597f387227bb45c1b,75,1,61,False,False
09,vision,5,482dfcface6f9b12675d26b412fec446d135aecc67397aa5872ec9730efb16f5,75,1,62,False,False
09,vision,6,ad3da993f6c502941b2bf2127a33baad004fef35da45a46f37116d1b39782c06,75,1,63,False,False
09,vision,7,2100da4ad1667198fcb38bba72ccb6a86c8dcacc49f04cc3c37c742fb4806d57,75,1,64,False,False
09,vision,8,6367bd65dbc446a0a3cc3d149e3ac2b469d98a84c27e147ef39d7ceb9b6e069a,75,1,65,False,False
09,vision,9,1b1ba116f5f15541fc44c9fc54dfc5a785293544e50760e295ddb50b1b0f0bd3,75,1,66,False,False
09,vision,10,7ed76f048647386018c3671c731ba06b665f954233cfb7d064330341ca0e6985,75,1,67,False,False
09,vision,11,66fcd8d19f76ba6227c041dd1d04e54c36567101030a9275fd173e1e96094dcf,75,1,68,False,False
09,vision,12,7a206fd783a3517054f9866a2f3cef137cf22a095972fdc69d7f5e909dc3d38e,75,1,69,False,False
09,vision,13,7a206fd783a3517054f9866a2f3cef137cf22a095972fdc69d7f5e909dc3d38e,75,1,69,False,False
09,vision,14,7a272303668ff05ab4844cf06b9355014500731540a95789473f5d2222060660,75,1,70,False,False
09,vision,15,c484ecb6e911384e35119608e3623240c652200c7a1e7dafebfd1760aa63207f,75,1,71,False,False
09,vision,16,ad406f4b4be993bfc2647e0896e5d7c8408657ff1ac6c273eb0ef53fd67fb569,75,1,72,False,False
09,vision,17,2ffea7e34705522182ebf536f68b029b921c380ea43c9b7a71d2d46131ee5411,75,1,73,False,False
09,vision,18,0771f2f716f07703b6a417208ae7b2a9511af059bad74e856ac8d3f8be476740,75,1,74,False,False
10,audio,1,c9bd7cb7a80f3f6421b10674f49508afca8a97994af16bd6e287d33e54d449bf,195,1,170,False,False
10,audio,2,c9bd7cb7a80f3f6421b10674f49508afca8a97994af16bd6e287d33e54d449bf,195,1,170,False,False
10,audio,3,c9bd7cb7a80f3f6421b10674f49508afca8a97994af16bd6e287d33e54d449bf,195,1,170,False,False
10,audio,4,2526d6ddf7c169e880b3b16ccb1bcc296b5b5d0ffba7b13726bf7c4df65ec399,195,1,171,False,False
10,audio,5,fcf896bc667d2c7a5fd654c5b0b86bb410649ee77186bcd2d9191074775eb376,195,1,172,False,False
10,audio,6,ed2b56e70aac2ba0660e4c4447a033fcbf5fe80d401b93489973213aa624ed6d,195,1,173,False,False
10,audio,7,bf256da009d0e5e85363af37d59034f0ee51816a5618ba30dcb1006649e0c85b,195,1,174,False,False
10,audio,8,16cabe6e8006ff55accd69c38d9c986355b3a54218d0d90b223c9f544af10104,195,1,175,False,False
10,audio,9,7b82e9942ca2afa272e09dfdad29e603f5f87323cb83f796555729d027dfe1f2,195,1,176,False,False
10,audio,10,8cc1d580e8019ac6bfba9e932eccc2b28edab435efaee5db0e8f92df8d15dac0,195,1,177,False,False
10,audio,11,f5b4bb0893f79915d6558ccceb56cc4a7faa36e4e4c0889fe5586f4cf8a55575,195,1,178,False,False
10,audio,12,30250f67c8b03deef0395c537e6826940cc624f4417a024ff36505518e69f088,195,1,179,False,False
10,audio,13,77fc9d7dad7d7bacd91c0edbde6cd34a9b3bf600a83713aae0cc0c7787afd745,195,1,180,False,False
10,audio,14,f7976ba4c7c74e2239073fd65998674b084a69d2d273b35401e0e549ffd94f3b,195,1,181,False,False
10,audio,15,6b30904065dd556ae797602f4b453d200a8dcd08841662f8e479ca00190c6fed,195,1,182,False,False
10,audio,16,6b30904065dd556ae797602f4b453d200a8dcd08841662f8e479ca00190c6fed,195,1,182,False,False
10,audio,17,c17ae71ec6c8a61b1fd7bb5ffa9ebd6f91c9bda4f3ee610748ab8087c6e7f4ee,195,1,183,False,False
10,audio,18,4a8aecab6034f5df09f71caf2c3c56f2c3330da5843b718049e48fdac58718f5,195,1,184,False,False
10,audio,19,bde6bffdb33351687fcf534c7758e87b47e072e0d179159ad4d302e3378f5c99,195,1,185,False,False
10,audio,20,bde6bffdb33351687fcf534c7758e87b47e072e0d179159ad4d302e3378f5c99,195,1,185,False,False
10,audio,21,bde6bffdb33351687fcf534c7758e87b47e072e0d179159ad4d302e3378f5c99,195,1,185,False,False
10,audio,22,f6a88a2a39222c307eb23af837c91a360a7b211866239d4e12da8b3787219aa3,195,1,186,False,False
10,audio,23,98537cc6270816aa9a722d092b22482f3dcb8996132a2892f0536be59601a874,195,1,187,False,False
10,audio,24,e2aef7820f32b7459c0295ff187c07642649d705add0a094a7cb9bd5b701b2c4,195,1,188,False,False
10,audio,25,245f53852a7fcf371a4b15a1bfb4d1da0162d7db4a6e772595134be4b5c1dc3d,195,1,189,False,False
10,audio,26,d3e1aeef0f20a1c73ad5db836bb53667bd6c1996294178a584484302035cef3f,195,1,190,False,False
10,audio,27,f3c5b1c1e5fcc0d824586a00d2f22bb6058ba7ccd5891c5568fb63867098531e,195,1,191,False,False
10,audio,28,d0f13c8b59d9f5a49367727b73b3db75c27c3901bb1068922f0e8f85ab2c43ad,195,1,192,False,False
10,audio,29,576e3c58b16219af6baa203ffcac59adcf09c0f07e352b7518efaf05d863fdf4,195,1,193,False,False
10,audio,30,26786c35dabffb1ba8c8da15984055c03428c3001c653e37d2b6ea3837178268,195,1,194,False,False
10,vision,1,f2de7ed71486f33ef89f73cef3a00475bfcae182466f2ad1041b384ddc10655c,147,1,122,False,False
10,vision,2,f2de7ed71486f33ef89f73cef3a00475bfcae182466f2ad1041b384ddc10655c,147,1,122,False,False
10,vision,3,f2de7ed71486f33ef89f73cef3a00475bfcae182466f2ad1041b384ddc10655c,147,1,122,False,False
10,vision,4,26a7723a92febf4300e6413a68e6cfc09a5ecb31a87674dfb5d4d9a70a91b093,147,1,123,False,False
10,vision,5,f719034b08428f62682bb25cbcab8d530623e6dd6596397805e93a77561fbd42,147,1,124,False,False
10,vision,6,b1d11ee2c7a7dceb405355fff206c5432096b0f5fabe0910a74a2019ebff19a9,147,1,125,False,False
10,vision,7,49cfc289f962af2ffdcb248974a5324edc52c09c1d076301bbfca176c45ead5f,147,1,126,False,False
10,vision,8,9a524e0b708978e48d462b574cf650bd5d3f63abcb678d9db7c24ae091ade986,147,1,127,False,False
10,vision,9,85879135aa6bcdbb03f80df36a9f8ad4e8f05af1093e6c2200f8e189cecd5f4c,147,1,128,False,False
10,vision,10,3aff8bf355add6416684b792f6fbc34b15533b3de9eafaff8acbef613da81620,147,1,129,False,False
10,vision,11,18065ea26aa7bb2837372630e61c560118edbf3951ac6722007181b6fe1574ea,147,1,130,False,False
10,vision,12,e2259b76d142c040b3894a698a1edd42e9094483bbba2455b23f14d31534432b,147,1,131,False,False
10,vision,13,fd65d3b2efc16eed47e893a125237856c41befcc5cbe7222accb30993eb324b3,147,1,132,False,False
10,vision,14,168765d3a0313c5725207b798a38d41f62cfe8d179344fd7fc90585719a7536c,147,1,133,False,False
10,vision,15,63ea1f53080d49b3ce1047128b4858b7296d34886be8334ca497f5f6cff433fb,147,1,134,False,False
10,vision,16,63ea1f53080d49b3ce1047128b4858b7296d34886be8334ca497f5f6cff433fb,147,1,134,False,False
10,vision,17,6faf579f59777a85fba6d1e8521218c83476710dcd0c2b6c3393f534236b4789,147,1,135,False,False
10,vision,18,e9649dbb098d6fa7264263e5951f247062823bdeb92c1ae0c08e66c35df00201,147,1,136,False,False
10,vision,19,399b30157ca61394f930ff3e03e12d73316f02153ac383ba231f08aefbfb1a20,147,1,137,False,False
10,vision,20,399b30157ca61394f930ff3e03e12d73316f02153ac383ba231f08aefbfb1a20,147,1,137,False,False
10,vision,21,399b30157ca61394f930ff3e03e12d73316f02153ac383ba231f08aefbfb1a20,147,1,137,False,False
10,vision,22,f3c4dacda93143244e285e0e892265c893f2209e71268067caaecc3fae27b893,147,1,138,False,False
10,vision,23,88fb138b962f65fe7e9cf2dbedffa922b00ae8d76d537f9a12df3588df6d3902,147,1,139,False,False
10,vision,24,571f0311c06547ddc6258713f68416e5fd972a3993bce1e9a24de79d06d53aa9,147,1,140,False,False
10,vision,25,05e42413c1bcbeff1fd327d86699e77ff705e766c28519c927649ea71351beef,147,1,141,False,False
10,vision,26,616fa83e8d065591e0a001eb31f6e9511fef4653b6b87a0723dacb1a293abaa9,147,1,142,False,False
10,vision,27,d2a56e41da5fbe00098e5a3c2c751f3a3784a5c57ce75b8ab6e687b8bffc7e91,147,1,143,False,False
10,vision,28,3bde98d260e6474ca213422dcadb670fd17d76afc5f5e816483d2063295f6389,147,1,144,False,False
10,vision,29,0a2f3eb2db18437d5509b68280e48ee8b7168a2a867cbb6624896e6c42a89f42,147,1,145,False,False
10,vision,30,fe68fcbf8d9f690a0a361e57cd73bee608bcea87bb433022ec5ebe3e11e9ca72,147,1,146,False,False
11,audio,1,77fd0d3d974aeaa8674bb3cf53d9eee8e712980bceb3ab6c35ec828c945e4ea6,114,1,100,False,False
11,audio,2,d7a67ebd0ab39dbcca1fed282fef492103730b0a8d778233f1ac5c9533aea280,114,1,101,False,False
11,audio,3,566124962f1f8e009f9da4051e0f0ca9b76f17e9713143300eb78ce3ba8ec911,114,1,102,False,False
11,audio,4,9a5bbc479b3ae936752d29c541b457e36a43a91d734f0d565dd7f2832b058523,114,1,103,False,False
11,audio,5,a9284c4b05c8c0ba80ad32ef621b4b7dd6ce19ad75253e6999d6dff60f856e79,114,1,104,False,False
11,audio,6,276b085a0bd7374ae0c71afc30b47cae5a94aec20c35b21b0c40177294550f69,114,1,105,False,False
11,audio,7,854d52ccb196c248a7c3a4373ac557b76ec501bed9aafe82f0d431de8a26be1c,114,1,106,False,False
11,audio,8,6c39648baff820150c60fdbc8d1e7eeb03ab8aa51c0f51fedbae1730c2ee24e0,114,1,107,False,False
11,audio,9,55eb21075e6b34b7d02f09c1762d8026c8b14681cc35c6841228de077f879644,114,1,108,False,False
11,audio,10,2433347cb30d26569e35f0c4b006f376e3010a150cf7f6e8c10c856c657758a6,114,1,109,False,False
11,audio,11,44336b4f9f798f6919d9a735d4be02b3acf91dfae340bae28d8bf747bfccb55f,114,1,110,False,False
11,audio,12,d209f284970f00279809d265d473b8713a0506d9bb68c902a3b5a9e53ceaf818,114,1,111,False,False
11,audio,13,a97eb3ac88327b12fea299298af27cd07935b1619fe5979e4dfb131814d83114,114,1,112,False,False
11,audio,14,4c1182d2f82332db3bcfc8c0016fbf7b233772277d2dfc92fbaf3dcaacebd1af,114,1,113,False,False
11,vision,1,090be7c0c6242c21a1f808f6b299c7e5590a4bcf30e052def4de726aac1f3c01,86,1,72,False,False
11,vision,2,62d01c357c7ce6a63420d48a05b8be99b0d89045a3d67cb9e122b2383a651ca2,86,1,73,False,False
11,vision,3,f84527aa267db4ef3056021e721509e2e9e62b9a5edaac984989fdbcd8436f25,86,1,74,False,False
11,vision,4,86b9d52a2fbf4e87adb181f08e772499aa566b465ecb06ea58c6c9e81089a999,86,1,75,False,False
11,vision,5,c7e7cf2ff44f36e2b9773f12d67a4ff433f23159e2b718941ffac37e7bf03dac,86,1,76,False,False
11,vision,6,151713880b3e191838ea3721a166d77611bad1c797762e1ebbe5cc2d47ad2ded,86,1,77,False,False
11,vision,7,780316b7d709c33249a257fdca843d72dda81230a3b8eea0b685af56fbd23540,86,1,78,False,False
11,vision,8,fbb0c66231da23b5272c62976d9393c46094e07a918590271a7691c6b5d988b1,86,1,79,False,False
11,vision,9,9a3adf96c050a5e73e7c91d1bac8ecbda77895f1e44d4f72f96c84c573ab61c0,86,1,80,False,False
11,vision,10,0bab74ba1d00a6c87b3d98242e436fd796416c590282f8ca3945cc27c92c5a6b,86,1,81,False,False
11,vision,11,1c17bdf314d77f68f25016a59a0307742b5b68f5dbca795c1d6ab36bd9789de0,86,1,82,False,False
11,vision,12,e9c90b41f562603a4bcedd8312256d40fc7e42e214a63347901156f4cce412d6,86,1,83,False,False
11,vision,13,cf755acceff23a7e49c5cf28b1e3ff4c79955f3eecdb507471e7e90a53dde89a,86,1,84,False,False
11,vision,14,65d287f3b3c02bb13f3161d6edfa2ae17d6dac0f9965bc4b9171cc7c0f0461f9,86,1,85,False,False
12,audio,1,929663108d195da34ee1688cd7b38b64b109ea956b4269915c154bb93aba4800,257,1,222,False,False
12,audio,2,02d886a1edce2419ad9e0b5ff99e4b04d66a512c86f8269ad12fc9ae7d7d301f,257,1,223,False,False
12,audio,3,02d886a1edce2419ad9e0b5ff99e4b04d66a512c86f8269ad12fc9ae7d7d301f,257,1,223,False,False
12,audio,4,4ab459f974bd96a8d40ac3e76e87e1ac1cc8483918255afafe3d3a9a821f962c,257,1,224,False,False
12,audio,5,fdb98b9b13aaa7f11556473fdc94571d8c4a96655ea71a3049639dcd5a722cde,257,1,225,False,False
12,audio,6,07308c5d3c5881061c4508a62c1d713420c8466ae791d1538864ea827699b55a,257,1,226,False,False
12,audio,7,3e553e50167fcadb7294f0fbab43d6e251848b974a11677c905e5d1449a371f3,257,1,227,False,False
12,audio,8,abc66960c752f81b03d5ac3eb53ff45cb0e73075cc8465c775293b50165f046e,257,1,228,False,False
12,audio,9,17edf738d8082601a22b5c42531fa3bb0210a572acf1cc74e8265ca5b7681559,257,1,229,False,False
12,audio,10,17edf738d8082601a22b5c42531fa3bb0210a572acf1cc74e8265ca5b7681559,257,1,229,False,False
12,audio,11,b9ce7d002fe343738bb95e4cf7948a892aa1e8510befd415f5902d571395e2df,257,1,230,False,False
12,audio,12,3f221f5afa0881b6d43aec534ef977e77893535cf5ec0e47485ea5d55a1df56f,257,1,231,False,False
12,audio,13,374c68510f174153f3f7d277e597abcbb0e18cac7f4e1e86c1ce15ff5d96b373,257,1,232,False,False
12,audio,14,fdbc4cfdb3d230f0ffa201ea0679f41e2e4686f964df8c82011962b6fb64018d,257,1,233,False,False
12,audio,15,97bc2d690c8b9d0d35db9c521a3b8065fbc5521820bd32465870733c47f349d1,257,1,234,False,False
12,audio,16,232856d91d3d4832ca9bcfb7e9084944442d88c83174ed56bf920e625653a1bc,257,1,235,False,False
12,audio,17,588572cacdc7e9a72de96fb08fcfe1abd995e25ccd793665f6e844ad9289bc11,257,1,236,False,False
12,audio,18,f1883bde7f27388ad2d9a368f5be12afb834bb331ab1a658e0053f20a4587be6,257,1,237,False,False
12,audio,19,f1883bde7f27388ad2d9a368f5be12afb834bb331ab1a658e0053f20a4587be6,257,1,237,False,False
12,audio,20,d66a121538bda8f3e6b6e373cdaa46ba8f6227f4dfbcc5049f91cc8f6aa342ca,257,1,238,False,False
12,audio,21,0d985594eda87b908ad4b676f6f0d49bde0d72f5ea356daac87008a8f8fafcb4,257,1,239,False,False
12,audio,22,67f6b484bd47fac0938a887cbe74648999154ee812f9be87f611c5f7a16f36d3,257,1,240,False,False
12,audio,23,8bc1fb1b80eda62f4e08cb96fd1d7ca5959add1d6edb1eb749de4d4f8d425671,257,1,241,False,False
12,audio,24,3dca1070d09aeca907748f78a65d5ccf2ddc8f425d0232eaf4b837c72251f4cd,257,1,242,False,False
12,audio,25,803769fd8ef154c8db86be1e81173e75c08096d2dfccea00d479447302377f1b,257,1,243,False,False
12,audio,26,ede76dc49b0d38fa033a993274f36f4bb385fe6ca507105025e1f0a386e21a15,257,1,244,False,False
12,audio,27,ede76dc49b0d38fa033a993274f36f4bb385fe6ca507105025e1f0a386e21a15,257,1,244,False,False
12,audio,28,4b13fe1b36eddd3c151895c7bcec6e2747e916a44c377d94491e178e8b2e884e,257,1,245,False,False
12,audio,29,c4a054c930831511ee1c6023a4e661c08f908c1b59d7ba7deadb3e7c6e0d65ad,257,1,246,False,False
12,audio,30,528dedceb0674d39ca8c7614a0266629eb449295b64934152f8da8dc4d40a8e3,257,1,247,False,False
12,audio,31,07463a6aa0c9f85ee5dd927b368c6d1277b8caac2da43ac7374ecf5579adf67e,257,1,248,False,False
12,audio,32,0ec1f40568437756579041821668fcd2ce76b082af22949d91f1f6d17e320c5f,257,1,249,False,False
12,audio,33,a76a2b500a98d3b70f4365b490d78e9bbab59486dd064eea86ed7bb28129c1ab,257,1,250,False,False
12,audio,34,a76a2b500a98d3b70f4365b490d78e9bbab59486dd064eea86ed7bb28129c1ab,257,1,250,False,False
12,audio,35,a76a2b500a98d3b70f4365b490d78e9bbab59486dd064eea86ed7bb28129c1ab,257,1,250,False,False
12,audio,36,af9babeeffb5b0d903a088d8c11b2bd58ace9eeeb06b7f747400a5eb2d82e6a6,257,1,251,False,False
12,audio,37,4102edd43f23d85dca700ceebb772de8d3ddef1ab80366c6e2319210a76377a9,257,1,252,False,False
12,audio,38,0495539a78620d0ba5b7e3532ad0717ba847e7a2a4cf11e794e8816be4d5a456,257,1,253,False,False
12,audio,39,bd3d6b3451dd31840867182da0952bf902ae8d525de63b1e3347b24238bb6e93,257,1,254,False,False
12,audio,40,80139a3de7a01c143af00d505ec52128d9cdc0e831adbbfdd3a3d573e2ad8532,257,1,255,False,False
12,audio,41,80c09f7b8fdcb6d19b7ca04e0b9a40a001f3e8f9de4e4ce916d59534dac898c4,257,1,256,False,False
12,audio,42,80c09f7b8fdcb6d19b7ca04e0b9a40a001f3e8f9de4e4ce916d59534dac898c4,257,1,256,False,False
12,vision,1,1aa0f02a6d50cf6e27e7187fb178009ac02ff56664db523ea543e4d7e2f23492,193,1,158,False,False
12,vision,2,22b490615b5c164e08201a5b14e0e006a4bcf3b2d7cb3fbe3c6e5dcfa8476154,193,1,159,False,False
12,vision,3,22b490615b5c164e08201a5b14e0e006a4bcf3b2d7cb3fbe3c6e5dcfa8476154,193,1,159,False,False
12,vision,4,cc8f307184545d95615fa0b69d3ad60960eb6ea92bc982be32d32bda6224eab4,193,1,160,False,False
12,vision,5,faf2d404ba4af3ea228b5387272e23297b74531e6fdc88072710057ad62e8894,193,1,161,False,False
12,vision,6,f755292656d26f62ce68aaa5aa02a8dd56918f54754cb0be8192966cf364998d,193,1,162,False,False
12,vision,7,3700927af546e0d7da85c9f2843d7b93972764f786434ca2448705171796d5ea,193,1,163,False,False
12,vision,8,d1f38291a66acea791ba3464dac3f2fd777c35a11a26729d34ee3c815a4c81a4,193,1,164,False,False
12,vision,9,1eb98c03dfe8fdc335919b73db3eda1fffa3a294056fd4395c845beac26656df,193,1,165,False,False
12,vision,10,1eb98c03dfe8fdc335919b73db3eda1fffa3a294056fd4395c845beac26656df,193,1,165,False,False
12,vision,11,2aa7f37cf8ceb92c58bb6b735134955c5726a6f51043eb2c280698dd359c32c3,193,1,166,False,False
12,vision,12,4fa5b147ada0558c4a59485a170a3565c3af69e9285cd76b38945affa53dc277,193,1,167,False,False
12,vision,13,b2cc3ebc6d0774287a875e6966bffaf717d13fac9ff07b85867edf5ef6cf9caf,193,1,168,False,False
12,vision,14,480e472a2791c704d22a72870f8e37d2c49d3467b104fe9b628101f9ecfbb169,193,1,169,False,False
12,vision,15,f909a2eec69a2822db2101999051ccc7bcd4c8204484e60bee603ddf6910eca4,193,1,170,False,False
12,vision,16,d04ac19e116c670f9f129fa75d82803684deb2e89d7662574eb9738217350042,193,1,171,False,False
12,vision,17,c7a8ba6275b18d065816400b511bf081960bcf7d04dc2949431bfcc6ed23e970,193,1,172,False,False
12,vision,18,2e767352c2237fd8559385fdece6177166a11cb37a419fe561e92fecb0ee385f,193,1,173,False,False
12,vision,19,2e767352c2237fd8559385fdece6177166a11cb37a419fe561e92fecb0ee385f,193,1,173,False,False
12,vision,20,8aa72b559706628f35e90fd0d61e9db99c916cff3f1a4eb616cdbe0a0c689c24,193,1,174,False,False
12,vision,21,01ee4e5354cc5bf774a1d91d2150f2ab264db8cfde8b006dabed4d99424b2432,193,1,175,False,False
12,vision,22,9c7d05092ee10d51ace2cfcd3dcc85207270aec275695081a6670208c13480c8,193,1,176,False,False
12,vision,23,9273c332271253bd18c01889379d8b75c39de1907a680b71582a800fab874086,193,1,177,False,False
12,vision,24,5e7e225e91b42a8138db5254b711de8b5d5ec312e739b168a7ec3b225bb5ec42,193,1,178,False,False
12,vision,25,0cadfc78b9b81190908207482f07cea6d751dbbfccd6d56c84f7d4ae9f7421d8,193,1,179,False,False
12,vision,26,650ab0a3f37506b7ae53f822b0bd6bf3263bd5f85bef89240bd799aa53c27737,193,1,180,False,False
12,vision,27,650ab0a3f37506b7ae53f822b0bd6bf3263bd5f85bef89240bd799aa53c27737,193,1,180,False,False
12,vision,28,972d5c55d7c20657c0a9eddc61c088bbcb73bb9bba88426e7d468cb5d3933741,193,1,181,False,False
12,vision,29,4bb3c905f38c8ea7fd73e0d8e26144c87891e7c4fdcbfbd80b283ab7473981c0,193,1,182,False,False
12,vision,30,e360735443e65b603c363fa866aa3831352ce51df3bf59d71e9472e309a84d15,193,1,183,False,False
12,vision,31,2abb8be3440e9d9f6d521bc7b8c6a7abc7d9968f6684aabf011ef955fc681525,193,1,184,False,False
12,vision,32,e6816604e86c9384ef09337f9e6bf7d480d81d0b31637251c048fc069d509ab4,193,1,185,False,False
12,vision,33,ca3bc1fd3d1bcdddc7e755675ffbbc52afffdd5a091112864067553b61b4a77a,193,1,186,False,False
12,vision,34,ca3bc1fd3d1bcdddc7e755675ffbbc52afffdd5a091112864067553b61b4a77a,193,1,186,False,False
12,vision,35,ca3bc1fd3d1bcdddc7e755675ffbbc52afffdd5a091112864067553b61b4a77a,193,1,186,False,False
12,vision,36,a61c94ff2acb0c031091d9af301906264b4e03e81c9844f954835d7409f7b700,193,1,187,False,False
12,vision,37,eca8b5144f3a54470513172c2e5a8992a5e01c6dbef191ae384cc420d19dd5d8,193,1,188,False,False
12,vision,38,ce9114479df660496919985760206534e2a174cd3e0c44dcb31782a3a20f4341,193,1,189,False,False
12,vision,39,9455f006bb3e900205fec19657a5dccfddbf965ef0675a231cd7793084b26287,193,1,190,False,False
12,vision,40,93154c4ec30674b02d1da9b6a7e93e0027296ec8a7207bc8c0b63ce0a0d45e8a,193,1,191,False,False
12,vision,41,fe2e748098604dd2faea7b081a3ced325ffdf1370c6f3a6d59b8b0d7b6b7ceb8,193,1,192,False,False
12,vision,42,fe2e748098604dd2faea7b081a3ced325ffdf1370c6f3a6d59b8b0d7b6b7ceb8,193,1,192,False,False
13,audio,1,1daa6c4aaf2c125d16c9a5b61bcb76f0fac9a0d04c14b5c1db2631f9c2dc4cc6,173,1,146,False,False
13,audio,2,d91b6b33fa9bdb7cd641c21b8641b6c1492d002c0f9e496e0f56f42346e5ca8c,173,1,147,False,False
13,audio,3,d91b6b33fa9bdb7cd641c21b8641b6c1492d002c0f9e496e0f56f42346e5ca8c,173,1,147,False,False
13,audio,4,8b19847f3996cd50603d377ecdcec7d09a3f96617c7a833cb4ee0755e97fad62,173,1,148,False,False
13,audio,5,b365c214c2ab64925217274f5b6211a04e135325c2191e18afa2da1a3f3834aa,173,1,149,False,False
13,audio,6,322306d1c665b626d213a25a5dc332677a34cf94b90c5fc02e5f5d31889c9a7e,173,1,150,False,False
13,audio,7,5984a638b72a8c532641a06e3602a25e943b31d3b4e6060cef2de8e9477e5fa8,173,1,151,False,False
13,audio,8,184675856509f86a1d19427186cf05de13731b33d5802e3222ca5dcb67779925,173,1,152,False,False
13,audio,9,b91c44a78b381c447a45a63dcda1258d30532c35dea7790f3bdc3c0728e1ac40,173,1,153,False,False
13,audio,10,8e548d1d7d1f77486f71a345debdadfc29dd1c5b470906a2014d50951d057729,173,1,154,False,False
13,audio,11,1d93f70d753fb0578d4a1e14fbda1a8841e3c4023b4218856db985876e391acb,173,1,155,False,False
13,audio,12,4e4594020fbfd3299ea54d886bf6cc8c879cf65c294cc9d86ff09b3eff076774,173,1,156,False,False
13,audio,13,938032ecfe54fa8362baf0fade3eafdd068c38d877aa3ca9324951fc2858675f,173,1,157,False,False
13,audio,14,ec5a1f98002f46e2d70bcd2be9872209c9cd6cc8f4951c85d494ccb3b081b3c2,173,1,158,False,False
13,audio,15,ec5a1f98002f46e2d70bcd2be9872209c9cd6cc8f4951c85d494ccb3b081b3c2,173,1,158,False,False
13,audio,16,7c45cfffc9abe0057c366ad744d31029cb0fd05ff26525790fa4721ac0ccf828,173,1,159,False,False
13,audio,17,3755bbe896ecbc0c1f997599b2ccdca18d96f4ab9a5a04673b450ca00635e91f,173,1,160,False,False
13,audio,18,4bcfa6ea4bc811b36fd5d15df1f564f5dec7764b7ad3644d19d584e2bae96890,173,1,161,False,False
13,audio,19,b184a01dc0912e6c2bf509b3b0c17474593aeb3661115450bea3c5cab8e12096,173,1,162,False,False
13,audio,20,7affdc9a8dcc0b4744074fcfb334847549ae15086f525585c83a3e1209ebe3c7,173,1,163,False,False
13,audio,21,b30c5960dbe1ecc8786053d89411f46bcab56614ff7f2b298295ba1fcf0ec115,173,1,164,False,False
13,audio,22,142f97e70e571b12e6535bdf7749751b9841dbc403c0887c6ce9b19f37dbc466,173,1,165,False,False
13,audio,23,df569cf2fb1b927f461647270a480f76a0bece1d734c62493bcd55b4b264b017,173,1,166,False,False
13,audio,24,cdebe8e9bdcf3a54763511e765b420ded70e24bf568563348ae8eaec43060f34,173,1,167,False,False
13,audio,25,dd6b0a0f34f8af5f4f89767c53ce487325032cddc86c83c042a67b78c588753b,173,1,168,False,False
13,audio,26,146104141dfbe5b27aff7b14b59991a7fe9158cc51a0282dc8e7d64234eb8739,173,1,169,False,False
13,audio,27,2a397d5ae91d2703ff1a7f8eb4c6a8b841285a0f8082325585c7ab1f79161e52,173,1,170,False,False
13,audio,28,fda3b8643a9bcfb171d4d65834b9bc64f93fd3ee1d8d0e15db515e855609d604,173,1,171,False,False
13,audio,29,09668501bd21514bc1b033109f240aa7a743343ead147cbbf7762200d92a43dd,173,1,172,False,False
13,audio,30,09668501bd21514bc1b033109f240aa7a743343ead147cbbf7762200d92a43dd,173,1,172,False,False
13,vision,1,1f6c9de2e555d5d589e1149fed58f9cbcc101739df97d4a4d694a13f1242c5b9,1,0,,True,False
13,vision,2,1f6c9de2e555d5d589e1149fed58f9cbcc101739df97d4a4d694a13f1242c5b9,1,0,,True,False
13,vision,3,1f6c9de2e555d5d589e1149fed58f9cbcc101739df97d4a4d694a13f1242c5b9,1,0,,True,False
13,vision,4,1f6c9de2e555d5d589e1149fed58f9cbcc101739df97d4a4d694a13f1242c5b9,1,0,,True,False
13,vision,5,1f6c9de2e555d5d589e1149fed58f9cbcc101739df97d4a4d694a13f1242c5b9,1,0,,True,False
13,vision,6,1f6c9de2e555d5d589e1149fed58f9cbcc101739df97d4a4d694a13f1242c5b9,1,0,,True,False
13,vision,7,1f6c9de2e555d5d589e1149fed58f9cbcc101739df97d4a4d694a13f1242c5b9,1,0,,True,False
13,vision,8,1f6c9de2e555d5d589e1149fed58f9cbcc101739df97d4a4d694a13f1242c5b9,1,0,,True,False
13,vision,9,1f6c9de2e555d5d589e1149fed58f9cbcc101739df97d4a4d694a13f1242c5b9,1,0,,True,False
13,vision,10,1f6c9de2e555d5d589e1149fed58f9cbcc101739df97d4a4d694a13f1242c5b9,1,0,,True,False
13,vision,11,1f6c9de2e555d5d589e1149fed58f9cbcc101739df97d4a4d694a13f1242c5b9,1,0,,True,False
13,vision,12,1f6c9de2e555d5d589e1149fed58f9cbcc101739df97d4a4d694a13f1242c5b9,1,0,,True,False
13,vision,13,1f6c9de2e555d5d589e1149fed58f9cbcc101739df97d4a4d694a13f1242c5b9,1,0,,True,False
13,vision,14,1f6c9de2e555d5d589e1149fed58f9cbcc101739df97d4a4d694a13f1242c5b9,1,0,,True,False
13,vision,15,1f6c9de2e555d5d589e1149fed58f9cbcc101739df97d4a4d694a13f1242c5b9,1,0,,True,False
13,vision,16,1f6c9de2e555d5d589e1149fed58f9cbcc101739df97d4a4d694a13f1242c5b9,1,0,,True,False
13,vision,17,1f6c9de2e555d5d589e1149fed58f9cbcc101739df97d4a4d694a13f1242c5b9,1,0,,True,False
13,vision,18,1f6c9de2e555d5d589e1149fed58f9cbcc101739df97d4a4d694a13f1242c5b9,1,0,,True,False
13,vision,19,1f6c9de2e555d5d589e1149fed58f9cbcc101739df97d4a4d694a13f1242c5b9,1,0,,True,False
13,vision,20,1f6c9de2e555d5d589e1149fed58f9cbcc101739df97d4a4d694a13f1242c5b9,1,0,,True,False
13,vision,21,1f6c9de2e555d5d589e1149fed58f9cbcc101739df97d4a4d694a13f1242c5b9,1,0,,True,False
13,vision,22,1f6c9de2e555d5d589e1149fed58f9cbcc101739df97d4a4d694a13f1242c5b9,1,0,,True,False
13,vision,23,1f6c9de2e555d5d589e1149fed58f9cbcc101739df97d4a4d694a13f1242c5b9,1,0,,True,False
13,vision,24,1f6c9de2e555d5d589e1149fed58f9cbcc101739df97d4a4d694a13f1242c5b9,1,0,,True,False
13,vision,25,1f6c9de2e555d5d589e1149fed58f9cbcc101739df97d4a4d694a13f1242c5b9,1,0,,True,False
13,vision,26,1f6c9de2e555d5d589e1149fed58f9cbcc101739df97d4a4d694a13f1242c5b9,1,0,,True,False
13,vision,27,1f6c9de2e555d5d589e1149fed58f9cbcc101739df97d4a4d694a13f1242c5b9,1,0,,True,False
13,vision,28,1f6c9de2e555d5d589e1149fed58f9cbcc101739df97d4a4d694a13f1242c5b9,1,0,,True,False
13,vision,29,1f6c9de2e555d5d589e1149fed58f9cbcc101739df97d4a4d694a13f1242c5b9,1,0,,True,False
13,vision,30,1f6c9de2e555d5d589e1149fed58f9cbcc101739df97d4a4d694a13f1242c5b9,1,0,,True,False
14,audio,1,fd95ec700305eea6846ad3f804af780eb48dfef5840d8ea8827235114e7d969a,204,1,180,False,False
14,audio,2,f89afca8c47c46d0a9211852a493cc927bd1b90db476ce8d534d6d1e0f883e79,204,1,181,False,False
14,audio,3,f534b49d5529fabbe6b7972e3ec0d264d47bbeda7952adcf3d7aac9e9a9c68b1,204,1,182,False,False
14,audio,4,c8aa04acf58f94de8bbf880bf61352fac9ecf0f99729204a5c6632f4613c20a1,204,1,183,False,False
14,audio,5,c8aa04acf58f94de8bbf880bf61352fac9ecf0f99729204a5c6632f4613c20a1,204,1,183,False,False
14,audio,6,c8aa04acf58f94de8bbf880bf61352fac9ecf0f99729204a5c6632f4613c20a1,204,1,183,False,False
14,audio,7,691a1d2ba87b8e98772adc3614bc0e954f1060933dd08fe61dfb8cf323f94b0a,204,1,184,False,False
14,audio,8,2ddfa6ebfad3c9f0ae7169e9b97d39a2b4e9800b8ae74fa569a1537d838091e8,204,1,185,False,False
14,audio,9,2ddfa6ebfad3c9f0ae7169e9b97d39a2b4e9800b8ae74fa569a1537d838091e8,204,1,185,False,False
14,audio,10,e78d8c778ac831241db1cd957d304ee2b4b90ed7fd17afaf97ee9f84c7520183,204,1,186,False,False
14,audio,11,0f5b4920fa5806cb21c43cd31066fb56edef7aeaeca799a01962c4a7b7f1ab21,204,1,187,False,False
14,audio,12,0f5b4920fa5806cb21c43cd31066fb56edef7aeaeca799a01962c4a7b7f1ab21,204,1,187,False,False
14,audio,13,0f5b4920fa5806cb21c43cd31066fb56edef7aeaeca799a01962c4a7b7f1ab21,204,1,187,False,False
14,audio,14,7cdfa4d9a64d66cd3f4dd3eade0992c59fe198bb29b03c25f62637639e221b99,204,1,188,False,False
14,audio,15,89cf2c5a78a39c9c37db9a02fdf5fcbd786367131ca6c267c416d36cd60c617e,204,1,189,False,False
14,audio,16,cafe213b93498d47788094a5374e166a0f128688e5217e5c95c46d29d7abb412,204,1,190,False,False
14,audio,17,af7998d3688f17b47cf9337301d99a5a44e00c42682330f0de28121673298a66,204,1,191,False,False
14,audio,18,03d826ef74a3d23f2d8e2d928c3a45e7c9e210252d1027765ba027857f000f4b,204,1,192,False,False
14,audio,19,dc0e97cb84b0b665c37504cea83c3a53856fd6e09c68a18d73692c1b1dcf1882,204,1,193,False,False
14,audio,20,2e764e1c0af8bfc78f11759f0296bc57ed5f68f38210adb4fb5beb5ee1e58b75,204,1,194,False,False
14,audio,21,f461e54263f41cbdbbb6daaa198ad4579393e3285ea85ffbfaf14f17236e1f25,204,1,195,False,False
14,audio,22,3005e2b2dc49b26cdff64baef8ef9954422175ec1ac588bdaef12534729333d5,204,1,196,False,False
14,audio,23,d01757234c68819e4311ec3041b4c953a74698a9afeb5b5dd2871a3114e1dc33,204,1,197,False,False
14,audio,24,9d43500a71b944c871aa4ec83cf33e249288555cfc1a6abd8ba9039aee6ff95c,204,1,198,False,False
14,audio,25,9d43500a71b944c871aa4ec83cf33e249288555cfc1a6abd8ba9039aee6ff95c,204,1,198,False,False
14,audio,26,9d43500a71b944c871aa4ec83cf33e249288555cfc1a6abd8ba9039aee6ff95c,204,1,198,False,False
14,audio,27,9d43500a71b944c871aa4ec83cf33e249288555cfc1a6abd8ba9039aee6ff95c,204,1,198,False,False
14,audio,28,e99bb567fffccb9de139dfeafc8119d8294f710ae16b1b50e44a51206bc1bbb9,204,1,199,False,False
14,audio,29,7ee51e1fe6c13718def6c718205e75a30a13a8dc673d6f2d6746110f959fa803,204,1,200,False,False
14,audio,30,e59e4e198001db8eb87cf86644e256cccf0d7aae78d4857e003a787433fc1249,204,1,201,False,False
14,audio,31,e59e4e198001db8eb87cf86644e256cccf0d7aae78d4857e003a787433fc1249,204,1,201,False,False
14,audio,32,e59e4e198001db8eb87cf86644e256cccf0d7aae78d4857e003a787433fc1249,204,1,201,False,False
14,audio,33,f4e1bbc16685a7d0d20568f90d4264f42676e48b8f2c0e6ffbc10ac105677979,204,1,202,False,False
14,audio,34,0377ceb4fcd28d26d7a8f99e2892b13fb4565506149cbf0ce0d9e78bf9643a75,204,1,203,False,False
14,audio,35,0377ceb4fcd28d26d7a8f99e2892b13fb4565506149cbf0ce0d9e78bf9643a75,204,1,203,False,False
14,vision,1,e8bf61f3a1c1d993214503ab9e12a2f44fdd3738d4ede804db5f2d602b4fbc15,153,1,129,False,False
14,vision,2,bbe090be2d5173ea636f1a2d8b0d470b22b3673d5da7a1d9bb8452cfb4631c10,153,1,130,False,False
14,vision,3,8e25a360f415343d45d57df928ab5bad122f2b2d9f1293baa08134ac36aed775,153,1,131,False,False
14,vision,4,bc3aa0d65bc57987b273449111c09a5803d9594a5f70afe5e348c1dfdf7cb561,153,1,132,False,False
14,vision,5,bc3aa0d65bc57987b273449111c09a5803d9594a5f70afe5e348c1dfdf7cb561,153,1,132,False,False
14,vision,6,bc3aa0d65bc57987b273449111c09a5803d9594a5f70afe5e348c1dfdf7cb561,153,1,132,False,False
14,vision,7,d597a982a1d70f8d8af198c858d1904b5304b88f89f56f9fb061840d1115026c,153,1,133,False,False
14,vision,8,4138fa3aaadbef718e187f606308789b48023c6ccabd6dbb71145b22e80cf960,153,1,134,False,False
14,vision,9,4138fa3aaadbef718e187f606308789b48023c6ccabd6dbb71145b22e80cf960,153,1,134,False,False
14,vision,10,35689582380f42bddfeabfb6da5c96d05099a13bd7abd15f6ba88697731b777e,153,1,135,False,False
14,vision,11,8e8cdae3cc80917dea8fdd060ca93da6aa21a849740e9dded83b62051d6126fe,153,1,136,False,False
14,vision,12,8e8cdae3cc80917dea8fdd060ca93da6aa21a849740e9dded83b62051d6126fe,153,1,136,False,False
14,vision,13,8e8cdae3cc80917dea8fdd060ca93da6aa21a849740e9dded83b62051d6126fe,153,1,136,False,False
14,vision,14,bcd6cc32eee42854fc53c7adf158a6c0a978c9c09da4455d25e080f9b37e3b60,153,1,137,False,False
14,vision,15,3f3d06d446e8a74715c33f4d2635b8d490496234b9e956481ecf05e0eec6bd5d,153,1,138,False,False
14,vision,16,29eb0f2b0bbdf0f893e9d9ee35d28d8d5cea689aba63d5cab9af9e3d15618292,153,1,139,False,False
14,vision,17,c113bda0dafbc9c7b3713da7f5c44b8611bf2fb283a45cdea89fe855cb892fe2,153,1,140,False,False
14,vision,18,0ec16b32a404052bc3d64da98cb97600759126ab157ae88446f2203e1dffadd1,153,1,141,False,False
14,vision,19,3a698469b85fd9ab9915fdb14eca3fef1dd5c677f74426d08a727f1e4a4cf1a2,153,1,142,False,False
14,vision,20,e1c387586cc541b9801c36f864e47facb5e08080b8348976039dd27d95b23426,153,1,143,False,False
14,vision,21,6401b5090a3360076e0a6130fdc890e3285aad4c2c391ada93505837044524d7,153,1,144,False,False
14,vision,22,1cbcdcd59962292a671be1093f6a639b1067e9abfe39cee5d091d2e4631fb023,153,1,145,False,False
14,vision,23,3cf7d0158c5e3bcf0391849d8cc316ed27dfe735d1022fc79d5017b765faee89,153,1,146,False,False
14,vision,24,2a63ce513566dc6560aabbe1871232226e71f77aa9a7850e29c97d5b419f30b2,153,1,147,False,False
14,vision,25,2a63ce513566dc6560aabbe1871232226e71f77aa9a7850e29c97d5b419f30b2,153,1,147,False,False
14,vision,26,2a63ce513566dc6560aabbe1871232226e71f77aa9a7850e29c97d5b419f30b2,153,1,147,False,False
14,vision,27,2a63ce513566dc6560aabbe1871232226e71f77aa9a7850e29c97d5b419f30b2,153,1,147,False,False
14,vision,28,66d7226c9d235cfb8b8fac7b1c0349380d2faeaa4d5d4198c7aff2cd1805e8fc,153,1,148,False,False
14,vision,29,1c947655786a82b5ce7c6433b80864a60cc8791fc849d999294c1e9a5a2b5d67,153,1,149,False,False
14,vision,30,5c3e646b575ef2fc5950e24bb8195ee388b8091e35f67b77e639ef7a05413b77,153,1,150,False,False
14,vision,31,5c3e646b575ef2fc5950e24bb8195ee388b8091e35f67b77e639ef7a05413b77,153,1,150,False,False
14,vision,32,5c3e646b575ef2fc5950e24bb8195ee388b8091e35f67b77e639ef7a05413b77,153,1,150,False,False
14,vision,33,4c24737b2c0af4974be137a9f255a19a66ef4e722756cd4ac916161a5f09d374,153,1,151,False,False
14,vision,34,9d37aed5f2900d7a58f64f7c96489f738d83b729b7f63942aab4b883a7a8bb0c,153,1,152,False,False
14,vision,35,9d37aed5f2900d7a58f64f7c96489f738d83b729b7f63942aab4b883a7a8bb0c,153,1,152,False,False
15,audio,1,1616a28f64be07228760bbd13142027352b7f91b423c419cd56ad3de71cc26bd,145,1,128,False,False
15,audio,2,1616a28f64be07228760bbd13142027352b7f91b423c419cd56ad3de71cc26bd,145,1,128,False,False
15,audio,3,d7d86151e5b57bda6e07c3cf162c644dc36adea5a089e05f0ace04a0eb75064f,145,1,129,False,False
15,audio,4,3e1b047be84533a34773116e00b071de75c487ad817606186ce1a94f774902b0,145,1,130,False,False
15,audio,5,cf6123b7880ad13c7515bddc8085766279ef2931c2b96bfaef1339fda44cf18c,145,1,131,False,False
15,audio,6,cf6123b7880ad13c7515bddc8085766279ef2931c2b96bfaef1339fda44cf18c,145,1,131,False,False
15,audio,7,8e6e8f1d1860cc534f76c3e3bb961b1817c25b3b16b021ac627aca25c6a961df,145,1,132,False,False
15,audio,8,e4181c50fc572ae7ac9dc7fed7ce52ca0af8616225475acbcb8313fd8c4fba4d,145,1,133,False,False
15,audio,9,0666d1313735b34f90f84a370b410f947ed2211c41db3cee9eed7d2e8a950587,145,1,134,False,False
15,audio,10,0666d1313735b34f90f84a370b410f947ed2211c41db3cee9eed7d2e8a950587,145,1,134,False,False
15,audio,11,0666d1313735b34f90f84a370b410f947ed2211c41db3cee9eed7d2e8a950587,145,1,134,False,False
15,audio,12,69e3323a479e49df1c27c87fc829e7bc22329dad4abd39c6ec0ca31e5a65734f,145,1,135,False,False
15,audio,13,c3a22fc91ed6d4c018335b5da35f32be7fbf71bc716ea08079641814e8a6e837,145,1,136,False,False
15,audio,14,304531a922eca3dfabc051cff4c961bda60d78e14c09673e4015ffbb6fe51834,145,1,137,False,False
15,audio,15,708dcf61df0ddd155015ffb5cae16979665ee4adf43b1682a8ac0f73e06abb24,145,1,138,False,False
15,audio,16,399a89ab44ffb2f56f5545a77363591adf209fd913f79dee6f5cd1f0a938702c,145,1,139,False,False
15,audio,17,05c293385064716d7700cbf99ff60b17d3b6eb2c2e0b2bb9b062763d1aabdb24,145,1,140,False,False
15,audio,18,cd4c037af21d5a6e80c1b4af3c6caaaf95533f2fd7139b8895d2b1d330669682,145,1,141,False,False
15,audio,19,30e8983b8974f2e6be71e6e7fa81df73fbd63a2485c903f98dc5f02e09355444,145,1,142,False,False
15,audio,20,90ec0cfc59c94376e24d68ca67f79cd0f93f346694ee0a5d61fa0caa7dfc9bda,145,1,143,False,False
15,audio,21,ce58ca811e600167f1aa942db052e5f43d05c4ddeddd7c5e1a4db671c7fa169a,145,1,144,False,False
15,vision,1,0343d5990dfdb633f5c067d0e3b41da40b25ecf846a531567e0143349b5248c6,110,1,93,False,False
15,vision,2,0343d5990dfdb633f5c067d0e3b41da40b25ecf846a531567e0143349b5248c6,110,1,93,False,False
15,vision,3,4624fcee0ccba418123bedfd3b3b7219d6bfd2a25df6900ffd2cac28900fa335,110,1,94,False,False
15,vision,4,38581808673dc5f6ad730649855cb6f15a92c7b66135b0962a6477222a7411eb,110,1,95,False,False
15,vision,5,53b07f667547c22b57b195a5aaa4f32696dc29fb36940f3e5340601bb89cacaa,110,1,96,False,False
15,vision,6,53b07f667547c22b57b195a5aaa4f32696dc29fb36940f3e5340601bb89cacaa,110,1,96,False,False
15,vision,7,6800bf58d0db381a27e4ab093c985c2e92d7078a7502588cdc22642493aebc62,110,1,97,False,False
15,vision,8,22b9533b22625d320a05a039d19551f1cefc33e2d443d8fa98a27fbf04c6d02f,110,1,98,False,False
15,vision,9,7fe78cc1d15dc8124992dbad1e85f4641ecb2c8dba322fcdbc1d9fbec8524228,110,1,99,False,False
15,vision,10,7fe78cc1d15dc8124992dbad1e85f4641ecb2c8dba322fcdbc1d9fbec8524228,110,1,99,False,False
15,vision,11,7fe78cc1d15dc8124992dbad1e85f4641ecb2c8dba322fcdbc1d9fbec8524228,110,1,99,False,False
15,vision,12,beb8588c961d2d7cd6575d4d159efcafe3abeb32c5921f98a35b2c4b04c1cfe2,110,1,100,False,False
15,vision,13,b87c563ce5a155aac5a8ab6607f3add3a68d4550b6a07333eba80418e27c300c,110,1,101,False,False
15,vision,14,edae6a386d1096d8e7f0ad837411d6c5208b43deab64fd47ae46e49579154acd,110,1,102,False,False
15,vision,15,326d987f1c8a4f77794fc9acef30dddd86e7231070e252409e4a6095fb123dac,110,1,103,False,False
15,vision,16,f7897063e25fd2a35d469a583d82cee65b1b9cae4e0b2b692ce1f26af4576e62,110,1,104,False,False
15,vision,17,362c34335a35c283f7b86c43d80defeb6894cb0a3ac78c529e5413e6873565f5,110,1,105,False,False
15,vision,18,fcbed62d23fe95538145df72ebd2e5615d512232070c578e63bbb0a05586d623,110,1,106,False,False
15,vision,19,890e05918928108ced6320495ca510e23430a169a3cb75d6f5392606ffc914c6,110,1,107,False,False
15,vision,20,a565832b140b9394aa7f0dd4c456dfce922d39c7a94e72a779ad88e0a5ea5a35,110,1,108,False,False
15,vision,21,58669c5f00ad5ae57d96a771588041b0cc2c9b48bb5a7927282cf4b35e253d62,110,1,109,False,False
16,audio,1,a44bb08ad32adb561a50885c5729c6be1e004eb5a54b8d17050fa97f87289fb0,60,1,52,False,False
16,audio,2,a44bb08ad32adb561a50885c5729c6be1e004eb5a54b8d17050fa97f87289fb0,60,1,52,False,False
16,audio,3,a44bb08ad32adb561a50885c5729c6be1e004eb5a54b8d17050fa97f87289fb0,60,1,52,False,False
16,audio,4,e3499d25c7cad122076d0727ff49b53dd396859a10661251d0ff91241e84d58d,60,1,53,False,False
16,audio,5,9a718784d5b424e991249e08dd9bd1860ed0e7cf0c90e13726bf0b57c260a09a,60,1,54,False,False
16,audio,6,9a718784d5b424e991249e08dd9bd1860ed0e7cf0c90e13726bf0b57c260a09a,60,1,54,False,False
16,audio,7,63f80f0117c3a55e27a4852c25fb3ae702fadc9e44aa69234ef6598e883642db,60,1,55,False,False
16,audio,8,4df9105bb1aa11d87954d82b31c495de6f1d5127bbcb66e578829828feb786d2,60,1,56,False,False
16,audio,9,a1e0e1b4090a99b9c7f2edd2823105c19de1647a21048fda189ff6e53a46cf8c,60,1,57,False,False
16,audio,10,b19ece6dd1cab75aba37e65c44a70f4f65cba2bb65ad18d6090f5b32bc45556c,60,1,58,False,False
16,audio,11,84c5618a2cd387a24e8fcdacb5c0ff975ef404d16d9e37806083639f9318b703,60,1,59,False,False
16,vision,1,4955cb93604f5fdd1bd727c2df5f226128d11486506539f4e918f4b16b240d33,1,0,,False,False
16,vision,2,4955cb93604f5fdd1bd727c2df5f226128d11486506539f4e918f4b16b240d33,1,0,,False,False
16,vision,3,4955cb93604f5fdd1bd727c2df5f226128d11486506539f4e918f4b16b240d33,1,0,,False,False
16,vision,4,058b6cdaf812b21c815523f1b5aca910b1c69d10de61631726de8131db2b1f30,1,0,,False,False
16,vision,5,e7848f0072436ac4539da5986067e855ea812671fb091109843c9c4d8f1cb91f,1,0,,False,False
16,vision,6,e7848f0072436ac4539da5986067e855ea812671fb091109843c9c4d8f1cb91f,1,0,,False,False
16,vision,7,ea3e53885f9d1f613cba4111f4bf1f34df07d3d60a5d4a0ee1e1198ffca62c49,1,0,,False,False
16,vision,8,877813e637adedf47fc4a5d6de2f6b94023065b1c2218c99efb3c01e13bd2fd8,1,0,,False,False
16,vision,9,3f0c4eb739732f0b91ef1c022f9b3d368e7138cb66a3fa3dfdf12f0161e72cc3,1,0,,False,False
16,vision,10,5649808018e3fc66780060df5f63034863f88aaa49af07a8031c8e2d2bdc8513,1,0,,False,False
16,vision,11,b8eb49eff52d53ddad364f6ab39a373c8df61b86caeff8c7a4814e903aad0979,1,0,,False,False
17,audio,1,d9d9646d375dcb084817637773097956f49f32897fcca151953b9c064275a61c,191,1,169,False,False
17,audio,2,424cf159b00e0196515b03448a83234ce1a2167871339221d77fb23a442b5370,191,1,170,False,False
17,audio,3,96483adf696a37643d88f20196fad8844c98aa0373251ba6b017633e0ff464e5,191,1,171,False,False
17,audio,4,1e2d5c422891aa37595cc97b3fa789e3eeb624a05c60b461bd42d8e2d73fe9c0,191,1,172,False,False
17,audio,5,1dc5e5a4e4bb0094e1496b9b2deb1acc3248a4bcda46ebec56ec84a7b48f5d98,191,1,173,False,False
17,audio,6,cb9826e0533cf2cd54c7dafff96f00d58bb8a75efb7518eaa2b46bfc4e42281a,191,1,174,False,False
17,audio,7,058a5f25299520f9d94267e2da7bc23e684edbe89e86fb2f2fdaac8c7b980651,191,1,175,False,False
17,audio,8,40c3f1d1880d74dd64cef0315eaa37c5e85420bd4c8904161daf770b28e3489a,191,1,176,False,False
17,audio,9,eb834823da8e210b24074dfbf6d580965ac9f0e5ed8b2b753957b697acc1d0c8,191,1,177,False,False
17,audio,10,dbb22ab88925ec3862e0d24d1a4df5cf7690330db5be0759998178f7f983373c,191,1,178,False,False
17,audio,11,dbb22ab88925ec3862e0d24d1a4df5cf7690330db5be0759998178f7f983373c,191,1,178,False,False
17,audio,12,1de53da072262ab6ffb4d2cf5ffe3f7936317a71d3cb7ff8ac009d03f790389b,191,1,179,False,False
17,audio,13,f1598b23fd5c67d82847e86e8e9d6fdbbc952439510c31f12e4e970f6361f54d,191,1,180,False,False
17,audio,14,76ed35edf5d24e077069ad771a2ea0d373f1fb61cd4901c7919f0675b2f98efb,191,1,181,False,False
17,audio,15,cff45a8a46bbc4425f6c2d5893f881e1fd527c5b47ed54b5f7cfde4ee6561151,191,1,182,False,False
17,audio,16,224a93e779fc221412c8461275dc96a78772a83757af6ac1005e72b4bde24e5a,191,1,183,False,False
17,audio,17,deb46c1476cb0abf3e405761a899ae9fa81f405c03c40aec1a6d8a46da5e699f,191,1,184,False,False
17,audio,18,faf02a007099d798f47831493189eb3fb57e33e9bc41f07e40edd8cababf169f,191,1,185,False,False
17,audio,19,55a5a6e514f120cb0f45745411df8561e798b57cc9255b247b2b9f0daa18f012,191,1,186,False,False
17,audio,20,dfc20a73f6907befb16599ba6ae3cc0d06823c5fe656405b8fd5ee505869a42b,191,1,187,False,False
17,audio,21,5f9a69b323c8a5ef2de25e82ba37dd1df3c3063def2c30a910ebdcb2a53a6f60,191,1,188,False,False
17,audio,22,7555f1c14791816a121897d7fe11a0156f4c9b804bc7ceac13f4a2dcc8b7065d,191,1,189,False,False
17,audio,23,133030f2a6494281de06646bce1d2f46e4832c8688048581e3bc788c793db74d,191,1,190,False,False
17,audio,24,133030f2a6494281de06646bce1d2f46e4832c8688048581e3bc788c793db74d,191,1,190,False,False
17,vision,1,bb90f75e222c521d4572c6afb2d25e70c8347069ff6f355e453f5e6c3c7daf5f,143,1,121,False,False
17,vision,2,c487e23c544a71b96be000295e9a0b6f42e1b9fabfa5bb787ce04b9f6cdf9a72,143,1,122,False,False
17,vision,3,51ade966a863bb58072059e3f0b0bf8837591ae70d6c04e6327f051f307c6cb1,143,1,123,False,False
17,vision,4,43558c4b3f0511a284bb0965daa6e1bb1d8f7c5fae4d09950aca29917cdbaf9b,143,1,124,False,False
17,vision,5,ce402b1ad56baf72d2a3ee8db03c674497dd2253a44ffb9b08a8d7578e62d019,143,1,125,False,False
17,vision,6,69935c7d830139f659cfe0118891ff2614a044326ba0e553cf0aba51e3d70501,143,1,126,False,False
17,vision,7,cf4a4adf44ee58e8660722d999f7f0a7bd9264748c958cf6f8a15eee3dd15b83,143,1,127,False,False
17,vision,8,7fe1ecaa1c87054a0d439d57d0b85492fdc8b549e62d2abaeff0739f3f4aa8fc,143,1,128,False,False
17,vision,9,eeb699f7068f6204594723d2cc30c034d6cb8028819a217c0e74de6a330b1167,143,1,129,False,False
17,vision,10,570d6a8ca5e9c5e71b9ac63c26c94e07db763d8dfe202983d810a9e9c2c23b09,143,1,130,False,False
17,vision,11,570d6a8ca5e9c5e71b9ac63c26c94e07db763d8dfe202983d810a9e9c2c23b09,143,1,130,False,False
17,vision,12,1bfdd1b290abc8de9cb0bcd3953254c9ebf74711334976f460131e1820e4149d,143,1,131,False,False
17,vision,13,5f1992636d5f8aa60ad25d34d26cefb0c8d44fa6dfa2cbc56c151ba585af64cb,143,1,132,False,False
17,vision,14,e7c9b741e78ebf7aaee847b81b883ae00b4df4e1c083adbcf8661eb59218ee37,143,1,133,False,False
17,vision,15,393b13abc54c97c03467aec829bc8f0251eb4ac69bb41c591cfd54d618aa134e,143,1,134,False,False
17,vision,16,09c24d33039f908a6ad475bcf18264c2fb267c8d64e2f2166a97646d3333b1cf,143,1,135,False,False
17,vision,17,8869b33c62816246b3020ff3657c3d95cfb7ee2b19441ffa3950f2b46797f609,143,1,136,False,False
17,vision,18,46622a5b85baeeb89178f6f36a5f3fed2fde9b4c9f5592a1b45ee202f2082ed0,143,1,137,False,False
17,vision,19,10175b7f53001a1d4514faaf5ef3bd8244d94e3de1c38fdc79e460cddc96b9f3,143,1,138,False,False
17,vision,20,fd94bd6bcbf9025b49126d188c8065714cb09d4d2dac2411c6fa11eab0195523,143,1,139,False,False
17,vision,21,4fe94a93f597839bb72521603e3101bc7c07edcf236d1da6bb9ace6664593873,143,1,140,False,False
17,vision,22,a8ac55e31b2b440553f2d5bb57d8340bd5a3216720c5f320ae4570121c252447,143,1,141,False,False
17,vision,23,99a43820de663d82d3ebae9c03085d40f1213bda4f5b65b2f5c59e16e98c764e,143,1,142,False,False
17,vision,24,99a43820de663d82d3ebae9c03085d40f1213bda4f5b65b2f5c59e16e98c764e,143,1,142,False,False
18,audio,1,6abf6583ca970affd131513fe578f444dffcb356f000d709944314a4d5c9130e,372,1,326,False,False
18,audio,2,6abf6583ca970affd131513fe578f444dffcb356f000d709944314a4d5c9130e,372,1,326,False,False
18,audio,3,0aa662aa79ac46c65fe4d2a8e6e6f04992b4f4c4270ba6a211d0c2733a85ebfd,372,1,327,False,False
18,audio,4,aefbf1180aecb09121a71a9c9966993acb97c1dc693f6d4739c5823cb8a7fd9f,372,1,328,False,False
18,audio,5,ff67c3e8e9f741bbe5f58a2341666a3f8357fd31ab1bc64401d75f9e443f4579,372,1,329,False,False
18,audio,6,67a58e317e9eb66a0faed816f795396aabe7d1264fbf617b3e5dc6b5c718dc39,372,1,330,False,False
18,audio,7,9b55e24662207ea45b3f3e70126228a22a72106cbf6a35aa4fc78c31c2343b70,372,1,331,False,False
18,audio,8,e3ae911cffede846bd95b310b1d3a3b29a975e3d48cd6adde828b001e4082e21,372,1,332,False,False
18,audio,9,905e1bb2661c04480de03d36ac675cc80b44a736a1c6387e2fd1567903c950de,372,1,333,False,False
18,audio,10,266a8aaeb7875c3a7362c5b2ac73172ccf9c90933515b1c757b5a834805a3745,372,1,334,False,False
18,audio,11,563c950479fb3f058be6862b21d5187ce6bc66c131d86fa62c52921c0fbd16d1,372,1,335,False,False
18,audio,12,6dd2bc742a20281dc73c6b7c08bd896eba52a3de15a4b1915239264edbd27795,372,1,336,False,False
18,audio,13,9e9fd5d9a05191c39f7785de9c6e1c657519e97fc36df4091d051b74f0397bad,372,1,337,False,False
18,audio,14,3c185763610168d4fe5f0c362f5016e4ab840e4ea7a6f12e0c9ef167574c4535,372,1,338,False,False
18,audio,15,9be0198ee68ab782e79bafe13f8d3ad6d4b06709e9eb4107f503ef123c4461b0,372,1,339,False,False
18,audio,16,1da78ceb357eec87c4c9cd842c32ea126beeff27be56efaf8a1a10feef66019f,372,1,340,False,False
18,audio,17,1da78ceb357eec87c4c9cd842c32ea126beeff27be56efaf8a1a10feef66019f,372,1,340,False,False
18,audio,18,1da78ceb357eec87c4c9cd842c32ea126beeff27be56efaf8a1a10feef66019f,372,1,340,False,False
18,audio,19,fbb854135ba15382abe842d2672e23761941e3a63cb143b22ab32fdecc258927,372,1,341,False,False
18,audio,20,0d0ee3141968d15addd8e6d4e514beb2c3aa48ed22fad58209ab3dea629ad1b7,372,1,342,False,False
18,audio,21,0d0ee3141968d15addd8e6d4e514beb2c3aa48ed22fad58209ab3dea629ad1b7,372,1,342,False,False
18,audio,22,0d0ee3141968d15addd8e6d4e514beb2c3aa48ed22fad58209ab3dea629ad1b7,372,1,342,False,False
18,audio,23,075acf838ccf6b50ecd29c11b9b040fd0cc9a812a11c30538f61a7951fb3f8a3,372,1,343,False,False
18,audio,24,075acf838ccf6b50ecd29c11b9b040fd0cc9a812a11c30538f61a7951fb3f8a3,372,1,343,False,False
18,audio,25,075acf838ccf6b50ecd29c11b9b040fd0cc9a812a11c30538f61a7951fb3f8a3,372,1,343,False,False
18,audio,26,2f3b050bacd28d91452fd6c926985c02e20476f7fc381baa04dec26e54501fd3,372,1,344,False,False
18,audio,27,9e0a6c06ea3c6303d9ce07b023aac944820c41035f659e44ceebe347c191ef9b,372,1,345,False,False
18,audio,28,cc9532acbe4bc9baea6f6f2e1e9370c93b9eeaf263fc1265f5091fb6075dbfb7,372,1,346,False,False
18,audio,29,8cd4b1ab27a4e8744d9b95ad798c9ecb60a1fe9d748395dcda5ec4f9de84a26b,372,1,347,False,False
18,audio,30,627fe28ee05cf41c38569a0959fd297e8421e235c3d31b56bab6ca4049686e8b,372,1,348,False,False
18,audio,31,e5b1851596b0249ec283b0308473acf1bc78c15515afd8e2ed66d8adc3a60aad,372,1,349,False,False
18,audio,32,fdf456bf91e605fa5f0c1b11c05775ec845f4a1bc760ccbc80aa907742741042,372,1,350,False,False
18,audio,33,cd5092f9b184cdbc5c329af36cd195e207c3e4f48d33621018b6dfd210038ded,372,1,351,False,False
18,audio,34,70aef94d105b83e2410de1704b736c0b9019753f2cf1dc8db2324f3c0a932b1a,372,1,352,False,False
18,audio,35,a520835905c2d9bdfe3672be70ca857de6ec190cf85c1aa0181b3d7fa466176c,372,1,353,False,False
18,audio,36,dbeac85fd444e4129bc427273681906facce3d1d7f5f26114c79888392e11ad4,372,1,354,False,False
18,audio,37,2856a726be9d4ab4255c8f0988b94cdac972ed2a27f5296a50d1f8f6e271ac8c,372,1,355,False,False
18,audio,38,a0fe9a2bec94882e7403c816b712924d7306e24dfab2d8e1d57b697c6956c9b5,372,1,356,False,False
18,audio,39,8141acd09a36d709e64adf7787b79ae4f84969227f64a2fd559d1aac1316e7b9,372,1,357,False,False
18,audio,40,4fca5b220548dce146df2373ffb49764c66b4938b5d73fae760b8c5cddc0ee5b,372,1,358,False,False
18,audio,41,9203c56a1c4dd7996c2a92a1eba0d41cbff3fb91ddffabc2191e9d9ec5fabede,372,1,359,False,False
18,audio,42,16354ca270b155d63c4b837eafaf3f3aeed3d12e84b5b47cb09bb55222dc7960,372,1,360,False,False
18,audio,43,d465aa08a9a1e79daa96e10f4b17f842a165c7d8fe01f29b25011dfc6dfe79c9,372,1,361,False,False
18,audio,44,2352e53092f1b341dc88d389bb7e33fc610a90afb7e753ff51f94de01273e61b,372,1,362,False,False
18,audio,45,1a39ed9c5802a628ad121efa865425e026b0e9f2a3d7ddf7132ce6b9563720cb,372,1,363,False,False
18,audio,46,8ce35b8b49467afdb90f432ba4ee9f57f9a0d5f338dd69bb320acc5295b60614,372,1,364,False,False
18,audio,47,8ce35b8b49467afdb90f432ba4ee9f57f9a0d5f338dd69bb320acc5295b60614,372,1,364,False,False
18,audio,48,8ce35b8b49467afdb90f432ba4ee9f57f9a0d5f338dd69bb320acc5295b60614,372,1,364,False,False
18,vision,1,98074286a3ed5d19f4cbcae96474730bb3d6f90f71930626989053966a8b816d,280,1,234,False,False
18,vision,2,98074286a3ed5d19f4cbcae96474730bb3d6f90f71930626989053966a8b816d,280,1,234,False,False
18,vision,3,8c55a2803d83a3fdfaf56a32e3ef79a8209693a6f93049d4ee69dfdfb6b39fe8,280,1,235,False,False
18,vision,4,fc4e3f10c8218e94e084461f4bb30675d9c100198f21cb902479ea3606a78986,280,1,236,False,False
18,vision,5,2c1b73d37c53ad695b4cfe6e3dbf049d1d13400bf963da55a05db98cf6667331,280,1,237,False,False
18,vision,6,4f2e48607a142398ab6d2b6deb5e20c3f4d4ecc726cc4d945b38f3db38b87dbd,280,1,238,False,False
18,vision,7,1e37c54a33c8310572859c33210e1a4a1ce76e903bc13a700d866513e3753d3f,280,1,239,False,False
18,vision,8,727a1b847d80b2d143309820453f0ba774cd81e25102cf3dbe48252b98886c54,280,1,240,False,False
18,vision,9,1c2869d31d51d972c1779556284f00c202d566be25a3704cd666250c56fbd73f,280,1,241,False,False
18,vision,10,b32793edf81488f2a19f1eedacb30165786bd4bb1e8deaeb5f1b82fd0f23b512,280,1,242,False,False
18,vision,11,895178d808850ba6a46400e698962092a7dcad268abb1e0d6204fa0be21c8ef0,280,1,243,False,False
18,vision,12,d7f02310950c19142f337a8edca3665cb114f0ecfdc4bfc6c105b9a39b059097,280,1,244,False,False
18,vision,13,0a3e7076e649d26e53f2f4f437c1dc652786adc5dab0b0376676f15a48f60735,280,1,245,False,False
18,vision,14,2e41d461fb89512cabb6bc7cb51bec2d0b67d7e3b8377c686e66d45f84456a2c,280,1,246,False,False
18,vision,15,cc8cbd54b631cee9db810c4862042026c04675ce5642bf8e0c0a7fd51f635d84,280,1,247,False,False
18,vision,16,bab3edd1c75df32ee02eae5fd2608e02c0ac1309168e7b745f77dc6bbc3b7550,280,1,248,False,False
18,vision,17,bab3edd1c75df32ee02eae5fd2608e02c0ac1309168e7b745f77dc6bbc3b7550,280,1,248,False,False
18,vision,18,bab3edd1c75df32ee02eae5fd2608e02c0ac1309168e7b745f77dc6bbc3b7550,280,1,248,False,False
18,vision,19,61a15752a9420ec0342237009fd31d4c26deb7e857070c57a6d5911457990516,280,1,249,False,False
18,vision,20,405a040c51103e4e90db384012df628f35ffaf5f19f67e85c3781078b9083876,280,1,250,False,False
18,vision,21,405a040c51103e4e90db384012df628f35ffaf5f19f67e85c3781078b9083876,280,1,250,False,False
18,vision,22,405a040c51103e4e90db384012df628f35ffaf5f19f67e85c3781078b9083876,280,1,250,False,False
18,vision,23,cb85d66a9f1daa12d3c2bed66d601e5ee5c323671bb1fdad0c4ff0799263bf97,280,1,251,False,False
18,vision,24,cb85d66a9f1daa12d3c2bed66d601e5ee5c323671bb1fdad0c4ff0799263bf97,280,1,251,False,False
18,vision,25,cb85d66a9f1daa12d3c2bed66d601e5ee5c323671bb1fdad0c4ff0799263bf97,280,1,251,False,False
18,vision,26,0cd1a40cf7c451aaa113c9905bdee8f9848e46be217b3213a0d0c08c0ae25e76,280,1,252,False,False
18,vision,27,302726cbd55656b887febd10e7a094a566a459a7265ccdb14823b74fef529ad3,280,1,253,False,False
18,vision,28,1e207b7b58f61aabe2cbd86dd07a7f9a389bd9c268033340389e6c40a0cf7c73,280,1,254,False,False
18,vision,29,3914bb186e55eea28f48ae51a1b7eb2caddd9be932dc77571015af3f5cc9a6f2,280,1,255,False,False
18,vision,30,7af83b80e10a3a80170c57f93fc13dca2a6ebd66a9baacba00d50b696fd6d2a4,280,1,256,False,False
18,vision,31,60ac0127d4d53fba4efd9b7f40808079dd6bc206d98855325cf2f258c26f293c,280,1,257,False,False
18,vision,32,71d0f13d924eedc24e48d7a666fa705c10dffdee56f847bc106c0b2bbb3201d4,280,1,258,False,False
18,vision,33,6fa367beecd0af5bdf78a97a14935a3460be28260189b3b264efd00d57bdc841,280,1,259,False,False
18,vision,34,5c012235691fbe78f4f4b999dd2336d2dfc5b7ec214b3bdb72852533a1974104,280,1,260,False,False
18,vision,35,eb4b581887f022acf57f1e1eb82281f2c4ef4bb07ba843d7eedbdae3fc46d50e,280,1,261,False,False
18,vision,36,361dbcffdeb860585e5d4c2161715aceca9bc27a7c2970be2a558250aa761ae2,280,1,262,False,False
18,vision,37,ffdd004326b9b0c63120509a5ba90e44b7c36496dad512d1e896e36b4322fab9,280,1,263,False,False
18,vision,38,fd8b1ab59f6ea429eba48a1a9ed8cd533f5aa30fa71f1b3d01b4117fe5d02753,280,1,264,False,False
18,vision,39,806d5a3e991592a0af1b22c5c7917f7057c79344b75c0b5a1882da3d3606b60a,280,1,265,False,False
18,vision,40,af6e08660ea4c07e5a7d2cdf3e23510950d71a91e8bb44520ebeb308a1174abb,280,1,266,False,False
18,vision,41,d90da6369e2a75975decfbc9d23a74b7e17140876ef3ecbddeea7056316ffa1c,280,1,267,False,False
18,vision,42,1c23d4b91087f0ae04b0692ec80a0e3a13fe06fcd53d4adb7d99172ba2089295,280,1,268,False,False
18,vision,43,1d46a260733ce7b1f6bfc454301cc3217d7023495a7d3e1585001ed5e4ccbb3f,280,1,269,False,False
18,vision,44,bda00e7cd70f9486fdd90dea1b6ab5eb8f753067bf90ba3a79d6320d6850d151,280,1,270,False,False
18,vision,45,c114b88a1f1d807b9646a7b02c06ec89376dc63c49e8128d9c0eea8548e4fd7c,280,1,271,False,False
18,vision,46,8ac8f0b48c9395fcc6fea43de3992a4e317c4eaab66ff1a066f1844b361b1b2b,280,1,272,False,False
18,vision,47,8ac8f0b48c9395fcc6fea43de3992a4e317c4eaab66ff1a066f1844b361b1b2b,280,1,272,False,False
18,vision,48,8ac8f0b48c9395fcc6fea43de3992a4e317c4eaab66ff1a066f1844b361b1b2b,280,1,272,False,False
19,audio,1,bddc21186c0bc55aa322143182ef566fa8e3501c7ce4bd40109f2bfea33eba3d,272,1,239,False,False
19,audio,2,595c0b43f8fc2d6d1ae203cb72a0405f8a2ec402e36b002e7f5c98f6c9f5c421,272,1,240,False,False
19,audio,3,a35f0ed7ac9baba85e6ef7f40c602d56e0923dee2e3f92f6035c74d62ead6856,272,1,241,False,False
19,audio,4,b436b50526fe6a54a6715b623963d69ded9f75078267a9a8351b6aeb3dfcb93b,272,1,242,False,False
19,audio,5,b436b50526fe6a54a6715b623963d69ded9f75078267a9a8351b6aeb3dfcb93b,272,1,242,False,False
19,audio,6,50f9a6d5ce0e91d01dde3a5c2a72203f2003a8d782eb2a2fda9ca3d8188095aa,272,1,243,False,False
19,audio,7,80279f59260d804b638b1c25beebd3c7d0fd6dba2592a1a7e328542d12dbe349,272,1,244,False,False
19,audio,8,f05cd1d74759210dcabdbcf67ceea37bb4fabb6431d40104bae17f21236db760,272,1,245,False,False
19,audio,9,2549b54e5c3dc1865ad7a0135bb4f36f77882b0bdf655b86b8d051c3f3f9082f,272,1,246,False,False
19,audio,10,e3a7eba815c491970274f97ffdd9b9749c851131fac0e4ae3dda26a4b45c7bab,272,1,247,False,False
19,audio,11,0fb8939c61187ea5aa334d51254f3be9127d709640b6a37e9e9f3308e1e1bc70,272,1,248,False,False
19,audio,12,58a6f2d2e0a32bffc4315fea5bc5e29b3eaa6f864a991356aa441ff5ec322e52,272,1,249,False,False
19,audio,13,58a6f2d2e0a32bffc4315fea5bc5e29b3eaa6f864a991356aa441ff5ec322e52,272,1,249,False,False
19,audio,14,4a9524d77dea7ec410b0aad29d3df94771072d90d2992fcacb615be8faf0c9a0,272,1,250,False,False
19,audio,15,ffa970fa1fdd158b46604f6ccd2a84478d557e55723ccbf3fe00f7754a2d914c,272,1,251,False,False
19,audio,16,e581fe69e903a68fcc560ace17b90420f858d8e5a71128586cc35265e76a8dbd,272,1,252,False,False
19,audio,17,5eb2167c26b02c4923bb9a458c1a332136d29974f803c150bd353ff5cd03eaeb,272,1,253,False,False
19,audio,18,5eb2167c26b02c4923bb9a458c1a332136d29974f803c150bd353ff5cd03eaeb,272,1,253,False,False
19,audio,19,1a5f607a18dfe8ad7961a4cd3eb5db84a3d02916e656e1b15b14bea4ba36770f,272,1,254,False,False
19,audio,20,2cf537c23064d20a3c63e35953570639494bfcd4231c17844bf072c2de331607,272,1,255,False,False
19,audio,21,0ed68d6c631ad0d021ff79c857a8ee670d55ddf82621fec9ac51523a50146f18,272,1,256,False,False
19,audio,22,3b66b8375d9b76dc25eb58afa7bad073581c2c42205f00c00b3974077eaec91d,272,1,257,False,False
19,audio,23,d0ca43d6b238bf10b3622e929a0a37de9fd9266117ea3f8456645d4e76e57d4d,272,1,258,False,False
19,audio,24,f8e83b8a4c5c63ff2f638a5a7b3f6db3da369d6c3ce71b9237278c4cb4a81202,272,1,259,False,False
19,audio,25,8e631a12b2e36d6e5d96be95ba4fd89a26bd8ee839bf564bbd5159f7e4a37fcc,272,1,260,False,False
19,audio,26,8dfc2cebafed0320d5a4ce874be7e934a57057671e1e878e3318b773b039cae1,272,1,261,False,False
19,audio,27,23d27c6e2e38f321c1ef9c5e0315832b84f67e508173de32c60cbde31118781a,272,1,262,False,False
19,audio,28,ed0259a99b44ac7b438997b5a21fe3c98c4d1a38f495394c46185b6200d59757,272,1,263,False,False
19,audio,29,ca28a146c6aa67c27a9c0b3ab8d85ccae6ebe688b9d6195c159f96d115077444,272,1,264,False,False
19,audio,30,ca28a146c6aa67c27a9c0b3ab8d85ccae6ebe688b9d6195c159f96d115077444,272,1,264,False,False
19,audio,31,ca28a146c6aa67c27a9c0b3ab8d85ccae6ebe688b9d6195c159f96d115077444,272,1,264,False,False
19,audio,32,a917a7d88fbfff2f04c4d96d3c81a62f67351c0dc215411c85cc4ce05b1b2939,272,1,265,False,False
19,audio,33,c44eb226f73218e66a9c7ed8b9ec355842c9d6fb4ec74384a4993bee394afee0,272,1,266,False,False
19,audio,34,c11bb7db93d57b177021a2af4d4cc72f94f3f3424fbcfea38d5e0dd0fa4e9bbc,272,1,267,False,False
19,audio,35,effdfef4613e78afdf5c5369b04007b67b51adeb81f4261b2e829060234dcb73,272,1,268,False,False
19,audio,36,887c1c083639a5b06a7f4bb74c1befcd3b7ff8fdefeafa6babaca8b350e07410,272,1,269,False,False
19,audio,37,887c1c083639a5b06a7f4bb74c1befcd3b7ff8fdefeafa6babaca8b350e07410,272,1,269,False,False
19,audio,38,c00684353438b8cfded114e1297051a732744fb41e492e253f4dd545cd1bf461,272,1,270,False,False
19,audio,39,c7b36c04463bd776f8b4fb57e9474ef54fcfe123fffe847666ded3b1d0b161da,272,1,271,False,False
19,vision,1,390ec7dc8e4a2472c2b778e29f5daa2023e6d591c4bfb8c1d456f317c123887e,204,1,171,False,False
19,vision,2,d2a747975cae237e34f7f48f94e4e6bcf9fd156d7cfce10536594ca06f22b99f,204,1,172,False,False
19,vision,3,75a2f699239c19856f2f7b11f195ef7c8abeb8e17fd9d17d1c558190566d7fee,204,1,173,False,False
19,vision,4,899b5f58b181cac717efe734acc393e36c028d5550148d16c5485178f9de943c,204,1,174,False,False
19,vision,5,899b5f58b181cac717efe734acc393e36c028d5550148d16c5485178f9de943c,204,1,174,False,False
19,vision,6,9e1e5482efffd6e602969632496ec4c679cde0019808465837a36724833ad2cd,204,1,175,False,False
19,vision,7,5e5e58329eca384bb93297a9eb384e26f2cd232d4f2073f73141bbdeaf7a8fc4,204,1,176,False,False
19,vision,8,9b1c5a5b330c327ff294b8e84341b2a67f632478160b94091608c06a0808bda4,204,1,177,False,False
19,vision,9,cbb8d9fc116f3f2405841575b3f5947199ec22639d5966fcd0582d4a40e265bf,204,1,178,False,False
19,vision,10,765de5fca9b383e179ea0ae812aa7cdfb49ce180ca7438354406c34e02676c30,204,1,179,False,False
19,vision,11,1ced72207813dd8ec5bfc3081339f5e1bf8aed42731d4c7648b6a453026201f6,204,1,180,False,False
19,vision,12,d786a5cd18c49f2ac063acbe99749d1625ed1f9a32b34c15112a582170c56ce2,204,1,181,False,False
19,vision,13,d786a5cd18c49f2ac063acbe99749d1625ed1f9a32b34c15112a582170c56ce2,204,1,181,False,False
19,vision,14,ee616f399d2dcbefc7ad6a97f0495afb4e8bc9314b4faf1fb05b1aef09e7793a,204,1,182,False,False
19,vision,15,58553aac5c7dc1daad6331f0bc779e50ba727dd1fd887f62b05125240ae8f7ff,204,1,183,False,False
19,vision,16,94ead39800dc936092b64195fa379f365b49cf0d661b0e59b090a5a24110c546,204,1,184,False,False
19,vision,17,1b4152d3f7f5226fedb54e2101a1993686c9c3f8e9701bc7a8ecf227713d6e50,204,1,185,False,False
19,vision,18,1b4152d3f7f5226fedb54e2101a1993686c9c3f8e9701bc7a8ecf227713d6e50,204,1,185,False,False
19,vision,19,2190659ed80784858f7cde603783e2117dea4c36b38d775f5403d15a1f062e4b,204,1,186,False,False
19,vision,20,9d5627874767c3534506b73e6065759f1161eb65dd59782e6e941e8ed8194117,204,1,187,False,False
19,vision,21,0547dd2fd995787cb934fa862f1034e19d8f7f988baddcb6b1727e5157826256,204,1,188,False,False
19,vision,22,f86cc27ad8dd109b5412d15619930948c4ccdb86712d3a295ade460018971add,204,1,189,False,False
19,vision,23,18752a0ab58c975b6e020cb2911a76645efe4439a671f2742849cd74ba5f2858,204,1,190,False,False
19,vision,24,06405320a796bd539e1d32ade40fa3acc74363c56dd2d9b2703315497328561e,204,1,191,False,False
19,vision,25,142a1f8836a8b00785e813db69362e34609933c4d97b2e454d162068d5d6a822,204,1,192,False,False
19,vision,26,62924ddba9cea0c00acbc5722182ba47ecaf7808ef94753fa7b5972d16fe2933,204,1,193,False,False
19,vision,27,69470b557afa3ee189ac4d0143c4315dec56f470d046cd978900b1ee048afa88,204,1,194,False,False
19,vision,28,92859d3f7105f2b74257cf74ea32f81097d940aed535a40e5dd2c9b938b3b905,204,1,195,False,False
19,vision,29,8adac6e705de86ec291bf6f41e15e015ce6d7d32253381172a4d14ca6a31c8fa,204,1,196,False,False
19,vision,30,8adac6e705de86ec291bf6f41e15e015ce6d7d32253381172a4d14ca6a31c8fa,204,1,196,False,False
19,vision,31,8adac6e705de86ec291bf6f41e15e015ce6d7d32253381172a4d14ca6a31c8fa,204,1,196,False,False
19,vision,32,4f988353c3d92d1278ee95dada41a80778d41f16f4d7a2f4303bd6f06026e035,204,1,197,False,False
19,vision,33,b09f06407cfb4f554ba93443bcd4a4af26e0a6720daca23cfac46cf82b51d263,204,1,198,False,False
19,vision,34,bf4887d2c6b0e82ade8c2718b6a6c99cfef72bd1b9aeee6b7a2951c8c9497eb2,204,1,199,False,False
19,vision,35,611077e0522df757d610be294e630459d6ff20bfe7209a3e5e642b5ac626bfe3,204,1,200,False,False
19,vision,36,6ac364ee92e1964c96bfdc383956bee1e2453acfbc3fc5e458b4ca53758aa7ac,204,1,201,False,False
19,vision,37,6ac364ee92e1964c96bfdc383956bee1e2453acfbc3fc5e458b4ca53758aa7ac,204,1,201,False,False
19,vision,38,5ee7ddf6277d1ec487a32dc31b38edea02846813481ba15034bc09d961f4ce9e,204,1,202,False,False
19,vision,39,6ca2b770c6784ada79e503b5eeb6b631d57194303380affc40d9e394ca7180e8,204,1,203,False,False
20,audio,1,9a336dc872995f01a6076a4174aac9947eaac3bc5ffd39d30fb0f60a7997373c,216,1,182,False,False
20,audio,2,d09200a5944e64f202e3f1c53911496bc9d5022f7358adadee47e91c7719cd63,216,1,183,False,False
20,audio,3,26aa02d12714777bb5455875b27e80a07bedac20b76f059ec46937272eab3df7,216,1,184,False,False
20,audio,4,26aa02d12714777bb5455875b27e80a07bedac20b76f059ec46937272eab3df7,216,1,184,False,False
20,audio,5,8013a41543d88c81ffe92a2684957ab2d7e65fe6a3c0322dd49e2569c75dc074,216,1,185,False,False
20,audio,6,d801a5a6652c38f2a25e85386a9aa95951316b06fc54a5e65b9d997ffdfd98b7,216,1,186,False,False
20,audio,7,d7601d275c9bd1dc9ed6c50e7685140a6424ff8ba4474bc14020923873f4a89a,216,1,187,False,False
20,audio,8,d105c137a1b2358ee440ed04ba647b5bf29befbf4ed52c1d369a9bf87250f5d3,216,1,188,False,False
20,audio,9,d30df20390f76ff3e64a3bf3df1972e360db1ae39909ce45f90305c62205c5bb,216,1,189,False,False
20,audio,10,0e8532b426c48e32f776c7ebbeb8bb2873e2b6bdd378fb77a3eae287fbf67d2f,216,1,190,False,False
20,audio,11,149d677af6bdd43630af7c5938249df394d611eb7a2e297094dd451f6f1d1ff9,216,1,191,False,False
20,audio,12,14ca09add8b29f9e189051a4e20c3860397dd47f84a4f840ba408f0a0e07e817,216,1,192,False,False
20,audio,13,045044d59b994b4539c9df72895df56422d8e128680a9d00add827a1e8c3305d,216,1,193,False,False
20,audio,14,f99ecfa6042e196321ab18ccf33fdcc4c68453af0b418e3d59531c3475e1faf9,216,1,194,False,False
20,audio,15,b45119c42ba7cb074523e231b976803fe8b31d232a92671df52b7b1d9a5602c7,216,1,195,False,False
20,audio,16,3f7a9218c7c711ae9c420b744a983ba21379a4a2d578d3987f5af4fa181a4f37,216,1,196,False,False
20,audio,17,3f7a9218c7c711ae9c420b744a983ba21379a4a2d578d3987f5af4fa181a4f37,216,1,196,False,False
20,audio,18,1826cbc6794a6806cd11edcba810aa37a5b563cbbae125a57fa49e0c02a12538,216,1,197,False,False
20,audio,19,ecfbe00f9fad85faa850e97a245e3862af6f00e7aa318896508f2341320d9e4a,216,1,198,False,False
20,audio,20,ecfbe00f9fad85faa850e97a245e3862af6f00e7aa318896508f2341320d9e4a,216,1,198,False,False
20,audio,21,ecfbe00f9fad85faa850e97a245e3862af6f00e7aa318896508f2341320d9e4a,216,1,198,False,False
20,audio,22,36d58b3e0cd8c926de5221e6cca5a48140e937c5b6c4678f30b1167eb25266cd,216,1,199,False,False
20,audio,23,30dea804824671190c78ec857f873b3fbf7b0a4dd709257fe880d23c78d1053b,216,1,200,False,False
20,audio,24,146e8a4589068c26bf0e30331af00b79462a615a37dd7ec695e6493df6d869e5,216,1,201,False,False
20,audio,25,c27e3867ab8627a52e48c3d17c7a9f505f15abb16c6e91dbf7fca5c89df333ba,216,1,202,False,False
20,audio,26,03b2401c51700de65ea94f0a0273642635f7245ea45eff83c70867723dc82c52,216,1,203,False,False
20,audio,27,e73e4ee270ffeaf1faf49c704e3589febcae0c237c49b35771e5cfee6da6f4b9,216,1,204,False,False
20,audio,28,43593a1776c23a69036eb84a6ef80f5dde4221ebbc9a5e45069abf3057e9c76a,216,1,205,False,False
20,audio,29,d041c34797afdb6dd106f6015a631f709a024692a926c09adb1ff880d501c88d,216,1,206,False,False
20,audio,30,3721c5d926fd0321442175747daf8ad1843d991562a56d2bd2eb2f97aa4d787f,216,1,207,False,False
20,audio,31,4fdefc8c02e3be2ecee7e3b00fc4b60342573c48d36354e16b37ec0af5e644a0,216,1,208,False,False
20,audio,32,4fdefc8c02e3be2ecee7e3b00fc4b60342573c48d36354e16b37ec0af5e644a0,216,1,208,False,False
20,audio,33,4fdefc8c02e3be2ecee7e3b00fc4b60342573c48d36354e16b37ec0af5e644a0,216,1,208,False,False
20,audio,34,4fdefc8c02e3be2ecee7e3b00fc4b60342573c48d36354e16b37ec0af5e644a0,216,1,208,False,False
20,audio,35,4fdefc8c02e3be2ecee7e3b00fc4b60342573c48d36354e16b37ec0af5e644a0,216,1,208,False,False
20,audio,36,a4f6ec34e99a321f802435692381875b0c8bc221c864a546ed79b0c6167fe275,216,1,209,False,False
20,audio,37,c7ceb05f4a026b93e605fa97220d62e2ce56fa09ff96a6549874f3a00a5794d3,216,1,210,False,False
20,audio,38,89cbb05547bd0491a0dbc145e8d0af66e3678dbe4b7f04d519ce116b0818d964,216,1,211,False,False
20,audio,39,89365ce6603dc7e008e1786b651ee3bcd0a36e942742ba3dd7b9012ac136bea1,216,1,212,False,False
20,audio,40,ede2c322534995b09c637b886d31d439256415fb44a5bff68e3b4810272549d6,216,1,213,False,False
20,audio,41,20c55a4c07161edca092eeb31382666a5f097797ba22f0f7ca3a10004ad70407,216,1,214,False,False
20,audio,42,b886478e42bb707761bdf00bb460b03d9241196b68140690844f958ba9f2932a,216,1,215,False,False
20,audio,43,b886478e42bb707761bdf00bb460b03d9241196b68140690844f958ba9f2932a,216,1,215,False,False
20,vision,1,2452c8b1441576261f446cb304f3f78ead3a33799e9aad306e11ba3affdcc398,162,1,128,False,False
20,vision,2,ba61f83468d5940c85244c2f6e612567d579fd704d0897c30b9b64e29d94e00d,162,1,129,False,False
20,vision,3,eed2f57bcb65c874fcf969e75162f49d23da0fac4f715143379f4895e020b98e,162,1,130,False,False
20,vision,4,eed2f57bcb65c874fcf969e75162f49d23da0fac4f715143379f4895e020b98e,162,1,130,False,False
20,vision,5,b2c6d5a1f96b44d102ef54daab37e85d9d782248a5e2600a334bc60511298970,162,1,131,False,False
20,vision,6,4ad9dd01b17f3cad2df496ad81db56fb47e0a20ea5ee57ce6f7a3751217de714,162,1,132,False,False
20,vision,7,7c71d557b820515b626c387d6de6d1904216ef2e39afd684cd26bb95a58e0cdd,162,1,133,False,False
20,vision,8,43d243c5ac0053efc1fbf3fecbba0c598f6f0968e853866a381ad1bac1d2a8f3,162,1,134,False,False
20,vision,9,9905c3ba26e6d9736fcf9c7af710efe9bf98c465be0e4451abf48449e6856ed1,162,1,135,False,False
20,vision,10,7badd71bd90ed04432134cbce04cc644dba0251808c92e4a1dcf15c0e0485b27,162,1,136,False,False
20,vision,11,18e9d4af822092ba6fc8c47f9b10f1936d0f401396200477451cfa7bf12ba6f2,162,1,137,False,False
20,vision,12,bc7cab9cc8814c37acdcceca9ad233adb0de4395fbaf4c6fae8865bffaefd34c,162,1,138,False,False
20,vision,13,6e7566fca43430602ea13727904446aa414937becc160e148d5cb9fc093b1dbd,162,1,139,False,False
20,vision,14,6a44d287b980beabf68b4b2ad4e3094de508b5707df9bb2b5396238e166bf375,162,1,140,False,False
20,vision,15,1e6cec1d17ce44ce64464afc4ba04a9fe3ecd2e7e436324fc429340b0c2af301,162,1,141,False,False
20,vision,16,9701b10a58ab209544e4766f5aaf03ae2f267642e4adb76811b43423d352f5eb,162,1,142,False,False
20,vision,17,9701b10a58ab209544e4766f5aaf03ae2f267642e4adb76811b43423d352f5eb,162,1,142,False,False
20,vision,18,6ee6dca79ba568cf04a4268628385b4358576f034e1b1dc86cd4ebad51825116,162,1,143,False,False
20,vision,19,d0434f722675fd3ae7bb458809bfc0a15d9cbcc266443d04abbc7fd055d414ec,162,1,144,False,False
20,vision,20,d0434f722675fd3ae7bb458809bfc0a15d9cbcc266443d04abbc7fd055d414ec,162,1,144,False,False
20,vision,21,d0434f722675fd3ae7bb458809bfc0a15d9cbcc266443d04abbc7fd055d414ec,162,1,144,False,False
20,vision,22,3e43a2dce1fd36e48c073c8ffadef5e2647e283aa6178a4117eb422ccbbb673b,162,1,145,False,False
20,vision,23,5604a4cc000a4de4beb11d5674a74756a7f1f2ad2744bb390f684228afa76f16,162,1,146,False,False
20,vision,24,96edff5146657328342aea24fb518ede04a050f82e88d189eedc4b0eed826ee2,162,1,147,False,False
20,vision,25,88cae6a92e3621aca4114e7fe517f44c34b38aae29f73372053f52915d1b1f05,162,1,148,False,False
20,vision,26,5b859148074ef346c3e652a3f190171bc252e150de148c37648c1274e6c69595,162,1,149,False,False
20,vision,27,f821f83c177bf6cc1a5e5da9403c16f3d3ce4a768add0cec6d4085d7ed0963cf,162,1,150,False,False
20,vision,28,f784130f66587f18199b45e26892069bfa096ed6bb7dd4344a674a0ced212e2e,162,1,151,False,False
20,vision,29,22a81aa2286a4381538084985544f7ddd4660ba0c1ab051450282bc50d949915,162,1,152,False,False
20,vision,30,f72f59b3bb89d0a8ac1e909bc47a90c411e109ddc9404376374d61c19873fdda,162,1,153,False,False
20,vision,31,cb0e34f8b838ea9dc72794a66bbf45063933a7fadf4911e4be68a13491276460,162,1,154,False,False
20,vision,32,cb0e34f8b838ea9dc72794a66bbf45063933a7fadf4911e4be68a13491276460,162,1,154,False,False
20,vision,33,cb0e34f8b838ea9dc72794a66bbf45063933a7fadf4911e4be68a13491276460,162,1,154,False,False
20,vision,34,cb0e34f8b838ea9dc72794a66bbf45063933a7fadf4911e4be68a13491276460,162,1,154,False,False
20,vision,35,cb0e34f8b838ea9dc72794a66bbf45063933a7fadf4911e4be68a13491276460,162,1,154,False,False
20,vision,36,47dc2d57056079ec86050f1df63113abc2740677b0a5e670f1e74ff8a92b95d9,162,1,155,False,False
20,vision,37,6420326cbf77538658e926488f8555b262e240a1e8d8cb3385bc4edf2a4a2caa,162,1,156,False,False
20,vision,38,d170a8d479b7c0765adc451ac3c4f3e751357d08d3af12e3b17417d829c0da9b,162,1,157,False,False
20,vision,39,48d145a238365da392ed7ac02020f70cf63df2ca460ca4a395d656646f7e97c1,162,1,158,False,False
20,vision,40,0568c31ddab1500a8ba0e74b1c4e75b9206cbff0b1c7b4301d62de4e4e91a4d4,162,1,159,False,False
20,vision,41,fb69220c3e5ca5d3e51512554e427e811a3e3a4c15c62e0f09a15fa59795b2a0,162,1,160,False,False
20,vision,42,fc12bb51ce7322cd54cb39b8dc799417ade8b9976bbd71d8a588b3a9ef31deca,162,1,161,False,False
20,vision,43,fc12bb51ce7322cd54cb39b8dc799417ade8b9976bbd71d8a588b3a9ef31deca,162,1,161,False,False
