sample_key,video_id,clip_id,official_text,official_text_sha256,source_relpath,source_mp4_sha256,source_label_xlsx_sha256,stage1_duration_proxy_sec,alignment_trace_sha256,status,output_file,output_sha256,output_bytes,modalities,original_effective_duration_sec,feature_dims_json,text_sequence_length,audio_observation_length,video_observation_length,alignment_mode,alignment_granularity,text_audio_correspondence,text_av_time_mapping_status,text_present,text_content_valid,audio_present,audio_observation_valid,audio_speech_valid,video_present,audio_visual_time_valid,vision_feature_valid,face_feature_valid,official_word_count,valid_word_time_count,text_word_valid_count,audio_word_valid_count,vision_word_valid_count,audio_coverage_start_sec,audio_coverage_end_sec,video_coverage_start_sec,video_coverage_end_sec,av_common_coverage_start_sec,av_common_coverage_end_sec,opensmile_config_sha256,roberta_asset_identity_sha256,config_sha256,mediapipe_model_sha256,process_rss_bytes,runtime_sec,error
-3g5yACwYnA$_$13,-3g5yACwYnA,13,They've been able to find solutions or at least bring some answers to the table.,16bee1b5ecbd8d2632c5d48e5629380ddae687005479cd6e775fcffb79b58dd8,-3g5yACwYnA/13.mp4,aeb47627f59dce3d0a85a44ef35e4a3bc18211498e98c8c11cf60269646df24f,827334f782b1f242c84ad944a657bc7f7c63643f71ae9c977811a3eecdd3ab33,5.513997,a16b95d3e1fee8f8ff32f8cb01139fed559e649e73dde208ef89725d44559dfc,PASS,features/-3g5yACwYnA___13.npz,c66d16bd049849e58c4786104ec00b5b7e04f05b2f144a3d5d6d2f6580c21790,137795,text|audio|video,5.5,"{""audio_native"": 25, ""text_word"": 768, ""video_native"": 52, ""word_audio_mean_std"": 50, ""word_vision_mean_std"": 104}",15,535,163,UNCERTAIN_REVIEW,clip,not_asserted,clip_only,1,1,1,1,-1,1,1,1,1,15,0,15,0,0,0.0,5.399125,0.0,5.5,0.0,5.399125,ef451953badced2ed112ba4ffb997f9d2a7e7c444a09e8092665eadd9f24109e,4066801753f5b2a2402a46e231cc1f85fd52a5970e937644b99fc1cbb3bfeb5b,ff357861a0053b817523940844e8d285a915e3aa22051b26a102cf5be7ecfef6,64184e229b263107bc2b804c6625db1341ff2bb731874b0bcc2fe6544e0bc9ff,354861056,3.3627333999611437,
-3g5yACwYnA$_$2,-3g5yACwYnA,2,Key Polymer brings a technical aspect to our operation that we don't have internally.,3d29e4bd12105ed426b7ec516a3eafc8f4d8363f8c284ea20b5944e014777e04,-3g5yACwYnA/2.mp4,0619c01f137d017c15c058176f18a575919189c7e81ebd2bfb993afdb86f3de7,827334f782b1f242c84ad944a657bc7f7c63643f71ae9c977811a3eecdd3ab33,9.39401,2b67dae4c637399219e5d5f7c92d486f86f0a4c74ea661a3fc571aab8da1eed5,PASS,features/-3g5yACwYnA___2.npz,9a2c1c7db86845f5ca9bd04abc0dd939f0c96ee5203454d67bd21179d746263c,191173,text|audio|video,9.366666666666667,"{""audio_native"": 25, ""text_word"": 768, ""video_native"": 52, ""word_audio_mean_std"": 50, ""word_vision_mean_std"": 104}",14,919,278,UNCERTAIN_REVIEW,clip,not_asserted,clip_only,1,1,1,1,-1,1,1,1,1,14,0,14,0,0,0.0,9.2313125,0.0,9.366666666666667,0.0,9.2313125,ef451953badced2ed112ba4ffb997f9d2a7e7c444a09e8092665eadd9f24109e,4066801753f5b2a2402a46e231cc1f85fd52a5970e937644b99fc1cbb3bfeb5b,ff357861a0053b817523940844e8d285a915e3aa22051b26a102cf5be7ecfef6,64184e229b263107bc2b804c6625db1341ff2bb731874b0bcc2fe6544e0bc9ff,349122560,4.932574899983592,
-3g5yACwYnA$_$3,-3g5yACwYnA,3,"We're a huge user of adhesives for our operation, called flocking, and we don't have the technical inside compounding or the technical expertise to do these types of things.",e34429bb59081603d60a09b558b648c0a68e8f0cd59532d1b1f62cb45ee5d0b7,-3g5yACwYnA/3.mp4,eff8cfefba2425155f2b72656829b34b23be8bfe1dcbece384154f56818aa26d,827334f782b1f242c84ad944a657bc7f7c63643f71ae9c977811a3eecdd3ab33,14.388997,ce20db0743dd75c37be8e994277451c04e071728bafb7326967b914b65fb1507,PASS,features/-3g5yACwYnA___3.npz,ae1ecd90ce577c87800e1d6eb000ef03592ed3f39541f053d05db841fb07509e,324165,text|audio|video,14.366666666666667,"{""audio_native"": 25, ""text_word"": 768, ""video_native"": 52, ""word_audio_mean_std"": 50, ""word_vision_mean_std"": 104}",29,1428,431,TRI_MODAL_WORD_VALID,word,confirmed_match,word_valid,1,1,1,1,1,1,1,1,1,29,29,29,29,29,0.0,14.327875,0.0,14.366666666666667,0.0,14.327875,ef451953badced2ed112ba4ffb997f9d2a7e7c444a09e8092665eadd9f24109e,4066801753f5b2a2402a46e231cc1f85fd52a5970e937644b99fc1cbb3bfeb5b,ff357861a0053b817523940844e8d285a915e3aa22051b26a102cf5be7ecfef6,64184e229b263107bc2b804c6625db1341ff2bb731874b0bcc2fe6544e0bc9ff,353017856,7.25440360000357,
-3g5yACwYnA$_$9,-3g5yACwYnA,9,"We have many new opportunities through the way things have changed through the years, looking for new niche high-end, value-added products.",edf40f3bc90720a15b5edde898ad73ac8914812e2e3d6da541110446b6376f81,-3g5yACwYnA/9.mp4,b962573b12ed1f06d5533f6427c80dce2bae3a99dd332f6d3fcb32c579f3f016,827334f782b1f242c84ad944a657bc7f7c63643f71ae9c977811a3eecdd3ab33,8.816992,7873fbc328d5d44c6335ffc13f8a1afa16d05c1317cb55cce276ce04f169ae99,PASS,features/-3g5yACwYnA___9.npz,95cccbfca157ce194725ee0fdbe2e48001de0b4e41b49c15320ecf43e46c37b0,204470,text|audio|video,8.8,"{""audio_native"": 25, ""text_word"": 768, ""video_native"": 52, ""word_audio_mean_std"": 50, ""word_vision_mean_std"": 104}",21,865,263,UNCERTAIN_REVIEW,clip,not_asserted,clip_only,1,1,1,1,-1,1,1,1,1,21,0,21,0,0,0.0,8.696125,0.0,8.8,0.0,8.696125,ef451953badced2ed112ba4ffb997f9d2a7e7c444a09e8092665eadd9f24109e,4066801753f5b2a2402a46e231cc1f85fd52a5970e937644b99fc1cbb3bfeb5b,ff357861a0053b817523940844e8d285a915e3aa22051b26a102cf5be7ecfef6,64184e229b263107bc2b804c6625db1341ff2bb731874b0bcc2fe6544e0bc9ff,356175872,4.790938599966466,
-3nNcZdcdvU$_$5,-3nNcZdcdvU,5,Noncompliance can result in legal liability to you and to the school district in which you are employed.,79c1af6a9ee4395006d8253e8a2c10d2fa1dff409dcb41389b13cd8388f6d6f5,-3nNcZdcdvU/5.mp4,7ea53ad502b77be7d2ee4494dc23a9478c897792203cf887d546e83d584c1728,827334f782b1f242c84ad944a657bc7f7c63643f71ae9c977811a3eecdd3ab33,7.867969,b4c810fd22c202d6a7429f73c7815846a774d8487e7f269bec558b953f4ff6e9,PASS,features/-3nNcZdcdvU___5.npz,84d2e4d512901245b4e71dd5fc00100e51091c2c18160c7a5d7bc04418e2919c,182821,text|audio|video,7.866666666666666,"{""audio_native"": 25, ""text_word"": 768, ""video_native"": 52, ""word_audio_mean_std"": 50, ""word_vision_mean_std"": 104}",18,774,236,UNCERTAIN_REVIEW,clip,not_asserted,clip_only,1,1,1,1,-1,1,1,1,1,18,0,18,0,0,0.0,7.7885625,0.0,7.866666666666666,0.0,7.7885625,ef451953badced2ed112ba4ffb997f9d2a7e7c444a09e8092665eadd9f24109e,4066801753f5b2a2402a46e231cc1f85fd52a5970e937644b99fc1cbb3bfeb5b,ff357861a0053b817523940844e8d285a915e3aa22051b26a102cf5be7ecfef6,64184e229b263107bc2b804c6625db1341ff2bb731874b0bcc2fe6544e0bc9ff,349126656,3.40050660003908,
-571d8cVauQ$_$0,-571d8cVauQ,0,"This is Rhett Reiger, White Caspian Studios on behalf of Expert Village.",3cc4662c85af842f5e682e4ef26cf9eb3bebd97881a87999db6c236539a3d598,-571d8cVauQ/0.mp4,defc62e1530d9b0cd27f2acfe042b71dd84d7e8c85f1df261f04912091976088,827334f782b1f242c84ad944a657bc7f7c63643f71ae9c977811a3eecdd3ab33,5.066667,e709d4cadb3bda38703d2a1fcd4d1f93803e026957dafeeabdb1a8566a555269,PASS,features/-571d8cVauQ___0.npz,f979fd6f1890e136bead55e8c611e326e630cefa0f97e3bd52152620f8ff611f,94621,text|audio|video,5.166666666666667,"{""audio_native"": 25, ""text_word"": 768, ""video_native"": 52, ""word_audio_mean_std"": 50, ""word_vision_mean_std"": 104}",12,495,152,UNCERTAIN_REVIEW,clip,not_asserted,clip_only,1,1,1,1,-1,1,1,0,0,12,0,12,0,0,0.0,4.9923125,0.0,5.166666666666667,0.0,4.9923125,ef451953badced2ed112ba4ffb997f9d2a7e7c444a09e8092665eadd9f24109e,4066801753f5b2a2402a46e231cc1f85fd52a5970e937644b99fc1cbb3bfeb5b,ff357861a0053b817523940844e8d285a915e3aa22051b26a102cf5be7ecfef6,64184e229b263107bc2b804c6625db1341ff2bb731874b0bcc2fe6544e0bc9ff,355041280,1.6556221999926493,
-571d8cVauQ$_$5,-571d8cVauQ,5,"So very important to go out to the locations, walk around, talk with the owners if you can, tell them what you're doing, build a little excitement, put a little glitz on there and let everybody knows this is a very valuable spot.",750ec610bc9cc014a16efdc1e076aa87e28e6eec9fa8ef31a42f0e43fc8a6847,-571d8cVauQ/5.mp4,e304c03fac1f477823fe0926c4fb421b9c4e4091f85718b729afe856c24a7d3e,827334f782b1f242c84ad944a657bc7f7c63643f71ae9c977811a3eecdd3ab33,15.272982,afbb8ac296712883ecc94862c6d68ba1e6ecaa40042e5fb7252f637af0fd562a,PASS,features/-571d8cVauQ___5.npz,e697fbf97d1bf1db734245079f05651dc37b5b23f8cd701d16ce08fbb92f8579,270475,text|audio|video,15.266666666666666,"{""audio_native"": 25, ""text_word"": 768, ""video_native"": 52, ""word_audio_mean_std"": 50, ""word_vision_mean_std"": 104}",43,1507,455,UNCERTAIN_REVIEW,clip,not_asserted,clip_only,1,1,1,1,-1,1,1,0,0,43,0,43,0,0,0.0,15.11525,0.0,15.266666666666666,0.0,15.11525,ef451953badced2ed112ba4ffb997f9d2a7e7c444a09e8092665eadd9f24109e,4066801753f5b2a2402a46e231cc1f85fd52a5970e937644b99fc1cbb3bfeb5b,ff357861a0053b817523940844e8d285a915e3aa22051b26a102cf5be7ecfef6,64184e229b263107bc2b804c6625db1341ff2bb731874b0bcc2fe6544e0bc9ff,355233792,3.7032080000499263,
-6rXp3zJ3kc$_$8,-6rXp3zJ3kc,8,Many people are not until they get to be a older age and they realize that gosh they wasted a lot of time and money in placing bets on stock that's ultimately lost value.,d8191a0e9bf808171a0610c82825567e304d6950a9b1ee4e9c3f57fdd67c5add,-6rXp3zJ3kc/8.mp4,59b77a0f873b7fa95e7327b93d64bb5a4bdae84039321988ef70bba8e63ee1ae,827334f782b1f242c84ad944a657bc7f7c63643f71ae9c977811a3eecdd3ab33,12.805013,4d9288b9b16f577a3ad3d526911c7ba202cf2f88ed339125d93eab4e54798519,PASS,features/-6rXp3zJ3kc___8.npz,983ad6c1680459ed546c054873dc22e147c655685182875c50005f3f4739e996,304141,text|audio|video,12.8,"{""audio_native"": 25, ""text_word"": 768, ""video_native"": 52, ""word_audio_mean_std"": 50, ""word_vision_mean_std"": 104}",34,1269,384,UNCERTAIN_REVIEW,clip,not_asserted,clip_only,1,1,1,1,-1,1,1,1,1,34,0,34,0,0,0.0,12.738,0.0,12.8,0.0,12.738,ef451953badced2ed112ba4ffb997f9d2a7e7c444a09e8092665eadd9f24109e,4066801753f5b2a2402a46e231cc1f85fd52a5970e937644b99fc1cbb3bfeb5b,ff357861a0053b817523940844e8d285a915e3aa22051b26a102cf5be7ecfef6,64184e229b263107bc2b804c6625db1341ff2bb731874b0bcc2fe6544e0bc9ff,351936512,5.878537599928677,
-9y-fZ3swSY$_$0,-9y-fZ3swSY,0,"is, you can say, hey I really like baby skin, they are so soft, they don’t have any hair on their face",d81896a67e5f274d2c16dbf281a45824f967fe604ce10737525c3ccae7723a3e,-9y-fZ3swSY/0.mp4,29a1fd181293cdbe24e50edcad51e3cc0f27a5824d840bcc39d453b272fb6e3c,827334f782b1f242c84ad944a657bc7f7c63643f71ae9c977811a3eecdd3ab33,6.833333,64a7d3c3496313f35491a5c7be648c9d0ff98a20a07936df82539fd3e419bbcd,PASS,features/-9y-fZ3swSY___0.npz,12d1677b470406ace26c8b7e189bded153d0feabfe5f7e4b32cd1fbdfb57f582,181583,text|audio|video,6.8999999999999995,"{""audio_native"": 25, ""text_word"": 768, ""video_native"": 52, ""word_audio_mean_std"": 50, ""word_vision_mean_std"": 104}",22,671,205,UNCERTAIN_REVIEW,clip,not_asserted,clip_only,1,1,1,1,-1,1,1,1,1,22,0,22,0,0,0.0,6.757,0.0,6.8999999999999995,0.0,6.757,ef451953badced2ed112ba4ffb997f9d2a7e7c444a09e8092665eadd9f24109e,4066801753f5b2a2402a46e231cc1f85fd52a5970e937644b99fc1cbb3bfeb5b,ff357861a0053b817523940844e8d285a915e3aa22051b26a102cf5be7ecfef6,64184e229b263107bc2b804c6625db1341ff2bb731874b0bcc2fe6544e0bc9ff,350199808,3.6629992000525817,
-9y-fZ3swSY$_$4,-9y-fZ3swSY,4,I’ve seen this in US or in the US,90e4f5f3d707d702db91e02acb36aef59bcc5989d01839f4e69891616d660847,-9y-fZ3swSY/4.mp4,fe04a26710e85c58bdaad5a48618c7e0f742d82b0d920eb4a046c8f14a6921dc,827334f782b1f242c84ad944a657bc7f7c63643f71ae9c977811a3eecdd3ab33,2.821029,7e79ea944070ba2153690032a6e79481bba994e9fd85518d143d83bd755dcd25,PASS,features/-9y-fZ3swSY___4.npz,6fc1703e1de300a437811e9184b37499fd37e004beef47d13f910aef8c29227d,82090,text|audio|video,2.8,"{""audio_native"": 25, ""text_word"": 768, ""video_native"": 52, ""word_audio_mean_std"": 50, ""word_vision_mean_std"": 104}",9,262,81,UNCERTAIN_REVIEW,clip,not_asserted,clip_only,1,1,1,1,-1,1,1,1,1,9,0,9,0,0,0.0,2.6648125,0.0,2.8,0.0,2.6648125,ef451953badced2ed112ba4ffb997f9d2a7e7c444a09e8092665eadd9f24109e,4066801753f5b2a2402a46e231cc1f85fd52a5970e937644b99fc1cbb3bfeb5b,ff357861a0053b817523940844e8d285a915e3aa22051b26a102cf5be7ecfef6,64184e229b263107bc2b804c6625db1341ff2bb731874b0bcc2fe6544e0bc9ff,357601280,2.0294127999804914,
-9y-fZ3swSY$_$8,-9y-fZ3swSY,8,That’s a more decent and more polite way to call a lady,cc4943d1a2d9da1cfa76b529da139ea3ac05a0ff0f9935f381fb9c14c18f72a0,-9y-fZ3swSY/8.mp4,6140d031e614b62a5d8df73346fef2417c28cee3501310aa95aa40d358b4b256,827334f782b1f242c84ad944a657bc7f7c63643f71ae9c977811a3eecdd3ab33,4.988997,f1ab56541ad9e93be7e1a4ce837d71bcc431c99c136d56daac3d0392f4e46c10,PASS,features/-9y-fZ3swSY___8.npz,37ce21b3901b109ee38b2db279c03b90fa9c3d30b870a2458fd2bfe0528d087a,117740,text|audio|video,4.966666666666667,"{""audio_native"": 25, ""text_word"": 768, ""video_native"": 52, ""word_audio_mean_std"": 50, ""word_vision_mean_std"": 104}",12,487,149,UNCERTAIN_REVIEW,clip,not_asserted,clip_only,1,1,1,1,-1,1,1,1,1,12,0,12,0,0,0.0,4.917,0.0,4.966666666666667,0.0,4.917,ef451953badced2ed112ba4ffb997f9d2a7e7c444a09e8092665eadd9f24109e,4066801753f5b2a2402a46e231cc1f85fd52a5970e937644b99fc1cbb3bfeb5b,ff357861a0053b817523940844e8d285a915e3aa22051b26a102cf5be7ecfef6,64184e229b263107bc2b804c6625db1341ff2bb731874b0bcc2fe6544e0bc9ff,349827072,3.078499299939722,
-AUZQgSxyPQ$_$2,-AUZQgSxyPQ,2,"The perfect soul mate to the Clarisonic Spot Therapy Brush, this gentle, Ph balanced and hydrating exfoliant containing jojoba and acai fruit oils and bamboo and prickly bear extracts deliver intense healing, while smooth granules buff away dead, dry skin cells.",53a9c4d7b99b24b4a7472cea8414ccb888be5eabdef6e10c83361628bd8323db,-AUZQgSxyPQ/2.mp4,e09034b30bb4f8fb9f9c2568afc20f2a764e327fe6ef4e13f21804eaac51bb7b,827334f782b1f242c84ad944a657bc7f7c63643f71ae9c977811a3eecdd3ab33,22.511003,77bdc2cf62f1ddba39695f699d861a35e794b0c84368f8f1f921aa4e84748dcb,PASS,features/-AUZQgSxyPQ___2.npz,bf60bfe59191ceaf31c786cf320b82e71d9e7edf9e8a91283403a822c011bb93,441339,text|audio|video,22.5,"{""audio_native"": 25, ""text_word"": 768, ""video_native"": 52, ""word_audio_mean_std"": 50, ""word_vision_mean_std"": 104}",41,2236,674,UNCERTAIN_REVIEW,clip,not_asserted,clip_only,1,1,1,1,-1,1,1,1,1,41,0,41,0,0,0.0,22.4045625,0.0,22.5,0.0,22.4045625,ef451953badced2ed112ba4ffb997f9d2a7e7c444a09e8092665eadd9f24109e,4066801753f5b2a2402a46e231cc1f85fd52a5970e937644b99fc1cbb3bfeb5b,ff357861a0053b817523940844e8d285a915e3aa22051b26a102cf5be7ecfef6,64184e229b263107bc2b804c6625db1341ff2bb731874b0bcc2fe6544e0bc9ff,361050112,11.060780699946918,
-HeZS2-Prhc$_$2,-HeZS2-Prhc,2,The August jobs report is out and it was seen overall as solid but not great.,15effa3af619e2681091bfb260ded02117f167a5c4be5e77fff33a4e08a8caf1,-HeZS2-Prhc/2.mp4,edb0fa22fdfbd990c8174764af78670bd2ecad799240d35d96a1124a3cd9dc0c,827334f782b1f242c84ad944a657bc7f7c63643f71ae9c977811a3eecdd3ab33,8.261979,64d296857ecebea76bbae50559e4e6cf116b47e4494b11c989d86206ba4f6f8c,PASS,features/-HeZS2-Prhc___2.npz,7d1ec36968acf60088a9e4757983a7e24983092f361b87b8e28c8dd389b7c4bb,133990,text|audio|video,8.233333333333333,"{""audio_native"": 25, ""text_word"": 768, ""video_native"": 52, ""word_audio_mean_std"": 50, ""word_vision_mean_std"": 104}",16,811,246,UNCERTAIN_REVIEW,clip,not_asserted,clip_only,1,1,1,1,-1,1,1,0,0,16,0,16,0,0,0.0,8.150875,0.0,8.233333333333333,0.0,8.150875,ef451953badced2ed112ba4ffb997f9d2a7e7c444a09e8092665eadd9f24109e,4066801753f5b2a2402a46e231cc1f85fd52a5970e937644b99fc1cbb3bfeb5b,ff357861a0053b817523940844e8d285a915e3aa22051b26a102cf5be7ecfef6,64184e229b263107bc2b804c6625db1341ff2bb731874b0bcc2fe6544e0bc9ff,356716544,2.251903499942273,
-HwX2H8Z4hY$_$2,-HwX2H8Z4hY,2,"” [President Ronald Reagan:] ""Look at the record",aa56e2f7a4375e13c2521a154e4e8fe0f57919648d0ea30ce484d2ec50919afe,-HwX2H8Z4hY/2.mp4,920a1052c09ebd1eedba6dd1ccfecd80f56f6f0fdcdd1f6dd32b0d90bcb89358,827334f782b1f242c84ad944a657bc7f7c63643f71ae9c977811a3eecdd3ab33,3.982031,6bc1d196579c1e0ed72fc69ee8df29a3b5d3d2996f9df7ef4b9c9f001efc8439,PASS,features/-HwX2H8Z4hY___2.npz,0e37bf399ec761d3957aa082f23b4f52c530cbb715cfcf38ca15c0cf116339a3,76065,text|audio|video,3.9666666666666663,"{""audio_native"": 25, ""text_word"": 768, ""video_native"": 52, ""word_audio_mean_std"": 50, ""word_vision_mean_std"": 104}",7,387,119,UNCERTAIN_REVIEW,clip,not_asserted,clip_only,1,1,1,1,-1,1,1,1,1,7,0,7,0,0,0.0,3.9158125,0.0,3.9666666666666663,0.0,3.9158125,ef451953badced2ed112ba4ffb997f9d2a7e7c444a09e8092665eadd9f24109e,4066801753f5b2a2402a46e231cc1f85fd52a5970e937644b99fc1cbb3bfeb5b,ff357861a0053b817523940844e8d285a915e3aa22051b26a102cf5be7ecfef6,64184e229b263107bc2b804c6625db1341ff2bb731874b0bcc2fe6544e0bc9ff,349880320,1.953572899918072,
-HwX2H8Z4hY$_$5,-HwX2H8Z4hY,5,""" President Ronald Reagan blamed the professional bureaucracy of education",83091121026f171a499d0396e42fa053b001e4a7958afad789966ad5dae8b5f4,-HwX2H8Z4hY/5.mp4,8d61b7f5840a8bd403d9bc6c3cd49029ffc4e304cf9c7834735c1a6bb5fd369d,827334f782b1f242c84ad944a657bc7f7c63643f71ae9c977811a3eecdd3ab33,5.652995,fc425106baa5f3500dcd2e382011592dfef0650b6d6c4c578b886852155b5261,PASS,features/-HwX2H8Z4hY___5.npz,9545196dceb73e1a749a966525ed58e72e5ac54a5c826834e561f6b49b2c075c,100526,text|audio|video,5.633333333333333,"{""audio_native"": 25, ""text_word"": 768, ""video_native"": 52, ""word_audio_mean_std"": 50, ""word_vision_mean_std"": 104}",9,550,168,UNCERTAIN_REVIEW,clip,not_asserted,clip_only,1,1,1,1,-1,1,1,1,1,9,0,9,0,0,0.0,5.5440625,0.0,5.633333333333333,0.0,5.5440625,ef451953badced2ed112ba4ffb997f9d2a7e7c444a09e8092665eadd9f24109e,4066801753f5b2a2402a46e231cc1f85fd52a5970e937644b99fc1cbb3bfeb5b,ff357861a0053b817523940844e8d285a915e3aa22051b26a102cf5be7ecfef6,64184e229b263107bc2b804c6625db1341ff2bb731874b0bcc2fe6544e0bc9ff,356642816,3.3731534000253305,
-HwX2H8Z4hY$_$6,-HwX2H8Z4hY,6,"And in part, Al Shanker did too",618c798532ff33e67232ba004904c108503dd42149fdb373f27d3b768ae275b3,-HwX2H8Z4hY/6.mp4,696576dcbd0dc42cb678fa40d8a0f0f419a3072bfa7662d653756ab29bba4c46,827334f782b1f242c84ad944a657bc7f7c63643f71ae9c977811a3eecdd3ab33,3.358008,bd1e8a30f3a72684b55326dc6f52bb52bcadbac00a630895c86c5670f8d23e92,PASS,features/-HwX2H8Z4hY___6.npz,bc5086887e53939c36d3c12ce0c32e0207dfb9d7bddb6a463d58fc6d2bbe3705,76007,text|audio|video,3.333333333333333,"{""audio_native"": 25, ""text_word"": 768, ""video_native"": 52, ""word_audio_mean_std"": 50, ""word_vision_mean_std"": 104}",7,321,99,UNCERTAIN_REVIEW,clip,not_asserted,clip_only,1,1,1,1,-1,1,1,1,1,7,0,7,0,0,0.0,3.256,0.0,3.333333333333333,0.0,3.256,ef451953badced2ed112ba4ffb997f9d2a7e7c444a09e8092665eadd9f24109e,4066801753f5b2a2402a46e231cc1f85fd52a5970e937644b99fc1cbb3bfeb5b,ff357861a0053b817523940844e8d285a915e3aa22051b26a102cf5be7ecfef6,64184e229b263107bc2b804c6625db1341ff2bb731874b0bcc2fe6544e0bc9ff,355123200,2.2720618000021204,
-HwX2H8Z4hY$_$9,-HwX2H8Z4hY,9,It is a word which the administrator uses when he turns around anything which he doesn't like that the teacher is doing,3b10844995a12418048ea027d2511506787eb76a854b8fc0a40394c812dc47a6,-HwX2H8Z4hY/9.mp4,90c18e627f27a12c14e21ba24c79edf3008762b4ac26874b490ad3f888381702,827334f782b1f242c84ad944a657bc7f7c63643f71ae9c977811a3eecdd3ab33,7.733984,56d78d36e5825c80c1a42bc7ffab5a2449a7b0920ea01bf06c42a94b9807ec93,PASS,features/-HwX2H8Z4hY___9.npz,44010b34bc95d7adb392c8697c2fe9d919e2b2e34fd7d71e14d00abf9a1d1b7d,148857,text|audio|video,7.733333333333333,"{""audio_native"": 25, ""text_word"": 768, ""video_native"": 52, ""word_audio_mean_std"": 50, ""word_vision_mean_std"": 104}",22,759,232,UNCERTAIN_REVIEW,clip,not_asserted,clip_only,1,1,1,1,-1,1,1,0,0,22,0,22,0,0,0.0,7.6363125,0.0,7.733333333333333,0.0,7.6363125,ef451953badced2ed112ba4ffb997f9d2a7e7c444a09e8092665eadd9f24109e,4066801753f5b2a2402a46e231cc1f85fd52a5970e937644b99fc1cbb3bfeb5b,ff357861a0053b817523940844e8d285a915e3aa22051b26a102cf5be7ecfef6,64184e229b263107bc2b804c6625db1341ff2bb731874b0bcc2fe6544e0bc9ff,355258368,3.0144042000174522,
-I_e4mIh0yE$_$1,-I_e4mIh0yE,1,In the United States we don't punish failure to the degree to which failure is punished in Europe.,d23b34daf050ce5e431d5074a5f31feb5e6d12db47361c02652779d42f437013,-I_e4mIh0yE/1.mp4,8453a966d4bd1f0179eb86a35cd34c0864a3a3bc2fa86f37783060cc0d14f5df,827334f782b1f242c84ad944a657bc7f7c63643f71ae9c977811a3eecdd3ab33,7.622005,294f38a405eb808a369d7f8544fb81ebb54ac078e2a80f7ea9f512c09e64d568,PASS,features/-I_e4mIh0yE___1.npz,f513e7773d7eeaea9571e7888478bfbc15b73f6fea7a89d27a7803ba15f911d8,176217,text|audio|video,7.6,"{""audio_native"": 25, ""text_word"": 768, ""video_native"": 52, ""word_audio_mean_std"": 50, ""word_vision_mean_std"": 104}",18,740,225,UNCERTAIN_REVIEW,clip,not_asserted,clip_only,1,1,1,1,-1,1,1,1,1,18,0,18,0,0,0.0,7.4443125,0.0,7.6,0.0,7.4443125,ef451953badced2ed112ba4ffb997f9d2a7e7c444a09e8092665eadd9f24109e,4066801753f5b2a2402a46e231cc1f85fd52a5970e937644b99fc1cbb3bfeb5b,ff357861a0053b817523940844e8d285a915e3aa22051b26a102cf5be7ecfef6,64184e229b263107bc2b804c6625db1341ff2bb731874b0bcc2fe6544e0bc9ff,352202752,3.434725599945523,
-I_e4mIh0yE$_$3,-I_e4mIh0yE,3,"It's perceived that you have actually learned something, over the course of your carreer, and that you won't make the mistake twice.",02d03bfe301b4e2341b12749ee8d9b03af22d4bb0b7cf06af7180495238a2005,-I_e4mIh0yE/3.mp4,a015f02ae51d74c42ad27e2a0831263a303f0658ac8d984819e27ad61342b23e,827334f782b1f242c84ad944a657bc7f7c63643f71ae9c977811a3eecdd3ab33,9.163021,d0e6d38942df2bab696ff497a3b35a232a352880202acc970e70e2bedefd6d7b,PASS,features/-I_e4mIh0yE___3.npz,7a890871fe41ffd3205f7efc7e696e4c0a819f30860e34e1f9530556a7a1fbba,208312,text|audio|video,9.133333333333333,"{""audio_native"": 25, ""text_word"": 768, ""video_native"": 52, ""word_audio_mean_std"": 50, ""word_vision_mean_std"": 104}",22,895,271,UNCERTAIN_REVIEW,clip,not_asserted,clip_only,1,1,1,1,-1,1,1,1,1,22,0,22,0,0,0.0,8.994375,0.0,9.133333333333333,0.0,8.994375,ef451953badced2ed112ba4ffb997f9d2a7e7c444a09e8092665eadd9f24109e,4066801753f5b2a2402a46e231cc1f85fd52a5970e937644b99fc1cbb3bfeb5b,ff357861a0053b817523940844e8d285a915e3aa22051b26a102cf5be7ecfef6,64184e229b263107bc2b804c6625db1341ff2bb731874b0bcc2fe6544e0bc9ff,357085184,3.9600358000025153,
-MeTTeMJBNc$_$0,-MeTTeMJBNc,0,"Okay, what happens at this point after we've taken this brief walk down memory lane, is the presentation of the gift.",d45a4c90c53d56e4ab5a94feb0eb2f9ff65b538e0dbae7d2f825e9712e1fbf6c,-MeTTeMJBNc/0.mp4,54e2097f7bdb455d243e72254e5af7ed16160739f2f3cfd22f57d2729ec1acbe,827334f782b1f242c84ad944a657bc7f7c63643f71ae9c977811a3eecdd3ab33,9.3,1a2f6b563500041e332a5f1f6d526ee4bc8800f9184f4a9d5b7b77c0c8246234,PASS,features/-MeTTeMJBNc___0.npz,9ffa166a3038372120ccb59745c34d55a656787c546da2abf2f9037735d267ba,156537,text|audio|video,9.333333333333334,"{""audio_native"": 25, ""text_word"": 768, ""video_native"": 52, ""word_audio_mean_std"": 50, ""word_vision_mean_std"": 104}",21,917,279,UNCERTAIN_REVIEW,clip,not_asserted,clip_only,1,1,1,1,-1,1,1,0,0,21,0,21,0,0,0.0,9.2183125,0.0,9.333333333333334,0.0,9.2183125,ef451953badced2ed112ba4ffb997f9d2a7e7c444a09e8092665eadd9f24109e,4066801753f5b2a2402a46e231cc1f85fd52a5970e937644b99fc1cbb3bfeb5b,ff357861a0053b817523940844e8d285a915e3aa22051b26a102cf5be7ecfef6,64184e229b263107bc2b804c6625db1341ff2bb731874b0bcc2fe6544e0bc9ff,355131392,2.5125430999323726,
-MeTTeMJBNc$_$13,-MeTTeMJBNc,13,"It just needs to be a simple statement, and then you present the gift.",c402887ff4c5a0fb3774b386105e85b03916cc55ea3f03e731045058c5eeae26,-MeTTeMJBNc/13.mp4,80c5d996e5d7b61c58e1fe32d706efcaf80c8c8cddb5c37a5c66d527786c2a44,827334f782b1f242c84ad944a657bc7f7c63643f71ae9c977811a3eecdd3ab33,5.430013,0e81bdc946f5847843752544f10118b988eac0f51bda4f084b05a049bd011d9b,PASS,features/-MeTTeMJBNc___13.npz,002f689cf1c0f9bf829b2e3861b603d4c8c75f2287798840f8f650511580c77e,101437,text|audio|video,5.3999999999999995,"{""audio_native"": 25, ""text_word"": 768, ""video_native"": 52, ""word_audio_mean_std"": 50, ""word_vision_mean_std"": 104}",14,521,159,UNCERTAIN_REVIEW,clip,not_asserted,clip_only,1,1,1,1,-1,1,1,0,0,14,0,14,0,0,0.0,5.2555,0.0,5.3999999999999995,0.0,5.2555,ef451953badced2ed112ba4ffb997f9d2a7e7c444a09e8092665eadd9f24109e,4066801753f5b2a2402a46e231cc1f85fd52a5970e937644b99fc1cbb3bfeb5b,ff357861a0053b817523940844e8d285a915e3aa22051b26a102cf5be7ecfef6,64184e229b263107bc2b804c6625db1341ff2bb731874b0bcc2fe6544e0bc9ff,353783808,1.6275337999686599,
-MeTTeMJBNc$_$7,-MeTTeMJBNc,7,"Maybe you could find a picture of the couple from their wedding or sometime in their life, or maybe even a current picture and have it put in a beautiful frame.",92d6e9fd047cc71b66015cff4b3c738c9b0231d578f9f801e309692ff9e76ea9,-MeTTeMJBNc/7.mp4,40716dc7402fd6398038eded58ce939ec76be6afbeea346b968bf4c427088f3a,827334f782b1f242c84ad944a657bc7f7c63643f71ae9c977811a3eecdd3ab33,10.516992,834fe031eab1f830699afaeb5af4dab63ae70062349e084939182552d060399b,PASS,features/-MeTTeMJBNc___7.npz,5292cd24978a06fccb0722185c87d404bc3c85cdb6ded80984ecbd60d27999d5,198337,text|audio|video,10.5,"{""audio_native"": 25, ""text_word"": 768, ""video_native"": 52, ""word_audio_mean_std"": 50, ""word_vision_mean_std"": 104}",31,1037,314,UNCERTAIN_REVIEW,clip,not_asserted,clip_only,1,1,1,1,-1,1,1,0,0,31,0,31,0,0,0.0,10.4113125,0.0,10.5,0.0,10.4113125,ef451953badced2ed112ba4ffb997f9d2a7e7c444a09e8092665eadd9f24109e,4066801753f5b2a2402a46e231cc1f85fd52a5970e937644b99fc1cbb3bfeb5b,ff357861a0053b817523940844e8d285a915e3aa22051b26a102cf5be7ecfef6,64184e229b263107bc2b804c6625db1341ff2bb731874b0bcc2fe6544e0bc9ff,350560256,2.7733863999601454,
-NFrJFQijFE$_$1,-NFrJFQijFE,1,Structural mounts inside have to be properly stress analyzed so we make sure all that happens,75e12c6de3cb640beb5aac76a35cf09208da4865e50a409f075998199f2b904b,-NFrJFQijFE/1.mp4,d8fcf16c6eb51c56947ec3d0549c6f3bc7a0cf1fc5f5d89e8b38d4249a08db4f,827334f782b1f242c84ad944a657bc7f7c63643f71ae9c977811a3eecdd3ab33,5.746,de7ea06474140cd64ec268dabbd65a38e6274c07d3387e758b30ab6f4e595793,PASS,features/-NFrJFQijFE___1.npz,794c1d239188f7c703eb1548987355ffd40b30ce400ce4b505bb3e5ad731f3cf,105086,text|audio|video,5.72,"{""audio_native"": 25, ""text_word"": 768, ""video_native"": 52, ""word_audio_mean_std"": 50, ""word_vision_mean_std"": 104}",16,561,142,UNCERTAIN_REVIEW,clip,not_asserted,clip_only,1,1,1,1,-1,1,1,0,0,16,0,16,0,0,0.0,5.658875,0.0,5.72,0.0,5.658875,ef451953badced2ed112ba4ffb997f9d2a7e7c444a09e8092665eadd9f24109e,4066801753f5b2a2402a46e231cc1f85fd52a5970e937644b99fc1cbb3bfeb5b,ff357861a0053b817523940844e8d285a915e3aa22051b26a102cf5be7ecfef6,64184e229b263107bc2b804c6625db1341ff2bb731874b0bcc2fe6544e0bc9ff,355278848,2.1665932999458164,
-NFrJFQijFE$_$2,-NFrJFQijFE,2,So we coordinate with all the proper technical fields to get ready for the instrument to arrive here,e3fa55c11a999a6030adcdfc65b49fa787b504a4b2e3b643e9819463b6436fb9,-NFrJFQijFE/2.mp4,a54a5c144a64f5abd26b19aafa6cea8142ee08e9385fa508fa70c934f6b616c1,827334f782b1f242c84ad944a657bc7f7c63643f71ae9c977811a3eecdd3ab33,6.856,31fa835fc71098c0dd9d875e0ff84f724c60ee501ddfd9da723640907c8316fa,PASS,features/-NFrJFQijFE___2.npz,18eef4a991644e631b31dba3a6b2a07562ecd808ed47ec11f8b107977a928e0c,119364,text|audio|video,6.84,"{""audio_native"": 25, ""text_word"": 768, ""video_native"": 52, ""word_audio_mean_std"": 50, ""word_vision_mean_std"": 104}",18,665,169,UNCERTAIN_REVIEW,clip,not_asserted,clip_only,1,1,1,1,-1,1,1,0,0,18,0,18,0,0,0.0,6.6983125,0.0,6.84,0.0,6.6983125,ef451953badced2ed112ba4ffb997f9d2a7e7c444a09e8092665eadd9f24109e,4066801753f5b2a2402a46e231cc1f85fd52a5970e937644b99fc1cbb3bfeb5b,ff357861a0053b817523940844e8d285a915e3aa22051b26a102cf5be7ecfef6,64184e229b263107bc2b804c6625db1341ff2bb731874b0bcc2fe6544e0bc9ff,355651584,2.4495307999895886,
-RfYyzHpjk4$_$11,-RfYyzHpjk4,11,"So get your friends lined up, get your business colleagues lined up and have a good time.",a270bb05e4028b233a7b24185137fa42eafda19ff26fba42416ce4c9a43aed2f,-RfYyzHpjk4/11.mp4,96e481cd732001239639c8cb4e7f94e570925e5a15940920ffab0cec1f13f904,827334f782b1f242c84ad944a657bc7f7c63643f71ae9c977811a3eecdd3ab33,5.238997,a1191ec5a5b872530ea477b52634bc0aa9cbf565cfe040c6666bab52afbcb000,PASS,features/-RfYyzHpjk4___11.npz,a49433ce6203e57280561eef9cde23b38fb5d498b209f6fa1b1a361ea7ebe217,142928,text|audio|video,5.233333333333333,"{""audio_native"": 25, ""text_word"": 768, ""video_native"": 52, ""word_audio_mean_std"": 50, ""word_vision_mean_std"": 104}",17,503,154,UNCERTAIN_REVIEW,clip,not_asserted,clip_only,1,1,1,1,-1,1,1,1,1,17,0,17,0,0,0.0,5.074875,0.0,5.233333333333333,0.0,5.074875,ef451953badced2ed112ba4ffb997f9d2a7e7c444a09e8092665eadd9f24109e,4066801753f5b2a2402a46e231cc1f85fd52a5970e937644b99fc1cbb3bfeb5b,ff357861a0053b817523940844e8d285a915e3aa22051b26a102cf5be7ecfef6,64184e229b263107bc2b804c6625db1341ff2bb731874b0bcc2fe6544e0bc9ff,356454400,3.289434300037101,
-RfYyzHpjk4$_$2,-RfYyzHpjk4,2,"You can make a conference call but it takes quite a bit of planning, well not a lot of planning it's pretty easy to do.",cfcd8b471a2463bbf3a57796635230abb520d2fdf4c7ca9237e6e992af68a2bf,-RfYyzHpjk4/2.mp4,5e428ee22de58c9d6561b9b4353bef9dfb811a5841d9ab07b5bc453d697ad17f,827334f782b1f242c84ad944a657bc7f7c63643f71ae9c977811a3eecdd3ab33,5.516016,1bea61d6f13fd2a8beaa5dc3e0d8346a68c76487d3a991c2d7a141ee3a6e0956,PASS,features/-RfYyzHpjk4___2.npz,318b461bb00df5a66fca92b2077f62b09b3447927030581bb7e2eee46b199bc2,170939,text|audio|video,5.5,"{""audio_native"": 25, ""text_word"": 768, ""video_native"": 52, ""word_audio_mean_std"": 50, ""word_vision_mean_std"": 104}",25,535,164,UNCERTAIN_REVIEW,clip,not_asserted,clip_only,1,1,1,1,-1,1,1,1,1,25,0,25,0,0,0.0,5.3918125,0.0,5.5,0.0,5.3918125,ef451953badced2ed112ba4ffb997f9d2a7e7c444a09e8092665eadd9f24109e,4066801753f5b2a2402a46e231cc1f85fd52a5970e937644b99fc1cbb3bfeb5b,ff357861a0053b817523940844e8d285a915e3aa22051b26a102cf5be7ecfef6,64184e229b263107bc2b804c6625db1341ff2bb731874b0bcc2fe6544e0bc9ff,357842944,3.1384589000372216,
-RfYyzHpjk4$_$8,-RfYyzHpjk4,8,"It's pretty, pretty easy to do but you got to set up those numbers ahead of time.",d3555b14bb47b174fbff361f276899a48984d7c17f63c0199df6ce993808d135,-RfYyzHpjk4/8.mp4,ed8c672c532b8c7d1c830c82d6e2c14fcb3bbd3dc1a86670a03a6c8e83c02f3c,827334f782b1f242c84ad944a657bc7f7c63643f71ae9c977811a3eecdd3ab33,4.588997,8c9ef2757c40c4033310f42b2abc4778a6639a008be8adadc8e4d279a62abdd9,PASS,features/-RfYyzHpjk4___8.npz,cef05ed3496ea77fface77507bd99171f3a556680bdbe05a7568c2528050e9d9,134320,text|audio|video,4.566666666666666,"{""audio_native"": 25, ""text_word"": 768, ""video_native"": 52, ""word_audio_mean_std"": 50, ""word_vision_mean_std"": 104}",17,449,137,UNCERTAIN_REVIEW,clip,not_asserted,clip_only,1,1,1,1,-1,1,1,1,1,17,0,17,0,0,0.0,4.532375,0.0,4.566666666666666,0.0,4.532375,ef451953badced2ed112ba4ffb997f9d2a7e7c444a09e8092665eadd9f24109e,4066801753f5b2a2402a46e231cc1f85fd52a5970e937644b99fc1cbb3bfeb5b,ff357861a0053b817523940844e8d285a915e3aa22051b26a102cf5be7ecfef6,64184e229b263107bc2b804c6625db1341ff2bb731874b0bcc2fe6544e0bc9ff,357851136,3.12621230003424,
-THoVjtIkeU$_$12,-THoVjtIkeU,12,"What ever we turn our attention to is what grows and so if we believe that anything is possible, if we believe that social justice can be achieved and if we believe in youth, they will believe in themselves.",f66e02fa0f0d11a8a87d7ae6eb144d2983f235e0767c6e8e717ad6081831c0d9,-THoVjtIkeU/12.mp4,e2f148f4f2e74724dc13b3ce870a0ce6a06740cfc224f5a9b3d0a870b196e7d4,827334f782b1f242c84ad944a657bc7f7c63643f71ae9c977811a3eecdd3ab33,14.896029,098bd594cdf3ac85b405924d35f30a097f44ff3d6a17c0ad80ba299fffa0f056,PASS,features/-THoVjtIkeU___12.npz,1a7e9280601575edcc6dfe0d49b70988101d0677b6075a403c8a8d61d20718bd,340707,text|audio|video,14.866666666666667,"{""audio_native"": 25, ""text_word"": 768, ""video_native"": 52, ""word_audio_mean_std"": 50, ""word_vision_mean_std"": 104}",39,1476,445,UNCERTAIN_REVIEW,clip,not_asserted,clip_only,1,1,1,1,-1,1,1,1,1,39,0,39,0,0,0.0,14.8055625,0.0,14.866666666666667,0.0,14.8055625,ef451953badced2ed112ba4ffb997f9d2a7e7c444a09e8092665eadd9f24109e,4066801753f5b2a2402a46e231cc1f85fd52a5970e937644b99fc1cbb3bfeb5b,ff357861a0053b817523940844e8d285a915e3aa22051b26a102cf5be7ecfef6,64184e229b263107bc2b804c6625db1341ff2bb731874b0bcc2fe6544e0bc9ff,353484800,6.301821700064465,
-THoVjtIkeU$_$2,-THoVjtIkeU,2,I think social justice is extremely important for young people.,1094289c482666b9c7624027542558ecac07bc45a9c2977d3bb964c8431b64d7,-THoVjtIkeU/2.mp4,35a6c2464ffd68dd96411edb5dc2763f0efb59f264c1d8b737e616fa6b0d1d5b,827334f782b1f242c84ad944a657bc7f7c63643f71ae9c977811a3eecdd3ab33,4.291992,01449719afa17e0cd0e81c8057dc1b6d1bda5268fe1aca8a43648ee6359c92e7,PASS,features/-THoVjtIkeU___2.npz,7bb946f14cf7c1a2e924404984d6f27dc14246c012c848dd702fde5973b661ab,107869,text|audio|video,4.266666666666667,"{""audio_native"": 25, ""text_word"": 768, ""video_native"": 52, ""word_audio_mean_std"": 50, ""word_vision_mean_std"": 104}",10,419,128,UNCERTAIN_REVIEW,clip,not_asserted,clip_only,1,1,1,1,-1,1,1,1,1,10,0,10,0,0,0.0,4.230875,0.0,4.266666666666667,0.0,4.230875,ef451953badced2ed112ba4ffb997f9d2a7e7c444a09e8092665eadd9f24109e,4066801753f5b2a2402a46e231cc1f85fd52a5970e937644b99fc1cbb3bfeb5b,ff357861a0053b817523940844e8d285a915e3aa22051b26a102cf5be7ecfef6,64184e229b263107bc2b804c6625db1341ff2bb731874b0bcc2fe6544e0bc9ff,350883840,2.208512599929236,
-THoVjtIkeU$_$6,-THoVjtIkeU,6,"You know that I think listening to young people, taking in what they have to say because what we have seen all around the world is the power of youth.",ff0a44df1b28408b6c2cc3ac9c9ca75ba39a594ed59ec2244b25efa93ca7290f,-THoVjtIkeU/6.mp4,efaa55ee6394032c867046690a92c29edfd825005f0a090cca5ccb763b227f64,827334f782b1f242c84ad944a657bc7f7c63643f71ae9c977811a3eecdd3ab33,8.097005,ebc1805f8554addaaa9e3da87cb56f003058b928b9323f6a63c3ba98fcae64b7,PASS,features/-THoVjtIkeU___6.npz,0b6eb4d0d28e89b2cbd335292194092fbf6b0e0233933890bd8a327fb42cc286,219764,text|audio|video,8.066666666666666,"{""audio_native"": 25, ""text_word"": 768, ""video_native"": 52, ""word_audio_mean_std"": 50, ""word_vision_mean_std"": 104}",30,794,241,UNCERTAIN_REVIEW,clip,not_asserted,clip_only,1,1,1,1,-1,1,1,1,1,30,0,30,0,0,0.0,7.982875,0.0,8.066666666666666,0.0,7.982875,ef451953badced2ed112ba4ffb997f9d2a7e7c444a09e8092665eadd9f24109e,4066801753f5b2a2402a46e231cc1f85fd52a5970e937644b99fc1cbb3bfeb5b,ff357861a0053b817523940844e8d285a915e3aa22051b26a102cf5be7ecfef6,64184e229b263107bc2b804c6625db1341ff2bb731874b0bcc2fe6544e0bc9ff,352034816,3.5779524000827223,
-UUCSKoHeMA$_$0,-UUCSKoHeMA,0,"I mentioned a word in the last clip called 'monotone', and I want to talk about that briefly.",06066cdd3a69188d9b551d1dd8ab73440d1fb35427cc9d6269c9167249435175,-UUCSKoHeMA/0.mp4,3f9792888ec8e969f61cfb6cb4de7bdf7ef8944afe0a9d2a9d13586e1f13b898,827334f782b1f242c84ad944a657bc7f7c63643f71ae9c977811a3eecdd3ab33,7.8,bfb0792effffafaf838689c11e94792894bd5b8c0b9e85c427208a616a659c56,PASS,features/-UUCSKoHeMA___0.npz,7249c48faa2782e73a12cd87daf0de02f7361235f3349d20926e9074e3a09455,135798,text|audio|video,7.866666666666666,"{""audio_native"": 25, ""text_word"": 768, ""video_native"": 52, ""word_audio_mean_std"": 50, ""word_vision_mean_std"": 104}",18,769,234,UNCERTAIN_REVIEW,clip,not_asserted,clip_only,1,1,1,1,-1,1,1,0,0,18,0,18,0,0,0.0,7.73225,0.0,7.866666666666666,0.0,7.73225,ef451953badced2ed112ba4ffb997f9d2a7e7c444a09e8092665eadd9f24109e,4066801753f5b2a2402a46e231cc1f85fd52a5970e937644b99fc1cbb3bfeb5b,ff357861a0053b817523940844e8d285a915e3aa22051b26a102cf5be7ecfef6,64184e229b263107bc2b804c6625db1341ff2bb731874b0bcc2fe6544e0bc9ff,349581312,2.0490351000335068,
-UacrmKiTn4$_$10,-UacrmKiTn4,10,"Because, if they are not in any way held accountable for reading the material they won't do it.",e98b82a28182435ec3271a7d4f2d1732c3f387153858f3d3fb72566293411a96,-UacrmKiTn4/10.mp4,00312e0602dbeac970de5d7dd0e8a970e514fe45d7fe6625b4f454b299e36360,827334f782b1f242c84ad944a657bc7f7c63643f71ae9c977811a3eecdd3ab33,7.361979,cbc2a33a966e60c046efd48eb1e66351c0395a80fd8c24f03f32179fed38b017,PASS,features/-UacrmKiTn4___10.npz,998f9db9635bc63b4426ea5106cecbce4c5881d809be65ac264be246073b9603,134224,text|audio|video,7.333333333333333,"{""audio_native"": 25, ""text_word"": 768, ""video_native"": 52, ""word_audio_mean_std"": 50, ""word_vision_mean_std"": 104}",18,720,218,UNCERTAIN_REVIEW,clip,not_asserted,clip_only,1,1,1,1,-1,1,1,0,0,18,0,18,0,0,0.0,7.2420625,0.0,7.333333333333333,0.0,7.2420625,ef451953badced2ed112ba4ffb997f9d2a7e7c444a09e8092665eadd9f24109e,4066801753f5b2a2402a46e231cc1f85fd52a5970e937644b99fc1cbb3bfeb5b,ff357861a0053b817523940844e8d285a915e3aa22051b26a102cf5be7ecfef6,64184e229b263107bc2b804c6625db1341ff2bb731874b0bcc2fe6544e0bc9ff,357261312,2.2257933999644592,
-UacrmKiTn4$_$4,-UacrmKiTn4,4,Just given to their own devices they are not going to read the textbook.,32cee8f979caa3ad38c4e527ae93bb899043bcc4e353f76f7d7a2588ba9a25fb,-UacrmKiTn4/4.mp4,a7f2ab0d6ee2e2a2d5cd4239f03e6cac67c618ddb744891323df3ff87e29af84,827334f782b1f242c84ad944a657bc7f7c63643f71ae9c977811a3eecdd3ab33,4.741016,3f04c96e238a751f2270ce83dcfb0561dc1a2704fd234d38a47a5872c70cb3b2,PASS,features/-UacrmKiTn4___4.npz,6b681341c6ee453dfeb3e2e483a01267216d478e4446135065fb5aacd603121c,99280,text|audio|video,4.733333333333333,"{""audio_native"": 25, ""text_word"": 768, ""video_native"": 52, ""word_audio_mean_std"": 50, ""word_vision_mean_std"": 104}",14,464,142,UNCERTAIN_REVIEW,clip,not_asserted,clip_only,1,1,1,1,-1,1,1,0,0,14,0,14,0,0,0.0,4.6819375,0.0,4.733333333333333,0.0,4.6819375,ef451953badced2ed112ba4ffb997f9d2a7e7c444a09e8092665eadd9f24109e,4066801753f5b2a2402a46e231cc1f85fd52a5970e937644b99fc1cbb3bfeb5b,ff357861a0053b817523940844e8d285a915e3aa22051b26a102cf5be7ecfef6,64184e229b263107bc2b804c6625db1341ff2bb731874b0bcc2fe6544e0bc9ff,354598912,1.5589327999623492,
-UuX1xuaiiE$_$0,-UuX1xuaiiE,0,^it's amazing to see their enthusiasm and their passion,8e5864e1c240de55cb429cbd6230768d64e623a24c60872473907ba801977530,-UuX1xuaiiE/0.mp4,f578b305d53bc152702f5e771de0fcd12d1e9aaefc5cefce3d2082a417aab7c8,827334f782b1f242c84ad944a657bc7f7c63643f71ae9c977811a3eecdd3ab33,3.633333,bb0eea15f40c05492a9d36922cd197b11a8b030e1e70c6296891aed8c299073b,PASS,features/-UuX1xuaiiE___0.npz,fe213e0d80214afff6c2bf4130dd65b5fcc03fd3d5da0689f9a173ff4431c335,90379,text|audio|video,3.6999999999999997,"{""audio_native"": 25, ""text_word"": 768, ""video_native"": 52, ""word_audio_mean_std"": 50, ""word_vision_mean_std"": 104}",9,353,109,TRI_MODAL_WORD_VALID,word,confirmed_match,word_valid,1,1,1,1,1,1,1,1,1,9,9,9,9,6,0.0,3.575875,0.0,3.6999999999999997,0.0,3.575875,ef451953badced2ed112ba4ffb997f9d2a7e7c444a09e8092665eadd9f24109e,4066801753f5b2a2402a46e231cc1f85fd52a5970e937644b99fc1cbb3bfeb5b,ff357861a0053b817523940844e8d285a915e3aa22051b26a102cf5be7ecfef6,64184e229b263107bc2b804c6625db1341ff2bb731874b0bcc2fe6544e0bc9ff,358510592,2.2423602000344545,
-UuX1xuaiiE$_$1,-UuX1xuaiiE,1,^And all of them are really being able to explore ^these different areas in depth ^in a way that really wasn't available ^before the center was here,36409a672db653d61653e4d4502ae82ccf959f80d172199022b6fa0ee66a6477,-UuX1xuaiiE/1.mp4,d5bbda38fcec15817d2b87bab5dcc559d6d425f7d28a82e6c32d13f14b48650c,827334f782b1f242c84ad944a657bc7f7c63643f71ae9c977811a3eecdd3ab33,10.35,c83164fa4d3b2bfffd8f52fa42910a93a4a3680360e7f02a9c9143ebeef40f54,PASS,features/-UuX1xuaiiE___1.npz,ae2dffdfd11d0f91f8fdedd8355e1a007e24fd96535110ea93d6b42c890b7e7f,185891,text|audio|video,10.333333333333334,"{""audio_native"": 25, ""text_word"": 768, ""video_native"": 52, ""word_audio_mean_std"": 50, ""word_vision_mean_std"": 104}",27,1022,309,UNCERTAIN_REVIEW,clip,not_asserted,clip_only,1,1,1,1,-1,1,1,1,1,27,0,27,0,0,0.0,10.2675,0.0,10.333333333333334,0.0,10.2675,ef451953badced2ed112ba4ffb997f9d2a7e7c444a09e8092665eadd9f24109e,4066801753f5b2a2402a46e231cc1f85fd52a5970e937644b99fc1cbb3bfeb5b,ff357861a0053b817523940844e8d285a915e3aa22051b26a102cf5be7ecfef6,64184e229b263107bc2b804c6625db1341ff2bb731874b0bcc2fe6544e0bc9ff,357441536,3.9336672999197617,
-UuX1xuaiiE$_$3,-UuX1xuaiiE,3,My goal is to become a human rights lawyer,da42f76b0ced73cc78ae3f0b290e2ee611d19e3556bb76d62c3c6230d4cc4b2d,-UuX1xuaiiE/3.mp4,eddb408f25bdc13e6de2fb74caeed709cb7a8f00640e7897135330437f66a2aa,827334f782b1f242c84ad944a657bc7f7c63643f71ae9c977811a3eecdd3ab33,4.130013,67aa2373cea3143a37fd70133c2312ea7a29269a8e111b978367c1be0015124d,PASS,features/-UuX1xuaiiE___3.npz,42c1fdb303f836047a67755cf97e062d8ab7d8941f78ca5ef0d7a9e41e2a865b,103554,text|audio|video,4.1,"{""audio_native"": 25, ""text_word"": 768, ""video_native"": 52, ""word_audio_mean_std"": 50, ""word_vision_mean_std"": 104}",9,399,123,UNCERTAIN_REVIEW,clip,not_asserted,clip_only,1,1,1,1,-1,1,1,1,1,9,0,9,0,0,0.0,4.038375,0.0,4.1,0.0,4.038375,ef451953badced2ed112ba4ffb997f9d2a7e7c444a09e8092665eadd9f24109e,4066801753f5b2a2402a46e231cc1f85fd52a5970e937644b99fc1cbb3bfeb5b,ff357861a0053b817523940844e8d285a915e3aa22051b26a102cf5be7ecfef6,64184e229b263107bc2b804c6625db1341ff2bb731874b0bcc2fe6544e0bc9ff,358322176,2.7597831999883056,
-UuX1xuaiiE$_$6,-UuX1xuaiiE,6,"I ended up going to work for the US government as an intelligence analyst, specializing in war crimes and human rights issues",e2c054ac967686a1759bc7948266e76b60f24856b1b576db92ae86e8e7280c59,-UuX1xuaiiE/6.mp4,f0131ac00e44410fbd32c547a0d421c2791172434fc0203bb969abe14a530532,827334f782b1f242c84ad944a657bc7f7c63643f71ae9c977811a3eecdd3ab33,8.113997,a7658d3ce3cdd88039de780eaf90998064be41949521cbc11818332204b25cb7,PASS,features/-UuX1xuaiiE___6.npz,539db8bc7cfc2eecc20af737f99c1660bc90726d952572fdf85fbb05bed8b267,195751,text|audio|video,8.1,"{""audio_native"": 25, ""text_word"": 768, ""video_native"": 52, ""word_audio_mean_std"": 50, ""word_vision_mean_std"": 104}",22,790,240,UNCERTAIN_REVIEW,clip,not_asserted,clip_only,1,1,1,1,-1,1,1,1,1,22,0,22,0,0,0.0,7.9438125,0.0,8.1,0.0,7.9438125,ef451953badced2ed112ba4ffb997f9d2a7e7c444a09e8092665eadd9f24109e,4066801753f5b2a2402a46e231cc1f85fd52a5970e937644b99fc1cbb3bfeb5b,ff357861a0053b817523940844e8d285a915e3aa22051b26a102cf5be7ecfef6,64184e229b263107bc2b804c6625db1341ff2bb731874b0bcc2fe6544e0bc9ff,351510528,4.718757199938409,
-a55Q6RWvTA$_$3,-a55Q6RWvTA,3,"And if you clip coupons, if you don't go out for dinner and movies and things of that nature and try to take up things in life that, well, they always say, ""the best things in life are free"". Reading a book, going for a nice walk, and, of course, combining exercise and various things of that nature where you're not spending money per se.",5fb87ab22ab30d653f463a042dfff4de8e1c86ce158ec88a819411df55941943,-a55Q6RWvTA/3.mp4,15d029fc15f50b268b98f1e8abc65e45582e638c13a018d7aa74a18373275946,827334f782b1f242c84ad944a657bc7f7c63643f71ae9c977811a3eecdd3ab33,22.153971,41f6a33d3bdeb548dd1a0ebf73295fd705aa5b4ab502dc2806360b1bd21c0f17,PASS,features/-a55Q6RWvTA___3.npz,2e7fef8b3d035523a3e3add830dc5db175da2ad4ea93a0d41ef0aaa8719551ac,531286,text|audio|video,22.133333333333336,"{""audio_native"": 25, ""text_word"": 768, ""video_native"": 52, ""word_audio_mean_std"": 50, ""word_vision_mean_std"": 104}",65,2204,664,UNCERTAIN_REVIEW,clip,not_asserted,clip_only,1,1,1,1,-1,1,1,1,1,65,0,65,0,0,0.0,22.0833125,0.0,22.133333333333336,0.0,22.0833125,ef451953badced2ed112ba4ffb997f9d2a7e7c444a09e8092665eadd9f24109e,4066801753f5b2a2402a46e231cc1f85fd52a5970e937644b99fc1cbb3bfeb5b,ff357861a0053b817523940844e8d285a915e3aa22051b26a102cf5be7ecfef6,64184e229b263107bc2b804c6625db1341ff2bb731874b0bcc2fe6544e0bc9ff,359481344,8.63833169999998,
-aNfi7CP8vM$_$7,-aNfi7CP8vM,7,"Maybe they have no political party affiliation, they're not interested in politics, they could care less about politics.",357d31bd7a85ead03ed7bf23ff3965388e78d86c59f3558e607c4a58dd982e22,-aNfi7CP8vM/7.mp4,0b6389f45bb966113c65a11998c6e7facdd24c8c42acf2e8cf32e0f2139402e1,827334f782b1f242c84ad944a657bc7f7c63643f71ae9c977811a3eecdd3ab33,8.694987,045997977a6e70d3914cea2214caf8006c87a8e22ea9bbfa21dc4159dbfdc68f,PASS,features/-aNfi7CP8vM___7.npz,66dd504e53c2a5204e129ee6142bc60943b29af7e0c95d97f9af24b72612784a,208281,text|audio|video,8.666666666666666,"{""audio_native"": 25, ""text_word"": 768, ""video_native"": 52, ""word_audio_mean_std"": 50, ""word_vision_mean_std"": 104}",18,849,257,TRI_MODAL_WORD_VALID,word,confirmed_match,word_valid,1,1,1,1,1,1,1,1,1,18,18,18,18,18,0.0,8.5376875,0.0,8.666666666666666,0.0,8.5376875,ef451953badced2ed112ba4ffb997f9d2a7e7c444a09e8092665eadd9f24109e,4066801753f5b2a2402a46e231cc1f85fd52a5970e937644b99fc1cbb3bfeb5b,ff357861a0053b817523940844e8d285a915e3aa22051b26a102cf5be7ecfef6,64184e229b263107bc2b804c6625db1341ff2bb731874b0bcc2fe6544e0bc9ff,351313920,3.5960831999545917,
-aqamKhZ1Ec$_$0,-aqamKhZ1Ec,0,"In 2008, there were very serious tribal warfare in Kenya following a disputed election.",ed2e5d24b8326f2cbd41f06d9e1606746a1f9c302ad47e65723605f6fa9fed1e,-aqamKhZ1Ec/0.mp4,6f6e674bbba4353399e9e7825217f37e6d8ca1adf9675f33cf37106f31c55548,827334f782b1f242c84ad944a657bc7f7c63643f71ae9c977811a3eecdd3ab33,10.966667,306dcfa4c29a68e99f6be671245bcd0c1f61c4b67e614620982fcf9d56719e0d,PASS,features/-aqamKhZ1Ec___0.npz,37b3083ff3596076e626640cb9f11626c4e9bec9ed079a4e6cd38e074960f9ca,209795,text|audio|video,11.0,"{""audio_native"": 25, ""text_word"": 768, ""video_native"": 52, ""word_audio_mean_std"": 50, ""word_vision_mean_std"": 104}",14,1085,329,UNCERTAIN_REVIEW,clip,not_asserted,clip_only,1,1,1,1,-1,1,1,1,1,14,0,14,0,0,0.0,10.8901875,0.0,11.0,0.0,10.8901875,ef451953badced2ed112ba4ffb997f9d2a7e7c444a09e8092665eadd9f24109e,4066801753f5b2a2402a46e231cc1f85fd52a5970e937644b99fc1cbb3bfeb5b,ff357861a0053b817523940844e8d285a915e3aa22051b26a102cf5be7ecfef6,64184e229b263107bc2b804c6625db1341ff2bb731874b0bcc2fe6544e0bc9ff,353898496,5.499894200009294,
-dxfTGcXJoc$_$0,-dxfTGcXJoc,0,"This is Governor Steve Beshear ... About Kentucky Our state is home to more than 1,500 bioscience and lifescience companies and more than 100,000 people who work for these firms, in areas from nutrigenomics and pharmaceuticals to nanotechnology and medical devices.",ea04aec85b49688311b4655200ca5363047258d662d7b7aa1155b3dc0e767090,-dxfTGcXJoc/0.mp4,04bd0be907fb46c613f926fe1b06bc2c3b30881c293156510baa34a4105ade55,827334f782b1f242c84ad944a657bc7f7c63643f71ae9c977811a3eecdd3ab33,20.5,3b72a9a5af8f6015c1036f4e41549df48a28a68ac911d2a060477928177b94b5,PASS,features/-dxfTGcXJoc___0.npz,1aa95daaeb0bdd9f4d4bc0238f8f2049d02ec276ad5f2c86550597d11b8b78ae,398871,text|audio|video,20.533333333333335,"{""audio_native"": 25, ""text_word"": 768, ""video_native"": 52, ""word_audio_mean_std"": 50, ""word_vision_mean_std"": 104}",40,2037,615,UNCERTAIN_REVIEW,clip,not_asserted,clip_only,1,1,1,1,-1,1,1,1,1,40,0,40,0,0,0.0,20.410375,0.0,20.533333333333335,0.0,20.410375,ef451953badced2ed112ba4ffb997f9d2a7e7c444a09e8092665eadd9f24109e,4066801753f5b2a2402a46e231cc1f85fd52a5970e937644b99fc1cbb3bfeb5b,ff357861a0053b817523940844e8d285a915e3aa22051b26a102cf5be7ecfef6,64184e229b263107bc2b804c6625db1341ff2bb731874b0bcc2fe6544e0bc9ff,355106816,6.813057700055651,
-dxfTGcXJoc$_$1,-dxfTGcXJoc,1,"For the 10th straight year, some of Kentucky’s best and most innovative biotech companies and technologies were on display at the annual BIO International Convention, which I and other state officials attended this week in Chicago.",7264a3b8886102eedba485807edbb00abad90e60f85c1bc21cf23395b498ebfa,-dxfTGcXJoc/1.mp4,b5ffdc98a4a98b8f0aae55dee5fed66a43bcb129f47a250a004c1cc74e572595,827334f782b1f242c84ad944a657bc7f7c63643f71ae9c977811a3eecdd3ab33,16.161003,eb628f01a67ae7726543e3401ca17ac5c8cf3625341eb45e223cb292b9b55497,PASS,features/-dxfTGcXJoc___1.npz,648e081472056cee1f577577a1b016c1152e1d76d71f6583d76e59ca69e0acea,352149,text|audio|video,16.133333333333336,"{""audio_native"": 25, ""text_word"": 768, ""video_native"": 52, ""word_audio_mean_std"": 50, ""word_vision_mean_std"": 104}",36,1597,482,UNCERTAIN_REVIEW,clip,not_asserted,clip_only,1,1,1,1,-1,1,1,1,1,36,0,36,0,0,0.0,16.018125,0.0,16.133333333333336,0.0,16.018125,ef451953badced2ed112ba4ffb997f9d2a7e7c444a09e8092665eadd9f24109e,4066801753f5b2a2402a46e231cc1f85fd52a5970e937644b99fc1cbb3bfeb5b,ff357861a0053b817523940844e8d285a915e3aa22051b26a102cf5be7ecfef6,64184e229b263107bc2b804c6625db1341ff2bb731874b0bcc2fe6544e0bc9ff,359759872,5.962391500012018,
-dxfTGcXJoc$_$2,-dxfTGcXJoc,2,"An estimated 20,000 biotech scientists, executives and industry experts from more than 50 nations were at the BIO conference to learn about the latest scientific advances, and to exchange ideas and establish business relationships.",c699d0a24ff210a5e70956097ac4961a7553b2d75e062c316e536e3eadb0613c,-dxfTGcXJoc/2.mp4,46a5e523b5dd00364c99a3bcbc6fae4c80e1382a84b5b5e681c46eb074ed10f7,827334f782b1f242c84ad944a657bc7f7c63643f71ae9c977811a3eecdd3ab33,16.697982,47d6844b283e79398cf4d75bfefd1cd1c5f2f5da66b9cc108afa7ac942eedeee,PASS,features/-dxfTGcXJoc___2.npz,3c1bac1cbff7febfa150d53cdd1efbd366f836d98939afc52bc9ec653c2498af,354411,text|audio|video,16.666666666666668,"{""audio_native"": 25, ""text_word"": 768, ""video_native"": 52, ""word_audio_mean_std"": 50, ""word_vision_mean_std"": 104}",34,1659,500,UNCERTAIN_REVIEW,clip,not_asserted,clip_only,1,1,1,1,-1,1,1,1,1,34,0,34,0,0,0.0,16.6331875,0.0,16.666666666666668,0.0,16.6331875,ef451953badced2ed112ba4ffb997f9d2a7e7c444a09e8092665eadd9f24109e,4066801753f5b2a2402a46e231cc1f85fd52a5970e937644b99fc1cbb3bfeb5b,ff357861a0053b817523940844e8d285a915e3aa22051b26a102cf5be7ecfef6,64184e229b263107bc2b804c6625db1341ff2bb731874b0bcc2fe6544e0bc9ff,360976384,6.126567599945702,
-dxfTGcXJoc$_$6,-dxfTGcXJoc,6,Kentucky’s participation at the annual BIO International Convention is the primary means by which our high-tech companies and institutions can reach out to the global scientific community.,a835a8ff3f92a75b95e7c95daf1308a6b60b7e938cae5e893630c64c5291e076,-dxfTGcXJoc/6.mp4,55c1ff86729ab21da743a5107ed07b220e41b4193cd1c0ba9f009e65c3ab0513,827334f782b1f242c84ad944a657bc7f7c63643f71ae9c977811a3eecdd3ab33,12.735026,c0cc4146bd608c3ecfab402434c6e6b2e54197a272131312d1905365e333325b,PASS,features/-dxfTGcXJoc___6.npz,41103eb96bca182dcc64c648df70e0a9683da2c55568c96a808ffcfc919da9ac,276882,text|audio|video,12.733333333333333,"{""audio_native"": 25, ""text_word"": 768, ""video_native"": 52, ""word_audio_mean_std"": 50, ""word_vision_mean_std"": 104}",27,1258,381,UNCERTAIN_REVIEW,clip,not_asserted,clip_only,1,1,1,1,-1,1,1,1,1,27,0,27,0,0,0.0,12.6284375,0.0,12.733333333333333,0.0,12.6284375,ef451953badced2ed112ba4ffb997f9d2a7e7c444a09e8092665eadd9f24109e,4066801753f5b2a2402a46e231cc1f85fd52a5970e937644b99fc1cbb3bfeb5b,ff357861a0053b817523940844e8d285a915e3aa22051b26a102cf5be7ecfef6,64184e229b263107bc2b804c6625db1341ff2bb731874b0bcc2fe6544e0bc9ff,353792000,4.831811900017783,
-egA8-b7-3M$_$1,-egA8-b7-3M,1,I started a successful Legal Nurse Consulting Business in 1989. I mentor nurses who want to become Legal Nurse Consultants.,51a43241a4907afa84e3ba3f9fc188eb045a2d63c24a6fe67b7f4a9a60b59dd5,-egA8-b7-3M/1.mp4,589a7989b1b4888568c31614a2d6beefba88fb87289c85b94df2d8051500403b,827334f782b1f242c84ad944a657bc7f7c63643f71ae9c977811a3eecdd3ab33,10.266016,24259b2c53ebd51008d667079e6691120205c43a0e5c687d0e192f50ef37f4f0,PASS,features/-egA8-b7-3M___1.npz,7ac7ca4b8a88d855bd02b46fca98d25efc47353a77dbcf650c5658d993b1ade8,225790,text|audio|video,10.233333333333333,"{""audio_native"": 25, ""text_word"": 768, ""video_native"": 52, ""word_audio_mean_std"": 50, ""word_vision_mean_std"": 104}",20,1011,306,UNCERTAIN_REVIEW,clip,not_asserted,clip_only,1,1,1,1,-1,1,1,1,1,20,0,20,0,0,0.0,10.15625,0.0,10.233333333333333,0.0,10.15625,ef451953badced2ed112ba4ffb997f9d2a7e7c444a09e8092665eadd9f24109e,4066801753f5b2a2402a46e231cc1f85fd52a5970e937644b99fc1cbb3bfeb5b,ff357861a0053b817523940844e8d285a915e3aa22051b26a102cf5be7ecfef6,64184e229b263107bc2b804c6625db1341ff2bb731874b0bcc2fe6544e0bc9ff,354799616,4.159155900008045,
-egA8-b7-3M$_$13,-egA8-b7-3M,13,"What are you doing that's different?"" They always want an answer.",31e06bfd066f5eabfce83f6afbb3fe97c0c1f20c4dc5f88fd29ab92b7e2dced2,-egA8-b7-3M/13.mp4,cbd627c225ebca37521ae238cb9ec254cad236822f4f37ebfbb039e6c56aea4c,827334f782b1f242c84ad944a657bc7f7c63643f71ae9c977811a3eecdd3ab33,4.183984,184af4a81162b2d936710e70c764c97cf7b48217f42dea36d734681e329800a6,PASS,features/-egA8-b7-3M___13.npz,a5f384f1ca1db9e5e064b1a5b36df61accd931d757c26feb81068868afe68c47,108875,text|audio|video,4.166666666666667,"{""audio_native"": 25, ""text_word"": 768, ""video_native"": 52, ""word_audio_mean_std"": 50, ""word_vision_mean_std"": 104}",11,398,123,UNCERTAIN_REVIEW,clip,not_asserted,clip_only,1,1,1,1,-1,1,1,1,1,11,0,11,0,0,0.0,4.023875,0.0,4.166666666666667,0.0,4.023875,ef451953badced2ed112ba4ffb997f9d2a7e7c444a09e8092665eadd9f24109e,4066801753f5b2a2402a46e231cc1f85fd52a5970e937644b99fc1cbb3bfeb5b,ff357861a0053b817523940844e8d285a915e3aa22051b26a102cf5be7ecfef6,64184e229b263107bc2b804c6625db1341ff2bb731874b0bcc2fe6544e0bc9ff,352677888,2.05867269996088,
-egA8-b7-3M$_$16,-egA8-b7-3M,16,"Third, another big benefit of exhibiting is connecting with existing clients.",6b3a71aaf936c46a861b702c61b5ba0c2984cc60da992f39a725919994fc5b2a,-egA8-b7-3M/16.mp4,4c015f85e3bd901ecedde8c0c2ca4a756d9a77dfe4177625c481581f2037ff9c,827334f782b1f242c84ad944a657bc7f7c63643f71ae9c977811a3eecdd3ab33,5.538021,509f305bc06ac313c2ab15fdf6fd3e3544bad6b951d2d6b851e7de9e170bc986,PASS,features/-egA8-b7-3M___16.npz,390b1f40da83e4353d810c18e69ee0b0ea7f1f58400f18d14d4d4fb28dc8cf6a,130939,text|audio|video,5.533333333333333,"{""audio_native"": 25, ""text_word"": 768, ""video_native"": 52, ""word_audio_mean_std"": 50, ""word_vision_mean_std"": 104}",11,544,166,UNCERTAIN_REVIEW,clip,not_asserted,clip_only,1,1,1,1,-1,1,1,1,1,11,0,11,0,0,0.0,5.483,0.0,5.533333333333333,0.0,5.483,ef451953badced2ed112ba4ffb997f9d2a7e7c444a09e8092665eadd9f24109e,4066801753f5b2a2402a46e231cc1f85fd52a5970e937644b99fc1cbb3bfeb5b,ff357861a0053b817523940844e8d285a915e3aa22051b26a102cf5be7ecfef6,64184e229b263107bc2b804c6625db1341ff2bb731874b0bcc2fe6544e0bc9ff,352735232,2.5502755999332294,
-egA8-b7-3M$_$17,-egA8-b7-3M,17,"As you have more experience, you have more times exhibiting, you get to know more people.",979b2fe6ff1090964be7311d2794106640028a26397f696f3410b16d440cf6e0,-egA8-b7-3M/17.mp4,f967e81e0edd51c3700671721afb3fbecbbc32652f27d2db40ea444e8d80c68f,827334f782b1f242c84ad944a657bc7f7c63643f71ae9c977811a3eecdd3ab33,7.271029,fc52aceac3271d7d7a7927b72b69652a76459c826fa074353292f178e4874458,PASS,features/-egA8-b7-3M___17.npz,ed62a26a5e97c02db8738a2f47411108d0da38f4e8487c46d5bde31caeb61548,167284,text|audio|video,7.266666666666667,"{""audio_native"": 25, ""text_word"": 768, ""video_native"": 52, ""word_audio_mean_std"": 50, ""word_vision_mean_std"": 104}",16,705,215,UNCERTAIN_REVIEW,clip,not_asserted,clip_only,1,1,1,1,-1,1,1,1,1,16,0,16,0,0,0.0,7.09525,0.0,7.266666666666667,0.0,7.09525,ef451953badced2ed112ba4ffb997f9d2a7e7c444a09e8092665eadd9f24109e,4066801753f5b2a2402a46e231cc1f85fd52a5970e937644b99fc1cbb3bfeb5b,ff357861a0053b817523940844e8d285a915e3aa22051b26a102cf5be7ecfef6,64184e229b263107bc2b804c6625db1341ff2bb731874b0bcc2fe6544e0bc9ff,354172928,3.1386771000688896,
-egA8-b7-3M$_$18,-egA8-b7-3M,18,It becomes easier at each one of these conferences to connect with people that you've met or that you're doing business with.,f9ca5d6cd8092dfb86bf9c24e1bf22bb2020a88c30e5d6895f15d8334badfeb3,-egA8-b7-3M/18.mp4,fd4bc95a6adfb16a9588b7ed65cc2812186ce3d607804dc76f4486312951ef90,827334f782b1f242c84ad944a657bc7f7c63643f71ae9c977811a3eecdd3ab33,8.386003,9115a114cd70f7be09f12c36b445bc62f333ae59aefdbed18abf14e85bc89502,PASS,features/-egA8-b7-3M___18.npz,2ecc69f8e59ce9ce562f94fe37a2c1196f55bafb0d8aa66c11696c999de8f61c,202431,text|audio|video,8.366666666666667,"{""audio_native"": 25, ""text_word"": 768, ""video_native"": 52, ""word_audio_mean_std"": 50, ""word_vision_mean_std"": 104}",22,822,250,UNCERTAIN_REVIEW,clip,not_asserted,clip_only,1,1,1,1,-1,1,1,1,1,22,0,22,0,0,0.0,8.2656875,0.0,8.366666666666667,0.0,8.2656875,ef451953badced2ed112ba4ffb997f9d2a7e7c444a09e8092665eadd9f24109e,4066801753f5b2a2402a46e231cc1f85fd52a5970e937644b99fc1cbb3bfeb5b,ff357861a0053b817523940844e8d285a915e3aa22051b26a102cf5be7ecfef6,64184e229b263107bc2b804c6625db1341ff2bb731874b0bcc2fe6544e0bc9ff,354033664,3.5043444999027997,
-egA8-b7-3M$_$20,-egA8-b7-3M,20,"Now you've got a face that you can connect with a voice, and that makes you closer to that client.",2997ee5650dda6f858bcc4f971f157b26b57bca319f3db435c46b6bc9dfc01d3,-egA8-b7-3M/20.mp4,719ef133920e74b3ea33925d2bca0270b062199116867568f88ac83cadcd74e8,827334f782b1f242c84ad944a657bc7f7c63643f71ae9c977811a3eecdd3ab33,6.644987,c6aeef37b70161c5b1d9504a99314757be8a76b85468d8b3136a3bff706744d9,PASS,features/-egA8-b7-3M___20.npz,b88419333d05422c9ccf3989becfaccb0e02d811e9f0fb58e85dfdb884e5f467,169983,text|audio|video,6.633333333333333,"{""audio_native"": 25, ""text_word"": 768, ""video_native"": 52, ""word_audio_mean_std"": 50, ""word_vision_mean_std"": 104}",20,643,196,UNCERTAIN_REVIEW,clip,not_asserted,clip_only,1,1,1,1,-1,1,1,1,1,20,0,20,0,0,0.0,6.4744375,0.0,6.633333333333333,0.0,6.4744375,ef451953badced2ed112ba4ffb997f9d2a7e7c444a09e8092665eadd9f24109e,4066801753f5b2a2402a46e231cc1f85fd52a5970e937644b99fc1cbb3bfeb5b,ff357861a0053b817523940844e8d285a915e3aa22051b26a102cf5be7ecfef6,64184e229b263107bc2b804c6625db1341ff2bb731874b0bcc2fe6544e0bc9ff,353185792,2.953545100055635,
-egA8-b7-3M$_$26,-egA8-b7-3M,26,We're updating it all the time and looking forward to your comments on our videos.,57dfcca31da6ebc3890da73654c8b44346d78eae2f1ee8bc8ad41f39b2b8fc10,-egA8-b7-3M/26.mp4,11f78aed680ea9c5862a15e04ff6c1f8776c46d29c98b68d28773ff39d959685,827334f782b1f242c84ad944a657bc7f7c63643f71ae9c977811a3eecdd3ab33,6.03099,ac9c39595b9b855d9a00c159395ed3f0927c5c6adc93081f71906846f9eda546,PASS,features/-egA8-b7-3M___26.npz,366dab98aa5c03f860362dbdf6546c52cf72e4665b3415c17d0b4500150d10ec,148961,text|audio|video,6.0,"{""audio_native"": 25, ""text_word"": 768, ""video_native"": 52, ""word_audio_mean_std"": 50, ""word_vision_mean_std"": 104}",15,588,179,UNCERTAIN_REVIEW,clip,not_asserted,clip_only,1,1,1,1,-1,1,1,1,1,15,0,15,0,0,0.0,5.9205625,0.0,6.0,0.0,5.9205625,ef451953badced2ed112ba4ffb997f9d2a7e7c444a09e8092665eadd9f24109e,4066801753f5b2a2402a46e231cc1f85fd52a5970e937644b99fc1cbb3bfeb5b,ff357861a0053b817523940844e8d285a915e3aa22051b26a102cf5be7ecfef6,64184e229b263107bc2b804c6625db1341ff2bb731874b0bcc2fe6544e0bc9ff,354242560,2.691047400003299,
-egA8-b7-3M$_$6,-egA8-b7-3M,6,First exhibiting is a wonderful opportunity to network with other legal vendors.,b98c6975a7f19c8f12491fc3bb3d8d605950b41615c28e4631c3363aefbe8de6,-egA8-b7-3M/6.mp4,2e88a00d5e55863aa956b4b0949fc0e4f2975ccfd83b3194957f6fca86ecfce0,827334f782b1f242c84ad944a657bc7f7c63643f71ae9c977811a3eecdd3ab33,6.264974,5bdecd21f3e03bd12dcffe1da8602e6ede93e24a1c0b742e379bab54b719ed8f,PASS,features/-egA8-b7-3M___6.npz,b4488fefc36f2e7a46b9d53118f441363fab67d87672d1638a0f3fc447248e2f,144189,text|audio|video,6.233333333333333,"{""audio_native"": 25, ""text_word"": 768, ""video_native"": 52, ""word_audio_mean_std"": 50, ""word_vision_mean_std"": 104}",12,614,187,UNCERTAIN_REVIEW,clip,not_asserted,clip_only,1,1,1,1,-1,1,1,1,1,12,0,12,0,0,0.0,6.183125,0.0,6.233333333333333,0.0,6.183125,ef451953badced2ed112ba4ffb997f9d2a7e7c444a09e8092665eadd9f24109e,4066801753f5b2a2402a46e231cc1f85fd52a5970e937644b99fc1cbb3bfeb5b,ff357861a0053b817523940844e8d285a915e3aa22051b26a102cf5be7ecfef6,64184e229b263107bc2b804c6625db1341ff2bb731874b0bcc2fe6544e0bc9ff,353234944,2.8423222000710666,
-egA8-b7-3M$_$9,-egA8-b7-3M,9,"Secondly, another goal of exhibiting  is building your company image.",8200dcc9204cbda2b4c2f4dc70ed0f502f5160841a03fe67d16870219cf30d90,-egA8-b7-3M/9.mp4,bcd643f328616312eae9b28e6c9aabbe8acaec3e4c4be58daeb45e3eee4d973c,827334f782b1f242c84ad944a657bc7f7c63643f71ae9c977811a3eecdd3ab33,5.089974,e2582d247aa76e51c97bd8ba6804950b0de685944f3437e184fd193a959d12c6,PASS,features/-egA8-b7-3M___9.npz,48b1dcfb5788d44693d856146ed9663bb13fe0351b883d7016feb4c3675eff07,126873,text|audio|video,5.066666666666666,"{""audio_native"": 25, ""text_word"": 768, ""video_native"": 52, ""word_audio_mean_std"": 50, ""word_vision_mean_std"": 104}",10,489,150,TRI_MODAL_WORD_VALID,word,confirmed_match,word_valid,1,1,1,1,1,1,1,1,1,10,10,10,10,10,0.0,4.936125,0.0,5.066666666666666,0.0,4.936125,ef451953badced2ed112ba4ffb997f9d2a7e7c444a09e8092665eadd9f24109e,4066801753f5b2a2402a46e231cc1f85fd52a5970e937644b99fc1cbb3bfeb5b,ff357861a0053b817523940844e8d285a915e3aa22051b26a102cf5be7ecfef6,64184e229b263107bc2b804c6625db1341ff2bb731874b0bcc2fe6544e0bc9ff,352780288,2.429880499956198,
-hnBHBN8p5A$_$6,-hnBHBN8p5A,6,"Discussion, how to discuss ideas and opinions more effectively than a native speaker",efd53156234a6fe19e1d8ddffac7dc78c44efc68a0a2f293dc30821bfdd094b8,-hnBHBN8p5A/6.mp4,997f6808ac3973ddd71800e91c8e10755c10b5037186d84348a79e00d672fdc7,827334f782b1f242c84ad944a657bc7f7c63643f71ae9c977811a3eecdd3ab33,6.401,3fbbf544d575e2863ec867e2a447542f5dbdd2fc796b35d4de31f4a3a83f941e,PASS,features/-hnBHBN8p5A___6.npz,b53eaba5dbc11ff883382cdae2df59fed568d7f976221ac5469c8091eb5d9196,114118,text|audio|video,6.381366666666667,"{""audio_native"": 25, ""text_word"": 768, ""video_native"": 52, ""word_audio_mean_std"": 50, ""word_vision_mean_std"": 104}",13,629,153,UNCERTAIN_REVIEW,clip,not_asserted,clip_only,1,1,1,1,-1,1,1,1,1,13,0,13,0,0,0.0,6.3328125,0.0,6.381366666666667,0.0,6.3328125,ef451953badced2ed112ba4ffb997f9d2a7e7c444a09e8092665eadd9f24109e,4066801753f5b2a2402a46e231cc1f85fd52a5970e937644b99fc1cbb3bfeb5b,ff357861a0053b817523940844e8d285a915e3aa22051b26a102cf5be7ecfef6,64184e229b263107bc2b804c6625db1341ff2bb731874b0bcc2fe6544e0bc9ff,358723584,2.5232442000415176,
-hnBHBN8p5A$_$7,-hnBHBN8p5A,7,"Picture this, before we actually start hacking, we’re in a room formal setting",96598849754d0594dd898377ebd1f8ce193af1491d5f002050f6dea780c7ca2f,-hnBHBN8p5A/7.mp4,0ec6fb76226315d3fafbb483e3500e60cc8a6729617b10e4b4b76163595080fb,827334f782b1f242c84ad944a657bc7f7c63643f71ae9c977811a3eecdd3ab33,7.372,2a6a8dca07f9c1171ded337f399f731908686d95d78e0142a0a76ab2eb5d38b5,PASS,features/-hnBHBN8p5A___7.npz,6be4d6e26faadb7a4b79b06fb4a68bb64c352f40031bb65af7ca12cc1a2922a1,116555,text|audio|video,7.3406666666666665,"{""audio_native"": 25, ""text_word"": 768, ""video_native"": 52, ""word_audio_mean_std"": 50, ""word_vision_mean_std"": 104}",13,726,176,UNCERTAIN_REVIEW,clip,not_asserted,clip_only,1,1,1,1,-1,1,1,0,0,13,0,13,0,0,0.0,7.3085625,0.0,7.3406666666666665,0.0,7.3085625,ef451953badced2ed112ba4ffb997f9d2a7e7c444a09e8092665eadd9f24109e,4066801753f5b2a2402a46e231cc1f85fd52a5970e937644b99fc1cbb3bfeb5b,ff357861a0053b817523940844e8d285a915e3aa22051b26a102cf5be7ecfef6,64184e229b263107bc2b804c6625db1341ff2bb731874b0bcc2fe6544e0bc9ff,357531648,2.672522700042464,
-iRBcNs9oI8$_$3,-iRBcNs9oI8,3,"Well, it is the secret of power pose",74ff88671014acdb3aa95ed965c04e597c2894bc5e2510e834841372ec31d977,-iRBcNs9oI8/3.mp4,39c547acd1a8da2ebc6c6ab008191a5676420398a974cd9611cad087f0ccec50,827334f782b1f242c84ad944a657bc7f7c63643f71ae9c977811a3eecdd3ab33,5.621,dca407710d5bbc4eb4c06a7c307ec5b83516f67e994ce7f36ff1f5003d67b52b,PASS,features/-iRBcNs9oI8___3.npz,c2975e94a4eef839c8a63c231e83166360b9b3d044322acdbfe35239430d5a04,92798,text|audio|video,5.6056,"{""audio_native"": 25, ""text_word"": 768, ""video_native"": 52, ""word_audio_mean_std"": 50, ""word_vision_mean_std"": 104}",8,549,167,UNCERTAIN_REVIEW,clip,not_asserted,clip_only,1,1,1,1,-1,1,1,0,0,8,0,8,0,0,0.0,5.53825,0.0,5.6056,0.0,5.53825,ef451953badced2ed112ba4ffb997f9d2a7e7c444a09e8092665eadd9f24109e,4066801753f5b2a2402a46e231cc1f85fd52a5970e937644b99fc1cbb3bfeb5b,ff357861a0053b817523940844e8d285a915e3aa22051b26a102cf5be7ecfef6,64184e229b263107bc2b804c6625db1341ff2bb731874b0bcc2fe6544e0bc9ff,356339712,2.1570655000396073,
-iRBcNs9oI8$_$6,-iRBcNs9oI8,6,What is a power pose,8b90c98e534344214d67a63ba80f4382929724c610d096f5740da1b2b8bfb1f5,-iRBcNs9oI8/6.mp4,030b0b8d8d4ae47799432ab71b66fcc881f077c5b0feef892c1f146dc0a592e3,827334f782b1f242c84ad944a657bc7f7c63643f71ae9c977811a3eecdd3ab33,2.903,1efa853c15b3c398a8ff60e1577180607a5a77b7f602452c441d9e2f76de4ac0,PASS,features/-iRBcNs9oI8___6.npz,bb757aa31994d6ea64c143d32a91d17b601edf6bed8dc3d33c772ea2e9582667,59352,text|audio|video,2.8695333333333335,"{""audio_native"": 25, ""text_word"": 768, ""video_native"": 52, ""word_audio_mean_std"": 50, ""word_vision_mean_std"": 104}",5,278,85,UNCERTAIN_REVIEW,clip,not_asserted,clip_only,1,1,1,1,-1,1,1,0,0,5,0,5,0,0,0.0,2.8204375,0.0,2.8695333333333335,0.0,2.8204375,ef451953badced2ed112ba4ffb997f9d2a7e7c444a09e8092665eadd9f24109e,4066801753f5b2a2402a46e231cc1f85fd52a5970e937644b99fc1cbb3bfeb5b,ff357861a0053b817523940844e8d285a915e3aa22051b26a102cf5be7ecfef6,64184e229b263107bc2b804c6625db1341ff2bb731874b0bcc2fe6544e0bc9ff,356462592,1.6000826999079436,
-iRBcNs9oI8$_$7,-iRBcNs9oI8,7,"Well, for starters, let's look at the word ""power""",f2ccb178171be521c123b772104e205402a7397a3add0912e887c1df79b2da01,-iRBcNs9oI8/7.mp4,cc7b1c7a06ec41d72007b5c42fb8036f30b66d5cf76e3f093160c22fc5e38081,827334f782b1f242c84ad944a657bc7f7c63643f71ae9c977811a3eecdd3ab33,4.104,34e6a1d97f23e4bd9310f1a453fedd4b8f2f97227a68a7abd53544c6ef205dcc,PASS,features/-iRBcNs9oI8___7.npz,05e61ec4ea7d788063f6673a617f45c1affcc325e1845e5b5eb4145d8d3f1730,81487,text|audio|video,4.070733333333333,"{""audio_native"": 25, ""text_word"": 768, ""video_native"": 52, ""word_audio_mean_std"": 50, ""word_vision_mean_std"": 104}",9,396,120,AV_VALID_TEXT_UNALIGNED,clip,confirmed_mismatch,unavailable,1,1,1,1,1,1,1,0,0,9,0,9,0,0,0.0,4.00575,0.0,4.070733333333333,0.0,4.00575,ef451953badced2ed112ba4ffb997f9d2a7e7c444a09e8092665eadd9f24109e,4066801753f5b2a2402a46e231cc1f85fd52a5970e937644b99fc1cbb3bfeb5b,ff357861a0053b817523940844e8d285a915e3aa22051b26a102cf5be7ecfef6,64184e229b263107bc2b804c6625db1341ff2bb731874b0bcc2fe6544e0bc9ff,356032512,1.9831932000815868,
-iRBcNs9oI8$_$8,-iRBcNs9oI8,8,"I've drawn this man here, and if you can tell, he has a lot of big muscles, he looks very strong",8bf39f02221f36bddb8b51da6b6156a29d9cb435c1b1294db873b5956fc6e0a1,-iRBcNs9oI8/8.mp4,72a49e3da2862addcde033bd2fbae957d086533664ca4dcbccd3a851bcd50412,827334f782b1f242c84ad944a657bc7f7c63643f71ae9c977811a3eecdd3ab33,8.093,6cb4afbc812a588c0fa46201802561778812dbf11fb1344d07bb4d6ffdca3000,PASS,features/-iRBcNs9oI8___8.npz,5ac112521b995237bb4295abaf307f41eae796af1b2cb0935ee86b2941d585d7,152594,text|audio|video,8.074733333333333,"{""audio_native"": 25, ""text_word"": 768, ""video_native"": 52, ""word_audio_mean_std"": 50, ""word_vision_mean_std"": 104}",21,798,241,UNCERTAIN_REVIEW,clip,not_asserted,clip_only,1,1,1,1,-1,1,1,0,0,21,0,21,0,0,0.0,8.0260625,0.0,8.074733333333333,0.0,8.0260625,ef451953badced2ed112ba4ffb997f9d2a7e7c444a09e8092665eadd9f24109e,4066801753f5b2a2402a46e231cc1f85fd52a5970e937644b99fc1cbb3bfeb5b,ff357861a0053b817523940844e8d285a915e3aa22051b26a102cf5be7ecfef6,64184e229b263107bc2b804c6625db1341ff2bb731874b0bcc2fe6544e0bc9ff,356040704,2.8389700999250636,
-iRBcNs9oI8$_$9,-iRBcNs9oI8,9,Power is similar to strength,77cfcd2dd3fe84ebeb9790e9e6d4c6cabd5e5ba4fdabfd581963eebbd450fba7,-iRBcNs9oI8/9.mp4,352bdcc73d3622d6abac1b09f2039b211d15b9bf7acee66f0b07783c9b7a4c74,827334f782b1f242c84ad944a657bc7f7c63643f71ae9c977811a3eecdd3ab33,3.416,841c96591f891a4f535b83cb8c8bff6b4d57ad994e54bc9bef646145f828d3e7,PASS,features/-iRBcNs9oI8___9.npz,cfc64221e4073f1a08635b022c39c18597e37f9e1fc7805040aa3f48064c5aae,61952,text|audio|video,3.4034,"{""audio_native"": 25, ""text_word"": 768, ""video_native"": 52, ""word_audio_mean_std"": 50, ""word_vision_mean_std"": 104}",5,333,102,UNCERTAIN_REVIEW,clip,not_asserted,clip_only,1,1,1,1,-1,1,1,0,0,5,0,5,0,0,0.0,3.3740625,0.0,3.4034,0.0,3.3740625,ef451953badced2ed112ba4ffb997f9d2a7e7c444a09e8092665eadd9f24109e,4066801753f5b2a2402a46e231cc1f85fd52a5970e937644b99fc1cbb3bfeb5b,ff357861a0053b817523940844e8d285a915e3aa22051b26a102cf5be7ecfef6,64184e229b263107bc2b804c6625db1341ff2bb731874b0bcc2fe6544e0bc9ff,355692544,1.736677800072357,
-lzEya4AM_4$_$5,-lzEya4AM_4,5,"If it falls into oh any of those three categories, inducing nausea and vomiting would be your next step.",35fcdf82141bdf73ce0241597e565d4fd002ccc799d6dd0ad3d1ef73c7752968,-lzEya4AM_4/5.mp4,3b74de8d0e66fd754594f05985e5af3480adcc03555f79225d3b727cb4bed043,827334f782b1f242c84ad944a657bc7f7c63643f71ae9c977811a3eecdd3ab33,7.675,f6c9ba0996e0324d1c9bd2e511e89eb29f50db329f8889233806c1fae19ad564,PASS,features/-lzEya4AM_4___5.npz,9cb1a24e093230b9ea2b04c5f81dc98c8ec831d44fff7b428d75096a67747c6c,137186,text|audio|video,7.666666666666667,"{""audio_native"": 25, ""text_word"": 768, ""video_native"": 52, ""word_audio_mean_std"": 50, ""word_vision_mean_std"": 104}",19,752,229,UNCERTAIN_REVIEW,clip,not_asserted,clip_only,1,1,1,1,-1,1,1,0,0,19,0,19,0,0,0.0,7.5696875,0.0,7.666666666666667,0.0,7.5696875,ef451953badced2ed112ba4ffb997f9d2a7e7c444a09e8092665eadd9f24109e,4066801753f5b2a2402a46e231cc1f85fd52a5970e937644b99fc1cbb3bfeb5b,ff357861a0053b817523940844e8d285a915e3aa22051b26a102cf5be7ecfef6,64184e229b263107bc2b804c6625db1341ff2bb731874b0bcc2fe6544e0bc9ff,357748736,1.8824396999552846,
-lzEya4AM_4$_$6,-lzEya4AM_4,6,"If the product or poison is some type of petroleum product or corrosive product, you would not attempt to induce vomiting and nausea, as as the product burned on the way down it could cause damage and burning on the way back up.",fabeff19e5d6ebada7f1781ee2216e38f9de68a5663ff81db310a970026924ef,-lzEya4AM_4/6.mp4,ff5da5afb551001d58100ed2471caea51c741046d5396957efbf40082307ca18,827334f782b1f242c84ad944a657bc7f7c63643f71ae9c977811a3eecdd3ab33,14.791992,aefcdf300e0f7d6b2ddabaf762fb4f177116a1bc120667850ec9b9ebdfddded0,PASS,features/-lzEya4AM_4___6.npz,bf4dd6f249bad0ddeeb9ae4c5a4d6a9f2bd5080a5e04c37ef621e057ee4d11e3,267005,text|audio|video,14.766666666666666,"{""audio_native"": 25, ""text_word"": 768, ""video_native"": 52, ""word_audio_mean_std"": 50, ""word_vision_mean_std"": 104}",43,1470,443,UNCERTAIN_REVIEW,clip,not_asserted,clip_only,1,1,1,1,-1,1,1,0,0,43,0,43,0,0,0.0,14.740375,0.0,14.766666666666666,0.0,14.740375,ef451953badced2ed112ba4ffb997f9d2a7e7c444a09e8092665eadd9f24109e,4066801753f5b2a2402a46e231cc1f85fd52a5970e937644b99fc1cbb3bfeb5b,ff357861a0053b817523940844e8d285a915e3aa22051b26a102cf5be7ecfef6,64184e229b263107bc2b804c6625db1341ff2bb731874b0bcc2fe6544e0bc9ff,359219200,4.126678200089373,
-mJ2ud6oKI8$_$1,-mJ2ud6oKI8,1,There are a dozen or more hands on techniques that we can do,26b67ad884639a25bddf06e9d77bcea529051bb8110a660e2f2742558c093b4d,-mJ2ud6oKI8/1.mp4,c8e3acb4ca08679796c4c8cdfcd8c2b3cffc0465015efaffa1eccdb55ff4f45b,827334f782b1f242c84ad944a657bc7f7c63643f71ae9c977811a3eecdd3ab33,6.103,ea2dfabb0bf2d71e7e3e8ce26b6be89ee7a59f06c83f10848318ae77647039bf,PASS,features/-mJ2ud6oKI8___1.npz,c7f654db0ee445a212414f95dd790bfb1408aef57e30e0b056f5f7737e241132,63296,text|audio|video,6.072733333333334,"{""audio_native"": 25, ""text_word"": 768, ""video_native"": 52, ""word_audio_mean_std"": 50, ""word_vision_mean_std"": 104}",13,601,182,TRI_MODAL_WITH_AUDIO_CONTENT_INVALID,clip,no_speech,clip_only,1,1,1,1,0,1,1,0,0,13,0,13,0,0,0.0,6.0545,0.0,6.072733333333334,0.0,6.0545,ef451953badced2ed112ba4ffb997f9d2a7e7c444a09e8092665eadd9f24109e,4066801753f5b2a2402a46e231cc1f85fd52a5970e937644b99fc1cbb3bfeb5b,ff357861a0053b817523940844e8d285a915e3aa22051b26a102cf5be7ecfef6,64184e229b263107bc2b804c6625db1341ff2bb731874b0bcc2fe6544e0bc9ff,354004992,2.196472299983725,
-mJ2ud6oKI8$_$2,-mJ2ud6oKI8,2,So physical therapists and chiropractors will do joint manipulations and mobilizations,672f0f80a7c9d3bdfe1dc1ab5a611f4dd39f48cbf8cc92518fc2d9a63106f872,-mJ2ud6oKI8/2.mp4,c41790f8b75f886bd1f5d6d72cbab1985306d0b715e5ae47203f3d0c8a3e7b28,827334f782b1f242c84ad944a657bc7f7c63643f71ae9c977811a3eecdd3ab33,5.731,c9ab373876f69443244fc9d1093df7cab0a21213d87ac028bbe8fd00674c80e3,PASS,features/-mJ2ud6oKI8___2.npz,54762d9c34d385cb925b552e995c8159faad2b1bf79e253481cd99314a7b9c88,57266,text|audio|video,5.7057,"{""audio_native"": 25, ""text_word"": 768, ""video_native"": 52, ""word_audio_mean_std"": 50, ""word_vision_mean_std"": 104}",11,566,171,TRI_MODAL_WITH_AUDIO_CONTENT_INVALID,clip,no_speech,clip_only,1,1,1,1,0,1,1,0,0,11,0,11,0,0,0.0,5.7016875,0.0,5.7057,0.0,5.7016875,ef451953badced2ed112ba4ffb997f9d2a7e7c444a09e8092665eadd9f24109e,4066801753f5b2a2402a46e231cc1f85fd52a5970e937644b99fc1cbb3bfeb5b,ff357861a0053b817523940844e8d285a915e3aa22051b26a102cf5be7ecfef6,64184e229b263107bc2b804c6625db1341ff2bb731874b0bcc2fe6544e0bc9ff,353890304,2.5786431001033634,
-mJ2ud6oKI8$_$6,-mJ2ud6oKI8,6,They are all very safe,f405d94b07de80ee5c8ec3140ca886ef28f35821d5e3484172a0e3dd8a510f80,-mJ2ud6oKI8/6.mp4,134a3a4ebbc423760133b0da0e90cfe84d75ea85df3968000afd84153c5d828d,827334f782b1f242c84ad944a657bc7f7c63643f71ae9c977811a3eecdd3ab33,2.257,2d65a1171ad8a65a1ada457fdb405750220e733e752e73b78270821e3a5cdf2f,PASS,features/-mJ2ud6oKI8___6.npz,3b9730bce6f9f4a9180bcce9f56c9a09f91bdb795859e80e7db95802f13f696c,65464,text|audio|video,2.2355666666666667,"{""audio_native"": 25, ""text_word"": 768, ""video_native"": 52, ""word_audio_mean_std"": 50, ""word_vision_mean_std"": 104}",5,218,67,AV_VALID_TEXT_UNALIGNED,clip,confirmed_mismatch,unavailable,1,1,1,1,1,1,1,1,1,5,0,5,0,0,0.0,2.228125,0.0,2.2355666666666667,0.0,2.228125,ef451953badced2ed112ba4ffb997f9d2a7e7c444a09e8092665eadd9f24109e,4066801753f5b2a2402a46e231cc1f85fd52a5970e937644b99fc1cbb3bfeb5b,ff357861a0053b817523940844e8d285a915e3aa22051b26a102cf5be7ecfef6,64184e229b263107bc2b804c6625db1341ff2bb731874b0bcc2fe6544e0bc9ff,355033088,1.6022347999969497,
-mJ2ud6oKI8$_$8,-mJ2ud6oKI8,8,Sometimes we have to stretch that joint that is already irritated,2e12bc73d35a01c69f16156d6cb6f845532fd8e0876dc09ff94424e559b52515,-mJ2ud6oKI8/8.mp4,6af6614c9838417a48c4817f4dd5bf1e6669eb5f78f983e9a68adc113fcdc7cc,827334f782b1f242c84ad944a657bc7f7c63643f71ae9c977811a3eecdd3ab33,4.192,41ca0976e5610e6e8683ce36f45036e8461a1e92d9640f92aaddf7ec2f08d81f,PASS,features/-mJ2ud6oKI8___8.npz,11016e5399d02d36298e2c3e7207caa41b4ec05d6e870037bf0651997b0152d9,110767,text|audio|video,4.171375,"{""audio_native"": 25, ""text_word"": 768, ""video_native"": 52, ""word_audio_mean_std"": 50, ""word_vision_mean_std"": 104}",11,413,125,AV_VALID_TEXT_UNALIGNED,clip,confirmed_mismatch,unavailable,1,1,1,1,1,1,1,1,1,11,0,11,0,0,0.0,4.171375,0.0,4.170833333333333,0.0,4.170833333333333,ef451953badced2ed112ba4ffb997f9d2a7e7c444a09e8092665eadd9f24109e,4066801753f5b2a2402a46e231cc1f85fd52a5970e937644b99fc1cbb3bfeb5b,ff357861a0053b817523940844e8d285a915e3aa22051b26a102cf5be7ecfef6,64184e229b263107bc2b804c6625db1341ff2bb731874b0bcc2fe6544e0bc9ff,356003840,2.5856632000068203,
-mJ2ud6oKI8$_$9,-mJ2ud6oKI8,9,"It's safe and the person will feel better later on, but it's sort of like flossing your teeth for the first time",765d339019d906539f8b80ef2a5d82081fafe052d9e525595c6bedb30d822753,-mJ2ud6oKI8/9.mp4,df3442f3ed8f894b507923e87e426ae9636790a4a502d00c350a215270cc3e47,827334f782b1f242c84ad944a657bc7f7c63643f71ae9c977811a3eecdd3ab33,7.033,1f68bedc031c00d65ef2fbcfbc90565a8b3cd2c8447b59721ebe50a06f4d71bd,PASS,features/-mJ2ud6oKI8___9.npz,7050f040d157807f4429fdfa5d0e085c91ccf52024c947552d78c009e30209ad,180124,text|audio|video,7.007,"{""audio_native"": 25, ""text_word"": 768, ""video_native"": 52, ""word_audio_mean_std"": 50, ""word_vision_mean_std"": 104}",22,686,208,AV_VALID_TEXT_UNALIGNED,clip,confirmed_mismatch,unavailable,1,1,1,1,1,1,1,1,1,22,0,22,0,0,0.0,6.90875,0.0,7.007,0.0,6.90875,ef451953badced2ed112ba4ffb997f9d2a7e7c444a09e8092665eadd9f24109e,4066801753f5b2a2402a46e231cc1f85fd52a5970e937644b99fc1cbb3bfeb5b,ff357861a0053b817523940844e8d285a915e3aa22051b26a102cf5be7ecfef6,64184e229b263107bc2b804c6625db1341ff2bb731874b0bcc2fe6544e0bc9ff,351506432,3.7113128999480978,
-mqbVkbCndg$_$0,-mqbVkbCndg,0,"How, at a particular moment in time—our moment in time—are they limited",d2ec71d71a32912fa5fbf0916e1ce4f1673086a766e20ca968e1233418e0ec5f,-mqbVkbCndg/0.mp4,cdeba953bba30907814acf72f3e35582dec263eaa25bdd922dad7fafe02e4dda,827334f782b1f242c84ad944a657bc7f7c63643f71ae9c977811a3eecdd3ab33,6.466667,e78ed12915f2b0ad10d22c5382a269d175bfc57115b9a91f53da604ce21e0700,PASS,features/-mqbVkbCndg___0.npz,e84d88dcff0910823c0828f588676a49f14f84e9d3137ef5f7104eb5f0dd1c8f,145934,text|audio|video,6.5,"{""audio_native"": 25, ""text_word"": 768, ""video_native"": 52, ""word_audio_mean_std"": 50, ""word_vision_mean_std"": 104}",12,634,194,UNCERTAIN_REVIEW,clip,not_asserted,clip_only,1,1,1,1,-1,1,1,1,1,12,0,12,0,0,0.0,6.3855,0.0,6.5,0.0,6.3855,ef451953badced2ed112ba4ffb997f9d2a7e7c444a09e8092665eadd9f24109e,4066801753f5b2a2402a46e231cc1f85fd52a5970e937644b99fc1cbb3bfeb5b,ff357861a0053b817523940844e8d285a915e3aa22051b26a102cf5be7ecfef6,64184e229b263107bc2b804c6625db1341ff2bb731874b0bcc2fe6544e0bc9ff,353148928,3.3259245000081137,
-qDkUB0GgYY$_$6,-qDkUB0GgYY,6,"We always love to hear what you say, and like and share this video as well.",876a79155132e90b3394e7cb3977b04230ce528b35b0e739502dc5c27169e7e0,-qDkUB0GgYY/6.mp4,ab19bf4a761d3919b7113b1104ccaadbbf0c4e7b45694904d094280a2c329c8b,827334f782b1f242c84ad944a657bc7f7c63643f71ae9c977811a3eecdd3ab33,4.677995,97ea0749255e20aa0b6c5cc9530cfcf80eda6bee97b491f5c8f75899299926ee,PASS,features/-qDkUB0GgYY___6.npz,780681416fd1aa98cd1553afad6210a60d7d0db28d4a6b920e8cd97e60ba3926,105909,text|audio|video,4.666666666666667,"{""audio_native"": 25, ""text_word"": 768, ""video_native"": 52, ""word_audio_mean_std"": 50, ""word_vision_mean_std"": 104}",16,457,140,UNCERTAIN_REVIEW,clip,not_asserted,clip_only,1,1,1,1,-1,1,1,0,0,16,0,16,0,0,0.0,4.6146875,0.0,4.666666666666667,0.0,4.6146875,ef451953badced2ed112ba4ffb997f9d2a7e7c444a09e8092665eadd9f24109e,4066801753f5b2a2402a46e231cc1f85fd52a5970e937644b99fc1cbb3bfeb5b,ff357861a0053b817523940844e8d285a915e3aa22051b26a102cf5be7ecfef6,64184e229b263107bc2b804c6625db1341ff2bb731874b0bcc2fe6544e0bc9ff,356773888,1.423994299955666,
-ri04Z7vwnc$_$0,-ri04Z7vwnc,0,going to get married or are already married,67e24366653bb748973c629e8917b2d43c1a042a58c1a25055305cf96dd85d91,-ri04Z7vwnc/0.mp4,93021c70c8fad20ad3fded80e7fc790a2f9c96835de58a3b694c6906de42684b,827334f782b1f242c84ad944a657bc7f7c63643f71ae9c977811a3eecdd3ab33,2.807,93302ed01566019fcd1ac464523920e640ca049ef550da014754f1e35eb81b91,PASS,features/-ri04Z7vwnc___0.npz,8576ac6a1efaadfd372cea4e4a662bb14cf5942d707546f3a27ccd0404f5be11,69020,text|audio|video,2.7944666666666667,"{""audio_native"": 25, ""text_word"": 768, ""video_native"": 52, ""word_audio_mean_std"": 50, ""word_vision_mean_std"": 104}",8,272,67,UNCERTAIN_REVIEW,clip,not_asserted,clip_only,1,1,1,1,-1,1,1,0,0,8,0,8,0,0,0.0,2.76325,0.0,2.7944666666666667,0.0,2.76325,ef451953badced2ed112ba4ffb997f9d2a7e7c444a09e8092665eadd9f24109e,4066801753f5b2a2402a46e231cc1f85fd52a5970e937644b99fc1cbb3bfeb5b,ff357861a0053b817523940844e8d285a915e3aa22051b26a102cf5be7ecfef6,64184e229b263107bc2b804c6625db1341ff2bb731874b0bcc2fe6544e0bc9ff,355553280,1.172474000020884,
-ri04Z7vwnc$_$2,-ri04Z7vwnc,2,"most people think it'll sort itself out, ""we'll discuss it later,"" it's not something too important",485fc16ed107188fbeebd37d539df40b7e66a174cb2f7a52991e1993cc5b9707,-ri04Z7vwnc/2.mp4,f5993ce3a6ee56298462c08692a96f78c7d914d7264257ed401de7d6e17fd148,827334f782b1f242c84ad944a657bc7f7c63643f71ae9c977811a3eecdd3ab33,6.027,ccb7f2c2a8627c3be7af476ca52481716a5ae05db150b0883cdee846bf5829f4,PASS,features/-ri04Z7vwnc___2.npz,a17dc57fa9cc06534ca24dd490a653a0b47f081ab8342564239428659ca5fff1,132895,text|audio|video,6.005988888888888,"{""audio_native"": 25, ""text_word"": 768, ""video_native"": 52, ""word_audio_mean_std"": 50, ""word_vision_mean_std"": 104}",16,587,143,UNCERTAIN_REVIEW,clip,not_asserted,clip_only,1,1,1,1,-1,1,1,1,1,16,0,16,0,0,0.0,5.913375,0.0,6.005988888888888,0.0,5.913375,ef451953badced2ed112ba4ffb997f9d2a7e7c444a09e8092665eadd9f24109e,4066801753f5b2a2402a46e231cc1f85fd52a5970e937644b99fc1cbb3bfeb5b,ff357861a0053b817523940844e8d285a915e3aa22051b26a102cf5be7ecfef6,64184e229b263107bc2b804c6625db1341ff2bb731874b0bcc2fe6544e0bc9ff,357974016,2.190351799945347,
-ri04Z7vwnc$_$5,-ri04Z7vwnc,5,""" So I think it's important to discuss finances",b65c73ef4a0f7b9c2d61b5b240b4e1bf4faabd5bcaf23f266dee97618c4c4cb0,-ri04Z7vwnc/5.mp4,2a5e4319bf592a18c8eb5117f7c7ec30c6c79528f9eac9fe4fb85bf70f277736,827334f782b1f242c84ad944a657bc7f7c63643f71ae9c977811a3eecdd3ab33,3.545,b2b6561171ad8efef8b11bac677a6272b81f145ba51c88909ee0816888ad8e6c,PASS,features/-ri04Z7vwnc___5.npz,e62d23d45caba8a953189a555e0c30236ea1c8281d7489eb641a53533e6743f4,90232,text|audio|video,3.5035000000000003,"{""audio_native"": 25, ""text_word"": 768, ""video_native"": 52, ""word_audio_mean_std"": 50, ""word_vision_mean_std"": 104}",8,339,83,UNCERTAIN_REVIEW,clip,not_asserted,clip_only,1,1,1,1,-1,1,1,1,1,8,0,8,0,0,0.0,3.43975,0.0,3.5035000000000003,0.0,3.43975,ef451953badced2ed112ba4ffb997f9d2a7e7c444a09e8092665eadd9f24109e,4066801753f5b2a2402a46e231cc1f85fd52a5970e937644b99fc1cbb3bfeb5b,ff357861a0053b817523940844e8d285a915e3aa22051b26a102cf5be7ecfef6,64184e229b263107bc2b804c6625db1341ff2bb731874b0bcc2fe6544e0bc9ff,357941248,1.8001063000410795,
-s9qJ7ATP7w$_$0,-s9qJ7ATP7w,0,"they have doubt, they have fear, they lose in a Ferrari race, or they lose in a race, and then they just give up",826689db331adffd405a7e2ad84f6ca24ec97d2a9c5a0293eedef5941783b672,-s9qJ7ATP7w/0.mp4,f2324dbc6debe0d1e4254e6f943523373e3cbb30d8d0555413ce3a7b370a4af5,827334f782b1f242c84ad944a657bc7f7c63643f71ae9c977811a3eecdd3ab33,6.8,73fb3acffde8645d0b90c45380e4962c2402ba7e95773702662176217a448c4b,PASS,features/-s9qJ7ATP7w___0.npz,5e3b6c02878c7ea08ed1c79de41aea003c66326d6cae0c51bb056b89d8097230,185705,text|audio|video,6.866666666666666,"{""audio_native"": 25, ""text_word"": 768, ""video_native"": 52, ""word_audio_mean_std"": 50, ""word_vision_mean_std"": 104}",24,667,204,UNCERTAIN_REVIEW,clip,not_asserted,clip_only,1,1,1,1,-1,1,1,1,1,24,0,24,0,0,0.0,6.7105625,0.0,6.866666666666666,0.0,6.7105625,ef451953badced2ed112ba4ffb997f9d2a7e7c444a09e8092665eadd9f24109e,4066801753f5b2a2402a46e231cc1f85fd52a5970e937644b99fc1cbb3bfeb5b,ff357861a0053b817523940844e8d285a915e3aa22051b26a102cf5be7ecfef6,64184e229b263107bc2b804c6625db1341ff2bb731874b0bcc2fe6544e0bc9ff,351842304,3.5077200999949127,
-s9qJ7ATP7w$_$1,-s9qJ7ATP7w,1,"But the hardest thing in life to learn, is to lose",8f6128c866cc3d5d668326149631575f43e8832d0037a251401a6c48a46cd6ed,-s9qJ7ATP7w/1.mp4,a33e8f82a185bcb7648b523927308cdc2142e3076479ba2b45cd0e828636fc09,827334f782b1f242c84ad944a657bc7f7c63643f71ae9c977811a3eecdd3ab33,4.791992,d6e44eeb614692877e2be42b87b4e796d2a6b93e17b0b767eb1dec88f7c5dd0c,PASS,features/-s9qJ7ATP7w___1.npz,9f42ed85dd38d8422b6b66c2663fdacfdd7eee04417d18a24027b336b90533b5,115906,text|audio|video,4.766666666666667,"{""audio_native"": 25, ""text_word"": 768, ""video_native"": 52, ""word_audio_mean_std"": 50, ""word_vision_mean_std"": 104}",11,460,140,UNCERTAIN_REVIEW,clip,not_asserted,clip_only,1,1,1,1,-1,1,1,1,1,11,0,11,0,0,0.0,4.6438125,0.0,4.766666666666667,0.0,4.6438125,ef451953badced2ed112ba4ffb997f9d2a7e7c444a09e8092665eadd9f24109e,4066801753f5b2a2402a46e231cc1f85fd52a5970e937644b99fc1cbb3bfeb5b,ff357861a0053b817523940844e8d285a915e3aa22051b26a102cf5be7ecfef6,64184e229b263107bc2b804c6625db1341ff2bb731874b0bcc2fe6544e0bc9ff,358400000,2.8702079000649974,
-s9qJ7ATP7w$_$4,-s9qJ7ATP7w,4,"I have lost at everything you can imagine, seriously",bf8e68db5decfd6cc6a296b6464a35fddb9bd64d99bdfb4fd9d0ec6e71474f9e,-s9qJ7ATP7w/4.mp4,76e0672ffce5857a789b41fb10606402f7da58c33579b1032a8282f86fb35bc9,827334f782b1f242c84ad944a657bc7f7c63643f71ae9c977811a3eecdd3ab33,4.427018,92aa2925aea2b5e54175f899fd6bf6217933ef3fe0ab4739362934aaa3829343,PASS,features/-s9qJ7ATP7w___4.npz,087fc5aab321cf62384e8fc69259c81b6fcd24088dc84080bf0565a8ca0288b2,97230,text|audio|video,4.3999999999999995,"{""audio_native"": 25, ""text_word"": 768, ""video_native"": 52, ""word_audio_mean_std"": 50, ""word_vision_mean_std"": 104}",9,420,129,UNCERTAIN_REVIEW,clip,not_asserted,clip_only,1,1,1,1,-1,1,1,1,1,9,0,9,0,0,0.0,4.246875,0.0,4.3999999999999995,0.0,4.246875,ef451953badced2ed112ba4ffb997f9d2a7e7c444a09e8092665eadd9f24109e,4066801753f5b2a2402a46e231cc1f85fd52a5970e937644b99fc1cbb3bfeb5b,ff357861a0053b817523940844e8d285a915e3aa22051b26a102cf5be7ecfef6,64184e229b263107bc2b804c6625db1341ff2bb731874b0bcc2fe6544e0bc9ff,351084544,2.1220930999843404,
-s9qJ7ATP7w$_$5,-s9qJ7ATP7w,5,"I have been beat up and put down and everything that can go wrong, has gone wrong for me",e87c80d3bcdd80b34495c33e4cfdfb0de445d9ef44f28d5be83cda2335803a7d,-s9qJ7ATP7w/5.mp4,bd35eb8de64ce1f8b27921294598f7cf5bb971255738f51d06458c7096c58eae,827334f782b1f242c84ad944a657bc7f7c63643f71ae9c977811a3eecdd3ab33,8.561003,aec05b9092817c4d34ee0aae05aa11b4280ec90ef51f95d76c061b5b2467cc24,PASS,features/-s9qJ7ATP7w___5.npz,1137b90ee6a1eb1a13539502a9fa09d2f08b14cef85f97fb2059ee8dcf3677da,195760,text|audio|video,8.533333333333333,"{""audio_native"": 25, ""text_word"": 768, ""video_native"": 52, ""word_audio_mean_std"": 50, ""word_vision_mean_std"": 104}",19,835,253,UNCERTAIN_REVIEW,clip,not_asserted,clip_only,1,1,1,1,-1,1,1,1,1,19,0,19,0,0,0.0,8.397875,0.0,8.533333333333333,0.0,8.397875,ef451953badced2ed112ba4ffb997f9d2a7e7c444a09e8092665eadd9f24109e,4066801753f5b2a2402a46e231cc1f85fd52a5970e937644b99fc1cbb3bfeb5b,ff357861a0053b817523940844e8d285a915e3aa22051b26a102cf5be7ecfef6,64184e229b263107bc2b804c6625db1341ff2bb731874b0bcc2fe6544e0bc9ff,357355520,4.1747286999598145,
-s9qJ7ATP7w$_$6,-s9qJ7ATP7w,6,But I just kept going,3ef0a00613818cf80e75e69aa518af01a331f1a71668609e052f9e13ff22e9e7,-s9qJ7ATP7w/6.mp4,40b684fd1b4559f0f82e72f9b47f4ce7c5e15059fe8d0d8ab112637cd3386451,827334f782b1f242c84ad944a657bc7f7c63643f71ae9c977811a3eecdd3ab33,2.475,7c627262668e9df75a9c89c24109ea7bdaf44c607f60517603de3bdac0cade15,PASS,features/-s9qJ7ATP7w___6.npz,ec142e3a82796729b2cd8526cb7becff2daeeebe288b696e5f1443abee71eb12,65726,text|audio|video,2.4666666666666663,"{""audio_native"": 25, ""text_word"": 768, ""video_native"": 52, ""word_audio_mean_std"": 50, ""word_vision_mean_std"": 104}",5,227,71,TRI_MODAL_WORD_VALID,word,confirmed_match,word_valid,1,1,1,1,1,1,1,1,1,5,5,5,5,5,0.0,2.3148125,0.0,2.4666666666666663,0.0,2.3148125,ef451953badced2ed112ba4ffb997f9d2a7e7c444a09e8092665eadd9f24109e,4066801753f5b2a2402a46e231cc1f85fd52a5970e937644b99fc1cbb3bfeb5b,ff357861a0053b817523940844e8d285a915e3aa22051b26a102cf5be7ecfef6,64184e229b263107bc2b804c6625db1341ff2bb731874b0bcc2fe6544e0bc9ff,356339712,1.7061056999955326,
-s9qJ7ATP7w$_$7,-s9qJ7ATP7w,7,"I used to work for Warren Avis, the guy who started Avis Rent a Car, and he said to me one day, ""Robert, ""what's the purpose of business",8455bf2ef7c23cdb49c5994385fcd2669f840a4e4916d7c2b85b19b93780bc1d,-s9qJ7ATP7w/7.mp4,5301f4403cf7cd299cc525d2f443392ac70fd70c3c9cd4a09406f2ba4df6734d,827334f782b1f242c84ad944a657bc7f7c63643f71ae9c977811a3eecdd3ab33,6.966016,357845013af4faa299f8776ba12621b566168de8c3161c2c4c4f91a61d220169,PASS,features/-s9qJ7ATP7w___7.npz,c9bfa1e7e54ad598e0896fad3b942d05bb66eff9749308cd152b1daabbcaed25,178046,text|audio|video,6.933333333333334,"{""audio_native"": 25, ""text_word"": 768, ""video_native"": 52, ""word_audio_mean_std"": 50, ""word_vision_mean_std"": 104}",28,679,207,UNCERTAIN_REVIEW,clip,not_asserted,clip_only,1,1,1,1,-1,1,1,1,1,28,0,28,0,0,0.0,6.8385625,0.0,6.933333333333334,0.0,6.8385625,ef451953badced2ed112ba4ffb997f9d2a7e7c444a09e8092665eadd9f24109e,4066801753f5b2a2402a46e231cc1f85fd52a5970e937644b99fc1cbb3bfeb5b,ff357861a0053b817523940844e8d285a915e3aa22051b26a102cf5be7ecfef6,64184e229b263107bc2b804c6625db1341ff2bb731874b0bcc2fe6544e0bc9ff,358047744,3.3902955000521615,
-s9qJ7ATP7w$_$8,-s9qJ7ATP7w,8,""" And I said, ""Oh, make a profit, and all these other things",1b4d1af90ee59ff7239ce2e1b9dab817057f7d976e56958fd75923318dec442f,-s9qJ7ATP7w/8.mp4,1de4d91bd9d9fb508a3779658747da88460db0bdb1beefe7ea5b2c77edfd2239,827334f782b1f242c84ad944a657bc7f7c63643f71ae9c977811a3eecdd3ab33,3.294987,9511627362fbcd16b233eaf18467416c82a71c3840dcee4f3526d8df4e6efe2f,PASS,features/-s9qJ7ATP7w___8.npz,e1fea5d350e7ef1f20365fa1601ec2fc0cd8d0bed81a39d6d4358fcdd96027d4,98533,text|audio|video,3.2666666666666666,"{""audio_native"": 25, ""text_word"": 768, ""video_native"": 52, ""word_audio_mean_std"": 50, ""word_vision_mean_std"": 104}",12,314,97,UNCERTAIN_REVIEW,clip,not_asserted,clip_only,1,1,1,1,-1,1,1,1,1,12,0,12,0,0,0.0,3.18425,0.0,3.2666666666666666,0.0,3.18425,ef451953badced2ed112ba4ffb997f9d2a7e7c444a09e8092665eadd9f24109e,4066801753f5b2a2402a46e231cc1f85fd52a5970e937644b99fc1cbb3bfeb5b,ff357861a0053b817523940844e8d285a915e3aa22051b26a102cf5be7ecfef6,64184e229b263107bc2b804c6625db1341ff2bb731874b0bcc2fe6544e0bc9ff,357867520,2.050794600043446,
-t217m2on-s$_$2,-t217m2on-s,2,"But a good thing to do is yawning, chewing gum is effective.",09793b16c6e1b6b44ada9e79a3636bf42ba37ffe83e6a98739e10c49dfb52fb0,-t217m2on-s/2.mp4,6713a983112173204502dc5adbb886bc6c38554b4627698611931420c47663a8,827334f782b1f242c84ad944a657bc7f7c63643f71ae9c977811a3eecdd3ab33,5.686003,be6a856d6688738a3dd13ab2a642e7eb8aee39dfb8ecd59ff5bdaf52c26c5836,PASS,features/-t217m2on-s___2.npz,151d7ed1b3cef94e648151fd7e4f97c587ef42604a88c9f0c028f83cd274af2e,135739,text|audio|video,5.666666666666667,"{""audio_native"": 25, ""text_word"": 768, ""video_native"": 52, ""word_audio_mean_std"": 50, ""word_vision_mean_std"": 104}",12,559,170,UNCERTAIN_REVIEW,clip,not_asserted,clip_only,1,1,1,1,-1,1,1,1,1,12,0,12,0,0,0.0,5.6301875,0.0,5.666666666666667,0.0,5.6301875,ef451953badced2ed112ba4ffb997f9d2a7e7c444a09e8092665eadd9f24109e,4066801753f5b2a2402a46e231cc1f85fd52a5970e937644b99fc1cbb3bfeb5b,ff357861a0053b817523940844e8d285a915e3aa22051b26a102cf5be7ecfef6,64184e229b263107bc2b804c6625db1341ff2bb731874b0bcc2fe6544e0bc9ff,351883264,2.5185050000436604,
-t217m2on-s$_$7,-t217m2on-s,7,"If you find that your ears consistently do this and you can't pop them often, you'll definitely need to see a physician regarding those things, it could be something more of a nasal infection or a sinus infection that he would need to deal with.",5b422b896fda787c86ddf5d5df10dd0f8f704ac91bf5848f0abc5d1895bac110,-t217m2on-s/7.mp4,41c76b8a733ecb780d56348f55d00f0ba0c07f44f46e93044e62d876710180b7,827334f782b1f242c84ad944a657bc7f7c63643f71ae9c977811a3eecdd3ab33,17.183008,42ed3823c589f9916286f22d5c03111375bbb1945f5144a60abfa9f9706580e2,PASS,features/-t217m2on-s___7.npz,19a4bc3345837a86e9564c4abe8f561b717a198d75800ee8ade48dce4244bb3c,393923,text|audio|video,17.166666666666668,"{""audio_native"": 25, ""text_word"": 768, ""video_native"": 52, ""word_audio_mean_std"": 50, ""word_vision_mean_std"": 104}",45,1698,512,UNCERTAIN_REVIEW,clip,not_asserted,clip_only,1,1,1,1,-1,1,1,1,1,45,0,45,0,0,0.0,17.026375,0.0,17.166666666666668,0.0,17.026375,ef451953badced2ed112ba4ffb997f9d2a7e7c444a09e8092665eadd9f24109e,4066801753f5b2a2402a46e231cc1f85fd52a5970e937644b99fc1cbb3bfeb5b,ff357861a0053b817523940844e8d285a915e3aa22051b26a102cf5be7ecfef6,64184e229b263107bc2b804c6625db1341ff2bb731874b0bcc2fe6544e0bc9ff,359751680,6.426587299909443,
-tANM6ETl_M$_$3,-tANM6ETl_M,3,"The first place is either you have a prospect, or a customer who's never done it before, or they've never tried it.",d0f8beb9e36254b4a7b32872ec3956aa92d44589400f7a4f15af8da5549a015c,-tANM6ETl_M/3.mp4,6d3af064c060dad3816a9e1dfa00101faebd8b7da7d8ceea85b0bc0fca70abd6,827334f782b1f242c84ad944a657bc7f7c63643f71ae9c977811a3eecdd3ab33,6.758008,7784d823d8e702d032fde5f45937aa630de3a41bbfd3ad7051c28b336eb5950f,PASS,features/-tANM6ETl_M___3.npz,70b08c63a9a623164d207c5f96122fc0f14da581f129799720619d589f2e128f,179788,text|audio|video,6.733333333333333,"{""audio_native"": 25, ""text_word"": 768, ""video_native"": 52, ""word_audio_mean_std"": 50, ""word_vision_mean_std"": 104}",22,656,200,UNCERTAIN_REVIEW,clip,not_asserted,clip_only,1,1,1,1,-1,1,1,1,1,22,0,22,0,0,0.0,6.603625,0.0,6.733333333333333,0.0,6.603625,ef451953badced2ed112ba4ffb997f9d2a7e7c444a09e8092665eadd9f24109e,4066801753f5b2a2402a46e231cc1f85fd52a5970e937644b99fc1cbb3bfeb5b,ff357861a0053b817523940844e8d285a915e3aa22051b26a102cf5be7ecfef6,64184e229b263107bc2b804c6625db1341ff2bb731874b0bcc2fe6544e0bc9ff,358371328,3.518233700073324,
-tPCytz4rww$_$10,-tPCytz4rww,10,Say twenty percent so if you've got a thousand square foot condo.,c54b57e82c1769ce9a038b3d3ad3a81964c222e375792134fe3ea321c0db43b1,-tPCytz4rww/10.mp4,758183192cbd5f0f20823d26ece3ddee40dec0aadec35247b2495510a53f52f8,827334f782b1f242c84ad944a657bc7f7c63643f71ae9c977811a3eecdd3ab33,4.788997,3b72ee55cd5ac3c1b77b0372d621689750b701fb0508314a97395842cdb9336c,PASS,features/-tPCytz4rww___10.npz,a530b71a221faca70c44b306e0bd219f91c36e83b9c16d19e482bb156643c64a,120030,text|audio|video,4.766666666666667,"{""audio_native"": 25, ""text_word"": 768, ""video_native"": 52, ""word_audio_mean_std"": 50, ""word_vision_mean_std"": 104}",12,463,142,UNCERTAIN_REVIEW,clip,not_asserted,clip_only,1,1,1,1,-1,1,1,1,1,12,0,12,0,0,0.0,4.6788125,0.0,4.766666666666667,0.0,4.6788125,ef451953badced2ed112ba4ffb997f9d2a7e7c444a09e8092665eadd9f24109e,4066801753f5b2a2402a46e231cc1f85fd52a5970e937644b99fc1cbb3bfeb5b,ff357861a0053b817523940844e8d285a915e3aa22051b26a102cf5be7ecfef6,64184e229b263107bc2b804c6625db1341ff2bb731874b0bcc2fe6544e0bc9ff,351727616,2.209639700013213,
-tPCytz4rww$_$11,-tPCytz4rww,11,"Make sure that your using comps that are not larger, no larger than twelve hundred square feet.",08095db71ec8c8631236facd96a7cac07ab7ed0ff853867cebefb7e96358253a,-tPCytz4rww/11.mp4,6dc09d02467baaef67594ff32cffb01f8ed1565cda4c5abd161b8261a51e2e5d,827334f782b1f242c84ad944a657bc7f7c63643f71ae9c977811a3eecdd3ab33,5.466992,3555653971e79933530797edbdd1a1afe249f2cae58867ceaf2206795e986a5e,PASS,features/-tPCytz4rww___11.npz,7add54d827bf21793b191da28ddc5bfeeebd8e09e31a5e55fcc0ddccb196532f,147802,text|audio|video,5.466666666666667,"{""audio_native"": 25, ""text_word"": 768, ""video_native"": 52, ""word_audio_mean_std"": 50, ""word_vision_mean_std"": 104}",17,533,164,UNCERTAIN_REVIEW,clip,not_asserted,clip_only,1,1,1,1,-1,1,1,1,1,17,0,17,0,0,0.0,5.3785625,0.0,5.466666666666667,0.0,5.3785625,ef451953badced2ed112ba4ffb997f9d2a7e7c444a09e8092665eadd9f24109e,4066801753f5b2a2402a46e231cc1f85fd52a5970e937644b99fc1cbb3bfeb5b,ff357861a0053b817523940844e8d285a915e3aa22051b26a102cf5be7ecfef6,64184e229b263107bc2b804c6625db1341ff2bb731874b0bcc2fe6544e0bc9ff,351318016,2.390527999959886,
-tPCytz4rww$_$12,-tPCytz4rww,12,"No less than eight hundred squire feet and going to similar in, similar with bedrooms and bathrooms as well and hopefully the complexes have similar amenities.",935dc7e6e8455bd1acb4066d756b9a009ef0b12339458c64be18674d50b101cf,-tPCytz4rww/12.mp4,e3c7f9cd67ad2d20fef997696dc278361f97f027db58762e22104e5720d509d5,827334f782b1f242c84ad944a657bc7f7c63643f71ae9c977811a3eecdd3ab33,11.863997,67bcf140f831ff43b0d214b081f409a0d1aac77d31e0395818b78413705f5cbc,PASS,features/-tPCytz4rww___12.npz,286d2a011227554ee85bf4e14ab4cdc60989e058c285d18392a0445b258e38a0,263519,text|audio|video,11.833333333333334,"{""audio_native"": 25, ""text_word"": 768, ""video_native"": 52, ""word_audio_mean_std"": 50, ""word_vision_mean_std"": 104}",26,1169,353,UNCERTAIN_REVIEW,clip,not_asserted,clip_only,1,1,1,1,-1,1,1,1,1,26,0,26,0,0,0.0,11.7361875,0.0,11.833333333333334,0.0,11.7361875,ef451953badced2ed112ba4ffb997f9d2a7e7c444a09e8092665eadd9f24109e,4066801753f5b2a2402a46e231cc1f85fd52a5970e937644b99fc1cbb3bfeb5b,ff357861a0053b817523940844e8d285a915e3aa22051b26a102cf5be7ecfef6,64184e229b263107bc2b804c6625db1341ff2bb731874b0bcc2fe6544e0bc9ff,359976960,4.627066299901344,
-tPCytz4rww$_$16,-tPCytz4rww,16,So make sure to get a through or to do a through cleaning of the property.,06d8880f7151da8278664f4dcafe60368bba0a01955b6b9a8c9f5a688372e695,-tPCytz4rww/16.mp4,8b3f82f9628792eebaf8c227becc2ebeba59bb8abb668bcca86e07fb1a992a93,827334f782b1f242c84ad944a657bc7f7c63643f71ae9c977811a3eecdd3ab33,7.20599,2a8abd862bc5516ab0a1d5715fe86b424538a62a081472159b07e024ff583dc2,PASS,features/-tPCytz4rww___16.npz,d9c5129e035d258c2fbaa8efe0734f374071eba40464da36dcda70b42af2e73a,167322,text|audio|video,7.2,"{""audio_native"": 25, ""text_word"": 768, ""video_native"": 52, ""word_audio_mean_std"": 50, ""word_vision_mean_std"": 104}",16,709,216,UNCERTAIN_REVIEW,clip,not_asserted,clip_only,1,1,1,1,-1,1,1,1,1,16,0,16,0,0,0.0,7.1391875,0.0,7.2,0.0,7.1391875,ef451953badced2ed112ba4ffb997f9d2a7e7c444a09e8092665eadd9f24109e,4066801753f5b2a2402a46e231cc1f85fd52a5970e937644b99fc1cbb3bfeb5b,ff357861a0053b817523940844e8d285a915e3aa22051b26a102cf5be7ecfef6,64184e229b263107bc2b804c6625db1341ff2bb731874b0bcc2fe6544e0bc9ff,350425088,3.3526639000047,
-tPCytz4rww$_$18,-tPCytz4rww,18,Do so and as well you'll also want to remove any clutter from that you've accumulated.,0213c1bbbdbbb60fb70172c4e6d51aeb74a7205151d2d798b7c96667d414c722,-tPCytz4rww/18.mp4,eece70451e9c37a4b5f375bf646f66e09113fe3467f35bf1720cc14d986c1776,827334f782b1f242c84ad944a657bc7f7c63643f71ae9c977811a3eecdd3ab33,6.644987,e85e6e79bd6313a7325eb268546b9b64312da8e916f4ec8f9c37f1339c8b0953,PASS,features/-tPCytz4rww___18.npz,c0ee6915ebb884b2021940e876051b3f09084c6578c38a284b481a7a9757a0e8,161582,text|audio|video,6.633333333333333,"{""audio_native"": 25, ""text_word"": 768, ""video_native"": 52, ""word_audio_mean_std"": 50, ""word_vision_mean_std"": 104}",16,652,199,UNCERTAIN_REVIEW,clip,not_asserted,clip_only,1,1,1,1,-1,1,1,1,1,16,0,16,0,0,0.0,6.5688125,0.0,6.633333333333333,0.0,6.5688125,ef451953badced2ed112ba4ffb997f9d2a7e7c444a09e8092665eadd9f24109e,4066801753f5b2a2402a46e231cc1f85fd52a5970e937644b99fc1cbb3bfeb5b,ff357861a0053b817523940844e8d285a915e3aa22051b26a102cf5be7ecfef6,64184e229b263107bc2b804c6625db1341ff2bb731874b0bcc2fe6544e0bc9ff,357916672,2.869310299982317,
-uywlfIYOS8$_$4,-uywlfIYOS8,4,"And then from a brand point of view, we need to make sure we're driving the relevant insight.",d737909b534cfe89b07541f89d3ecb1b7e97f805ba1dfc1962ea3c475b97a063,-uywlfIYOS8/4.mp4,fde46f5222cf5cfec7af9c93214c972ce2d686b0bf9c90a291021601968986f9,827334f782b1f242c84ad944a657bc7f7c63643f71ae9c977811a3eecdd3ab33,6.044987,c2a1fa9adfc09485d8369d82a05f93a9468981e5fa75a572c02c2294259f05d6,PASS,features/-uywlfIYOS8___4.npz,a1edc49c7088427d7e92144f5383410f4f11cbc8a6c6727b9178f66314608ac5,158759,text|audio|video,6.033333333333333,"{""audio_native"": 25, ""text_word"": 768, ""video_native"": 52, ""word_audio_mean_std"": 50, ""word_vision_mean_std"": 104}",18,584,179,UNCERTAIN_REVIEW,clip,not_asserted,clip_only,1,1,1,1,-1,1,1,1,1,18,0,18,0,0,0.0,5.881125,0.0,6.033333333333333,0.0,5.881125,ef451953badced2ed112ba4ffb997f9d2a7e7c444a09e8092665eadd9f24109e,4066801753f5b2a2402a46e231cc1f85fd52a5970e937644b99fc1cbb3bfeb5b,ff357861a0053b817523940844e8d285a915e3aa22051b26a102cf5be7ecfef6,64184e229b263107bc2b804c6625db1341ff2bb731874b0bcc2fe6544e0bc9ff,350801920,2.601020000060089,
-vxjVxOeScU$_$4,-vxjVxOeScU,4,"You're going to talk about their life, their marriage and usually how amazing it is that they've stayed together this long.",663559f09b501b1f8f041ae288e9e3ccc4fda3bace7c391d86afcff32386cc08,-vxjVxOeScU/4.mp4,00282df9a314394f19d616d561bd1916d1d30dca4c814dfb43630ca164f4c719,827334f782b1f242c84ad944a657bc7f7c63643f71ae9c977811a3eecdd3ab33,9.127018,03a6d589c353a51a09e56b7783c159b3a544959ee944915787a3f4edb5d0317d,PASS,features/-vxjVxOeScU___4.npz,c87a2c2af722702ff437bc54b5717a945031df3319c52e8c67ee6b2787a29976,214700,text|audio|video,9.1,"{""audio_native"": 25, ""text_word"": 768, ""video_native"": 52, ""word_audio_mean_std"": 50, ""word_vision_mean_std"": 104}",21,899,272,UNCERTAIN_REVIEW,clip,not_asserted,clip_only,1,1,1,1,-1,1,1,1,1,21,0,21,0,0,0.0,9.0370625,0.0,9.1,0.0,9.0370625,ef451953badced2ed112ba4ffb997f9d2a7e7c444a09e8092665eadd9f24109e,4066801753f5b2a2402a46e231cc1f85fd52a5970e937644b99fc1cbb3bfeb5b,ff357861a0053b817523940844e8d285a915e3aa22051b26a102cf5be7ecfef6,64184e229b263107bc2b804c6625db1341ff2bb731874b0bcc2fe6544e0bc9ff,352542720,3.741467499989085,
-wMB_hJL-3o$_$7,-wMB_hJL-3o,7,So if you have a loved one who is depressed those are some of the things that you should think about doing.,092fd4485c2e7d5d4e7bdadaec522461a3f5fa45af4a148441d44ae495c3f238,-wMB_hJL-3o/7.mp4,04a73d73fd150b07edab8e652fd14c9cb4a0f6e017ea97b17e8146e377b9fae7,827334f782b1f242c84ad944a657bc7f7c63643f71ae9c977811a3eecdd3ab33,6.04401,f79261e780d2efe147f06aa9b15b7590e2204376040d3386ba09ca6504850be8,PASS,features/-wMB_hJL-3o___7.npz,3475552a45b0f90d7d5c2c01f089bce57c72aa8c510b0114c8cf7747e8b93cac,166958,text|audio|video,6.033333333333333,"{""audio_native"": 25, ""text_word"": 768, ""video_native"": 52, ""word_audio_mean_std"": 50, ""word_vision_mean_std"": 104}",22,593,181,UNCERTAIN_REVIEW,clip,not_asserted,clip_only,1,1,1,1,-1,1,1,1,1,22,0,22,0,0,0.0,5.9755625,0.0,6.033333333333333,0.0,5.9755625,ef451953badced2ed112ba4ffb997f9d2a7e7c444a09e8092665eadd9f24109e,4066801753f5b2a2402a46e231cc1f85fd52a5970e937644b99fc1cbb3bfeb5b,ff357861a0053b817523940844e8d285a915e3aa22051b26a102cf5be7ecfef6,64184e229b263107bc2b804c6625db1341ff2bb731874b0bcc2fe6544e0bc9ff,351125504,2.643632600083947,
-wny0OAz3g8$_$0,-wny0OAz3g8,0,trade labor unions didn’t allow Black workers to join,fc637fb7e309729db1c10e9b2ec896a95f87238560df6594154a54550c85e49e,-wny0OAz3g8/0.mp4,1cc21b4432e2f4b592284ee40558a18acc7d208019117aebdb2f6a1b67ea198d,827334f782b1f242c84ad944a657bc7f7c63643f71ae9c977811a3eecdd3ab33,3.333333,e10d702ca3950b5d31a4ab52359af482ddb0cbf364ca409d7a80ec3d8721c7d3,PASS,features/-wny0OAz3g8___0.npz,6e15beaae2c44a7c7bf2be0ff540095d5e2637cb13e9c04f129d21e58dd12dc3,90511,text|audio|video,3.333333333333333,"{""audio_native"": 25, ""text_word"": 768, ""video_native"": 52, ""word_audio_mean_std"": 50, ""word_vision_mean_std"": 104}",9,323,100,UNCERTAIN_REVIEW,clip,not_asserted,clip_only,1,1,1,1,-1,1,1,1,1,9,0,9,0,0,0.0,3.274,0.0,3.333333333333333,0.0,3.274,ef451953badced2ed112ba4ffb997f9d2a7e7c444a09e8092665eadd9f24109e,4066801753f5b2a2402a46e231cc1f85fd52a5970e937644b99fc1cbb3bfeb5b,ff357861a0053b817523940844e8d285a915e3aa22051b26a102cf5be7ecfef6,64184e229b263107bc2b804c6625db1341ff2bb731874b0bcc2fe6544e0bc9ff,349962240,2.0143439000239596,
-wny0OAz3g8$_$1,-wny0OAz3g8,1,"And because they couldn’t join unions, many Black workers couldn’t get manufacturing or trade work – which paid much better than service work",4811dd2512e12a41704b25c37961cd00ee1857e5083a2f5c69d999b68ae96b13,-wny0OAz3g8/1.mp4,c5535859f129ce04da5f5b5104d02d4168057b9d947a5349d423278ad4f3d8e8,827334f782b1f242c84ad944a657bc7f7c63643f71ae9c977811a3eecdd3ab33,6.84401,67ea78d101bf1db87b026ebb9e8c6f0598c2b8df06a5cb8dee5dc9adeee2a59c,PASS,features/-wny0OAz3g8___1.npz,acbf67f711d10a1b67ce8f9eac8abe421fde456e38c4501df50ad52af8a9c2ce,168407,text|audio|video,6.833333333333333,"{""audio_native"": 25, ""text_word"": 768, ""video_native"": 52, ""word_audio_mean_std"": 50, ""word_vision_mean_std"": 104}",22,673,205,UNCERTAIN_REVIEW,clip,not_asserted,clip_only,1,1,1,1,-1,1,1,1,1,22,0,22,0,0,0.0,6.7765625,0.0,6.833333333333333,0.0,6.7765625,ef451953badced2ed112ba4ffb997f9d2a7e7c444a09e8092665eadd9f24109e,4066801753f5b2a2402a46e231cc1f85fd52a5970e937644b99fc1cbb3bfeb5b,ff357861a0053b817523940844e8d285a915e3aa22051b26a102cf5be7ecfef6,64184e229b263107bc2b804c6625db1341ff2bb731874b0bcc2fe6544e0bc9ff,357265408,3.9244556999765337,
-wny0OAz3g8$_$2,-wny0OAz3g8,2,"And because they couldn’t get these jobs, Black communities had more men out of work, higher rates of poverty, and more criminal behavior",15562d374fc676ee0cb47bfe1b8bc536a34dd1fe30681b6507be3cdff47a08d3,-wny0OAz3g8/2.mp4,1825fb37db2e914fb616cd80aebd613afd873eecb7edd4d0b53158bfda0e522a,827334f782b1f242c84ad944a657bc7f7c63643f71ae9c977811a3eecdd3ab33,6.686979,8ab7fe3620fc80a64af1f9490a3fe496d8e068ea534d515fb18d50a7ce611fac,PASS,features/-wny0OAz3g8___2.npz,c9dc014670bb64f0b95aa46bdda57bcb0e69b2429c4505836b5312b1ef9daa67,176347,text|audio|video,6.666666666666667,"{""audio_native"": 25, ""text_word"": 768, ""video_native"": 52, ""word_audio_mean_std"": 50, ""word_vision_mean_std"": 104}",23,648,197,UNCERTAIN_REVIEW,clip,not_asserted,clip_only,1,1,1,1,-1,1,1,1,1,23,0,23,0,0,0.0,6.5226875,0.0,6.666666666666667,0.0,6.5226875,ef451953badced2ed112ba4ffb997f9d2a7e7c444a09e8092665eadd9f24109e,4066801753f5b2a2402a46e231cc1f85fd52a5970e937644b99fc1cbb3bfeb5b,ff357861a0053b817523940844e8d285a915e3aa22051b26a102cf5be7ecfef6,64184e229b263107bc2b804c6625db1341ff2bb731874b0bcc2fe6544e0bc9ff,354738176,3.6672343999380246,
-wny0OAz3g8$_$3,-wny0OAz3g8,3,Which then allowed the white workers and unions to justify their decision to not allow black workers into their union,55e3d9778d6c54ba0e345c732f64ab71f89a40e8b4ba4cc95c00fd1ef14d20b4,-wny0OAz3g8/3.mp4,ea917c506bc9fa39460f2b722f7c416f646312bb17cd74baa618905b54837bce,827334f782b1f242c84ad944a657bc7f7c63643f71ae9c977811a3eecdd3ab33,6.146029,f96af98464c43f8e9089d58fc74078b2de421435f6671eb453a5c045dfe20621,PASS,features/-wny0OAz3g8___3.npz,05c53712cbedb7c64cfebca9d44afcb2840867d103826a2b09801be4b721997b,157276,text|audio|video,6.133333333333333,"{""audio_native"": 25, ""text_word"": 768, ""video_native"": 52, ""word_audio_mean_std"": 50, ""word_vision_mean_std"": 104}",20,605,184,UNCERTAIN_REVIEW,clip,not_asserted,clip_only,1,1,1,1,-1,1,1,1,1,20,0,20,0,0,0.0,6.099875,0.0,6.133333333333333,0.0,6.099875,ef451953badced2ed112ba4ffb997f9d2a7e7c444a09e8092665eadd9f24109e,4066801753f5b2a2402a46e231cc1f85fd52a5970e937644b99fc1cbb3bfeb5b,ff357861a0053b817523940844e8d285a915e3aa22051b26a102cf5be7ecfef6,64184e229b263107bc2b804c6625db1341ff2bb731874b0bcc2fe6544e0bc9ff,356892672,3.1977000000188127,
-wny0OAz3g8$_$5,-wny0OAz3g8,5,"This is what’s now known as racial formation theory, a theory formalized by modern sociologists Michael Omi and Howard Winant",9c9828dcb91f8e3532d0e3dc66c88e52ac47eec14eefc5ea54e1f0ad0894e7ed,-wny0OAz3g8/5.mp4,6c6a8a4cba654b25190ab1793bfae81c3d2159ecd6cbc02d3fcbd598543acce0,827334f782b1f242c84ad944a657bc7f7c63643f71ae9c977811a3eecdd3ab33,6.911979,d9027191f209db514d811fcbfb68f82c2c0188b7ba90758c65d1dea996185fa3,PASS,features/-wny0OAz3g8___5.npz,297b6176af0d27d0dd988a4b08330f3c3e1ec95e414d247d77a25c280885b736,143441,text|audio|video,6.8999999999999995,"{""audio_native"": 25, ""text_word"": 768, ""video_native"": 52, ""word_audio_mean_std"": 50, ""word_vision_mean_std"": 104}",20,670,204,UNCERTAIN_REVIEW,clip,not_asserted,clip_only,1,1,1,1,-1,1,1,1,1,20,0,20,0,0,0.0,6.7414375,0.0,6.8999999999999995,0.0,6.7414375,ef451953badced2ed112ba4ffb997f9d2a7e7c444a09e8092665eadd9f24109e,4066801753f5b2a2402a46e231cc1f85fd52a5970e937644b99fc1cbb3bfeb5b,ff357861a0053b817523940844e8d285a915e3aa22051b26a102cf5be7ecfef6,64184e229b263107bc2b804c6625db1341ff2bb731874b0bcc2fe6544e0bc9ff,350281728,3.2746804000344127,
-wny0OAz3g8$_$7,-wny0OAz3g8,7,Omi and Winant argue that the concept of race came about as a tool to justify and maintain the economic and political power held by those of European descent,b9a3887ebc4083f41eb989691995164b78d2a3bae076e114d6bab627886ff913,-wny0OAz3g8/7.mp4,cbf9cac1048ce191aef781d0c4563eb97f9f3ddd52eb1f9551fa78d31d70e7cd,827334f782b1f242c84ad944a657bc7f7c63643f71ae9c977811a3eecdd3ab33,8.067969,7ddeb734b4ac11b940dcd4a1f757c59583e8bbaa8844f989bd46004a0a71945c,PASS,features/-wny0OAz3g8___7.npz,d7cbde6073fc59e968379bbf3cabeea9d180d7d6f7813ab3b63898630fe37c93,218909,text|audio|video,8.066666666666666,"{""audio_native"": 25, ""text_word"": 768, ""video_native"": 52, ""word_audio_mean_std"": 50, ""word_vision_mean_std"": 104}",29,787,240,UNCERTAIN_REVIEW,clip,not_asserted,clip_only,1,1,1,1,-1,1,1,1,1,29,0,29,0,0,0.0,7.9105,0.0,8.066666666666666,0.0,7.9105,ef451953badced2ed112ba4ffb997f9d2a7e7c444a09e8092665eadd9f24109e,4066801753f5b2a2402a46e231cc1f85fd52a5970e937644b99fc1cbb3bfeb5b,ff357861a0053b817523940844e8d285a915e3aa22051b26a102cf5be7ecfef6,64184e229b263107bc2b804c6625db1341ff2bb731874b0bcc2fe6544e0bc9ff,352112640,3.945810699951835,
-wny0OAz3g8$_$9,-wny0OAz3g8,9,"He explores why Black and White Americans tend to have such different outcomes in terms of income, education, and more",a084cdf552bb692d0b81cec2a9a8934d59e731294245b9ca6945b2057d85ad66,-wny0OAz3g8/9.mp4,b76f70fe783ee76bf1b637137226c98e67d13a6b15ec725894175b36cd76a136,827334f782b1f242c84ad944a657bc7f7c63643f71ae9c977811a3eecdd3ab33,6.213021,70595f899fe527eef6e9b9e98108df1b38b385569b7936a51cb1b3f12551042d,PASS,features/-wny0OAz3g8___9.npz,33c623c153f3ed65c9c32428a4d8f3d5c4ed46ae886af509f77977df3975d9b5,166122,text|audio|video,6.2,"{""audio_native"": 25, ""text_word"": 768, ""video_native"": 52, ""word_audio_mean_std"": 50, ""word_vision_mean_std"": 104}",20,600,183,UNCERTAIN_REVIEW,clip,not_asserted,clip_only,1,1,1,1,-1,1,1,1,1,20,0,20,0,0,0.0,6.0435,0.0,6.2,0.0,6.0435,ef451953badced2ed112ba4ffb997f9d2a7e7c444a09e8092665eadd9f24109e,4066801753f5b2a2402a46e231cc1f85fd52a5970e937644b99fc1cbb3bfeb5b,ff357861a0053b817523940844e8d285a915e3aa22051b26a102cf5be7ecfef6,64184e229b263107bc2b804c6625db1341ff2bb731874b0bcc2fe6544e0bc9ff,351813632,3.318715799949132,
-yRb-Jum7EQ$_$1,-yRb-Jum7EQ,1,"it comes with the assistance and agitation of states and regimes, Yesterday Iran announced that it will finance the families of the terrorists and murderers this shows that Iran, even after the nuclear agreement, is continuing to aid terrorism, including Palestinian terrorism, Hezbollah terrorism and its assistance to Hamas.",186478d349023d371d864220c1660ce8d987b36f2972f5cd5d87c4db145a180a,-yRb-Jum7EQ/1.mp4,2f16da1baa8660e5bfc608f5237cdd59725d16e57a19bc02c4556cd2c7129a46,827334f782b1f242c84ad944a657bc7f7c63643f71ae9c977811a3eecdd3ab33,29.288021,bff7d49404f52a4b43c74eb1ad56221b73dc0007d301e49b7149e68dc41b9664,PASS,features/-yRb-Jum7EQ___1.npz,0691018961cc2f24a895b671f8c399fc01143c82a5925afae977ea0a46042541,563829,text|audio|video,29.26666666666667,"{""audio_native"": 25, ""text_word"": 768, ""video_native"": 52, ""word_audio_mean_std"": 50, ""word_vision_mean_std"": 104}",49,2906,875,UNCERTAIN_REVIEW,clip,not_asserted,clip_only,1,1,1,1,-1,1,1,1,1,49,0,49,0,0,0.0,29.10975,0.0,29.26666666666667,0.0,29.10975,ef451953badced2ed112ba4ffb997f9d2a7e7c444a09e8092665eadd9f24109e,4066801753f5b2a2402a46e231cc1f85fd52a5970e937644b99fc1cbb3bfeb5b,ff357861a0053b817523940844e8d285a915e3aa22051b26a102cf5be7ecfef6,64184e229b263107bc2b804c6625db1341ff2bb731874b0bcc2fe6544e0bc9ff,360353792,13.190953399986029,
-yRb-Jum7EQ$_$5,-yRb-Jum7EQ,5,"Yesterday Eliav Gelman lost his life in another terrorist attack, not by the students of terrorism, but by those who teach terrorism, a Palestinian teacher.",b1a7dcd8cb1edbff14e18c0dc9112def22b9df68e883121fbc3fd46aecec92e7,-yRb-Jum7EQ/5.mp4,6d6145293cf84d1fc8324dfa8d39465e2d7fc07affb67ff68deeabf6e3c410d9,827334f782b1f242c84ad944a657bc7f7c63643f71ae9c977811a3eecdd3ab33,13.16901,eade80b486607dca782d3ed9503e6094e2efc36803bc5f47659d03a0571bb9bf,PASS,features/-yRb-Jum7EQ___5.npz,0580e6e2e12a0bd0568f658019ed7f9eb5ba1633833d3e192d3d76803c29d22e,279212,text|audio|video,13.166666666666666,"{""audio_native"": 25, ""text_word"": 768, ""video_native"": 52, ""word_audio_mean_std"": 50, ""word_vision_mean_std"": 104}",25,1300,394,UNCERTAIN_REVIEW,clip,not_asserted,clip_only,1,1,1,1,-1,1,1,1,1,25,0,25,0,0,0.0,13.0445625,0.0,13.166666666666666,0.0,13.0445625,ef451953badced2ed112ba4ffb997f9d2a7e7c444a09e8092665eadd9f24109e,4066801753f5b2a2402a46e231cc1f85fd52a5970e937644b99fc1cbb3bfeb5b,ff357861a0053b817523940844e8d285a915e3aa22051b26a102cf5be7ecfef6,64184e229b263107bc2b804c6625db1341ff2bb731874b0bcc2fe6544e0bc9ff,357498880,6.1147732000099495,
-yRb-Jum7EQ$_$6,-yRb-Jum7EQ,6,"Therefore, the world needs to stand with Israel against this incitement, which is the number one cause of terrorism.",690765e3eb74923649edcafbfefc787f38ec6562d44f5bf52af1d246a416b8d2,-yRb-Jum7EQ/6.mp4,b51eb9ad06de804934cb6a315de591ba9ff7f8aa71bffff7f8001ab29945d989,827334f782b1f242c84ad944a657bc7f7c63643f71ae9c977811a3eecdd3ab33,11.241995,bf0b4471ab900f35f77539dfd153c70a75cadbf1a25671ddba33c71360c4f83f,PASS,features/-yRb-Jum7EQ___6.npz,96bc0b8057f2755188ed750e8edd3e4342ff88e77599e767ee78c183c7cb1ac3,228578,text|audio|video,11.2425625,"{""audio_native"": 25, ""text_word"": 768, ""video_native"": 52, ""word_audio_mean_std"": 50, ""word_vision_mean_std"": 104}",19,1120,336,AV_VALID_TEXT_UNALIGNED,clip,confirmed_mismatch,unavailable,1,1,1,1,1,1,1,1,1,19,0,19,0,0,0.0,11.2425625,0.0,11.2,0.0,11.2,ef451953badced2ed112ba4ffb997f9d2a7e7c444a09e8092665eadd9f24109e,4066801753f5b2a2402a46e231cc1f85fd52a5970e937644b99fc1cbb3bfeb5b,ff357861a0053b817523940844e8d285a915e3aa22051b26a102cf5be7ecfef6,64184e229b263107bc2b804c6625db1341ff2bb731874b0bcc2fe6544e0bc9ff,351731712,5.4443679000250995,
